Instruction,5716
Management,4092
Risk assessment,3679
Storage,3338
Schedule,2790
Compliance,2472
Cost,2379
Fault,2252
Promote,1949
Installation,1485
Training,1437
Cleaning,1409
Inspection,1401
Consumables,1305
Machinery,1278
Food,1173
Parameter,1166
Repair,1147
Transport,1125
Hand tool,1040
Welfare,993
Sustainability,961
Permit,932
Iso,881
Ventilation,863
Calibration,829
Tolerance,821
History,787
Work efficiently,730
Age,728
Cable,720
Information systems,688
Power tool,667
Packaging,665
Lighting,648
Collection,616
Sales,590
Make decision,566
First aid,565
Initiative,553
Food safety,545
Listen,538
Panel,521
Sort,513
Adhesive,511
Cleanliness,505
Craft,502
Scheme,499
Education,494
Calculation,491
Anatomy,487
Vision,484
Lock,478
Book,463
Marketing,462
Explosive,454
Audit,449
Test equipment,444
Risk management,443
Physiology,438
Iso standard,421
Switch,418
Comment,400
Record keeping,396
Mental health,395
Survey,394
Listening,391
Voltage,384
Production schedule,364
Environmental legislation,363
Wiring,360
Contingency plan,359
Power supply,357
Production process,354
Identify opportunity,345
Engine,345
Composite,342
Template,339
Floor,339
Acting,336
Aviation,324
Sealant,320
Tank,319
Insulation,314
Database,311
Consultant,309
Music,308
Interpret drawing,301
Supply chain,300
Transformer,299
Maximum,296
Mould,289
Thermal,289
Therapy,288
Trial,288
Gasket,288
Alteration,285
Innovation,282
Hair,281
Proof,278
Trauma,278
Instrumentation,276
Informed consent,274
Machining,272
Sketch,271
Moulding,266
Process control,262
Drilling,262
Battery,262
Camera,258
Environmental protection,253
Mod,252
Engineering activity,252
Civil aviation authority,250
Housekeeping,249
Logistics,248
Transaction,245
Electrostatic discharge,240
Machine tool,238
Synthesis,238
Articulate,236
Welding,233
Proactive,228
Creativity,220
Learning disability,217
Editing,216
Aviation safety,216
Additive,213
Transporting,212
Body language,212
Composition,210
Military aviation,207
Infection control,206
Electrical connection,206
Central,206
Smooth,206
Machine setting,205
Socket,198
Spring,198
Aftercare,195
Coupling,195
Brake,194
Direct current,192
Service provision,191
Injection,190
Solvent,190
Capture,188
Information sharing,188
Script,188
Estimating,187
Soldering,186
Emergency services,185
Visual inspection,184
Empower,181
Advertising,181
Public service,179
Business process,179
Costing,178
Archive,177
Religious belief,177
Manufacturing process,176
Edit,176
Cooperation,175
Unloading,174
Civil,172
Fluid power,171
Information security,169
Layer,168
Coordinate,167
Listen actively,166
Warning sign,164
Acquisition,164
Sorting,163
Roof,162
Coat,161
Laser,159
Environmental issue,159
Levelling,157
Tunnel,157
Corporate governance,156
Learning style,155
Pricing,153
Intellectual property,152
Prescription,151
Contraindication,148
React,148
Cooking,147
Overhead line,147
Weld,145
Traceability,145
Simulation,145
Validation,145
Sand,144
Nutrition,144
Ceramic,144
Deck,144
Fear,144
Active listening,143
Particle,143
Projection,142
Printing,141
Waste management,141
Stock control,139
Environmental policy,139
Glazing,139
Shipyard,138
Human development,137
Resource management,136
Library,134
Smart,134
Benchmarking,133
Mentoring,133
Electrical systems,133
Data collection,133
Advisory,132
Breakage,131
Game,129
Drainage,128
Logic,128
Yield,128
Foreign object damage,127
Input output,126
Cutter,126
Coordinating,125
Anchor,125
Process specification,125
Instruct,125
Dispatch,124
Bakery,124
Unload,123
Recipe,123
Time management,123
Quotation,122
Energy efficiency,122
Pathology,121
Hoist,120
Micrometer,120
Process equipment,120
Compression,119
Change management,119
Environmental regulation,119
Iron,119
Cost benefit analysis,119
Bulletin,117
Inside plant,117
Treatment planning,116
Traffic management,116
Error message,116
Trunking,115
Bridge,114
Broadcast,114
Polish,113
People work,113
Emergency shutdown,113
Printer,112
Animal welfare legislation,111
Freight,111
Grain,110
Catalogue,109
Child protection,109
Performance management,107
Empowerment,106
Painting,105
Social services,105
Coordination,104
Timeline,104
Time constraint,104
Cosmetic,104
Radiation protection,103
Interpersonal skill,103
Livestock,102
Switchgear,102
Maintain equipment,102
Social medium,102
Cabling,102
Condition dementia,101
Statistic,101
Child development,101
Information governance,101
Mentor,101
Pulley,100
Flange,100
Resourcing,99
Surgery,98
Winch,98
Transmission systems,98
Grammar,97
Environmental health and safety,97
Leadership style,97
Forecasting,96
Target market,96
Equipment maintenance,96
Surveillance,96
Service level agreement,95
Booking,95
Clutch,95
Masonry,94
Hazard identification,93
File format,93
Furnishing,92
Chamfer,91
Business strategy,90
Poultry,90
Manifold,90
Primer,90
Teamwork,89
Universal,89
Recruit,89
Audit trail,89
Politics,89
Nozzle,89
Sawing,88
English,88
Wax,88
Acoustic,88
Community development,88
Electrical wiring,88
Circuit diagram,87
Braking,87
Textile,87
Instructing,87
Turbine,87
Workflow,86
Electrical connector,86
Fuse,86
Porosity,85
Training programme,85
Muscle,84
Power generation,84
Geometry,84
Maintenance and repair,84
Sharpening,84
Show empathy,84
Ageing,84
Disciplinary procedure,83
Piston,82
Electrode,82
Auditing,82
Market research,82
Software development,82
Support colleague,82
R,81
Decontamination,81
Biosecurity,81
Flux,81
Medical device,80
Spreadsheet,80
Airworthiness,79
Quality audit,79
Carbon steel,79
Workplace health and safety,78
Home care,78
Civil engineering,78
Set objective,78
Scanner,78
Data management,78
Mapping,77
Ballast,77
Vehicle systems,77
Plaster,77
Prospect,77
Costume,77
Stack,77
Exhibition,76
Boiler,76
Equipment cleaning,76
Scanning,76
Business planning,76
Peripheral device,76
Version control,75
Business analysis,75
Mobility,75
Crop,74
Indexing,74
Criminal justice,74
Filtration,73
Coolant,73
Mortar,72
Salt,72
Welding equipment,72
Written communication,71
Rehabilitation,71
Spelling,71
Sewing,71
Adaptability,71
Logging,70
General practitioner,70
Aseptic,69
Psychology,69
Season,69
Invoice,69
Score,69
Knowledge management,69
Machine operation,69
Hairdressing,69
Spline,69
Chassis,69
Mechanical systems,69
Interlock,68
Photography,68
System design,68
Fibre optic,68
Supply chain management,68
Damp,68
Service improvement,68
Recruiting,68
Equity,67
Heat exchanger,67
Screw thread,67
Maintenance repair,67
Electrical control,67
Patent,67
Social network,67
Circuit breaker,66
Transplant,66
Jet,66
Render,66
Erosion,66
Landscape,66
Business model,65
Regulatory compliance,65
Television production,65
Phenolic,65
Adoption,65
Pressure test,65
J,65
Business marketing,64
Law enforcement,64
Radio frequency,63
Avoid contamination,63
Bridging,63
Material process,63
Welding procedure specification,63
Skin type,63
Player,62
Lathe,62
Auto,62
Broadcasting,62
Clean equipment,61
Solder,61
Protractor,61
Environmental monitoring,61
Clinical practice,60
Solar panel,60
Wildlife,60
Multimeters,60
Public relations,60
Elevation,59
Site inspection,59
Tile,59
Impact assessment,59
Project stakeholder,59
Advise customer,59
Environmental management,59
Hook,59
Visual effect,59
Demolition,58
Massage,58
Branding,58
Guide others,58
High voltage,57
Electrolysis,57
Motorsport,57
Progress report,57
Product development,57
Shear,57
Estimator,57
Policy development,57
Performance review,57
Data acquisition,56
Resource planning,56
Hair product,56
Flash,56
Throughput,56
Motorcycle,56
Animation,56
Storage systems,56
Thermocouple,56
Hand signal,55
Insurance market,55
Settlement,55
Anaesthetic,54
Telecommunication,54
Verbal communication skill,54
Self care,54
Contract law,54
Technical drawing,54
Group dynamic,53
Propulsion,53
Optimisation,53
Propeller,53
Report writing,53
Sprocket,53
Monitor activity,53
Proofing,52
Breathing apparatus,52
Mobile phone,52
Ventilation systems,52
Lapping,52
Door frame,51
Property right,51
Logic probe,51
Passenger transport,51
Marketing communications,51
Differential,50
Diabetes management,50
Town planning,50
Lift truck,50
Employment law,50
Process engineering,49
Smoothing,49
Pool,49
Energy consumption,49
Aperture,49
Frying,49
Cast iron,49
Experiment,48
Application process,48
Product design,48
Special effect,48
Aseptic technique,48
Career development,48
Cooling systems,48
Promotional material,48
Exploitation,48
Payment method,48
Mast,48
Feasibility study,48
Building services engineering,48
Social justice,47
Woodworking,47
Workplace health safety,47
Social work,47
Infusion,47
Signal generator,47
Scope statement,47
Information audit,47
Ole,47
Systems design,47
Energy management,46
Good clinical practice gcp,46
Mill,46
Environmental model,46
Reamer,46
Control panel,46
Systems development,46
Computer numerical control cnc,45
Fundraising,45
Reagent,45
Numeracy,45
Business continuity,45
Shipping,45
Deformation,45
Personal injury,45
Manage budget,45
Data entry,45
Grinding wheel,45
Team building,45
Physic,44
Telemetry,44
Adhesive bonding,44
Macro,44
Audit report,44
Curl,44
Anti money laundering,44
Word processing,44
Negotiation skill,44
Cost control,44
Sharpen,43
Insulin,43
Assistive technology,43
Glaze,43
Due diligence,43
Ingres,43
Immunosuppression,43
Grinder,43
Motor control,43
Security policy,43
Engineering support,43
Work order,43
Asepsis,43
Prosecution,43
Rolling stock,42
Plan schedule,42
Music publishing,42
Derive,42
Shackle,42
Pressure vessel,42
Tablet,42
Waste reduction,42
Organise information,42
Interlocking,42
Flooring,42
Dance,42
Equipment selection,42
Fuel systems,41
Ionising radiation,41
Root cause analysis,41
Water quality,41
Stroke,41
Cropping,41
Meet deadline,41
Strategic planning,41
Soffit,41
Pollution prevention,41
Protein,40
French,40
Plotter,40
Life support,40
Building control,40
Inert gas,40
Process design,40
Thermostat,40
Inverter,40
Incident report,40
Staff development,40
Give constructive feedback,40
Outsourcing,40
Consolidation,40
Ethical code,39
Fusion welding,39
Lymphatic,39
Vehicle maintenance,39
Care planning,39
Medical terminology,39
Music industry,39
Alternator,39
Cultural diversity,39
Nuclear safety,39
Batch production,39
Power plant,39
Retinopathy,39
Workstation,39
Forging,39
Wildlife management,38
Colour theory,38
Risk register,38
Functional requirement,38
Silver,38
Six sigma,38
Performance improvement,38
Thinning,38
Therapeutic intervention,38
Aspect ratio,38
Configuration management,38
It support,38
Chemical composition,38
Soil type,38
Services sector,37
Manage resource,37
Geology,37
Design management,37
Fall protection,37
Petroleum,37
Surgical procedure,37
Slope,37
Scada,37
Decorating,37
Manifest,37
Dialysis,37
Gather data,37
Plumbing,36
Thread insert,36
Environmental sustainability,36
Freight forwarding,36
Dry run,36
Illustration,36
New product development,36
Injector,36
Furnace,36
Market trend,36
Ergonomics,35
Interact with others,35
Immune system,35
Pressure testing,35
Prognosis,35
Objective setting,35
Present report,35
Capacitor,35
Axle counter,35
Soldering iron,35
Signal box,35
Identify training need,35
Set target,34
Embed,34
Detergent,34
Global system for mobile communications,34
Sales strategy,34
Spell,34
Windlass,34
Peer review,34
Bilingual,34
Condenser,34
Stakeholder engagement,34
Blister,34
Linen,34
Injection moulding,34
Fuel gas,33
Case management,33
Business operations,33
Petrissage,33
Thruster,33
Change request,33
Marketing material,33
Liner,33
Dye,33
Mediation,33
Food preparation,33
Network engineering,33
Effleurage,33
Asset management,33
Conflict resolution,33
Prepare report,33
Visual merchandising,33
Component design,32
Toxicity,32
Conflict management,32
Learning support,32
Embedding,32
Production line,32
Civil aviation,32
Nylon,32
Financial planning,32
Project design,32
Power distribution,32
Decorate,32
Abutment,32
Roofing,32
Rendering,32
Remote monitoring,32
Salvage,32
Facility management,32
Vaccination,32
Mechanical assembly,31
Alternating current,31
Financial management,31
Gloss,31
Axle,31
Rectifier,31
Short circuit,31
Intranet,31
Sheet metal,31
Intercom,31
Quarry,31
Spool,31
Laundry,31
Hydraulics,31
Electronic circuit,31
Seafood,31
Illegal substance,31
Biology,31
Tiling,31
Reservation,31
Water treatment,31
Site manager,31
Drama,30
Interactive medium,30
Manage care,30
Sample preparation,30
Etching,30
Mono,30
Investment performance,30
Ventilation equipment,30
Encryption,30
Scriber,30
Live performance,30
Merchandising,30
Data quality,30
Heating systems,30
Deficit,30
Composer,30
Arc welding,30
Hydrocarbon,30
Lifelong learning,30
Investment strategy,30
Autoclave,29
Welding symbol,29
Trench,29
Multimedia,29
Curl hair,29
Financial analysis,29
Medical assistance,29
Headset,29
Skin care,29
Refund,29
Stonemasonry,29
Filler metal,29
Combination texture,29
Security regulation,29
Fabric type,29
Need assessment,29
Cushion,29
Land use,28
Sterility,28
Inland water,28
Plastering,28
Modulation,28
Corporate social responsibility,28
Static electricity,28
Indirect cost,28
Wetting,28
Politeness,28
Renewable energy,28
Resistor,28
Waveform,28
Modem,28
Derivative,28
Requirement specification,28
Primary care,28
Nursing,27
Tutor,27
Refractory,27
Ammunition,27
Limit switch,27
Design and construction,27
Audit process,27
Strategic management,27
Recording format,27
Delegated authority,27
Risk appetite,27
Search engine,27
Standard deviation,27
Procurement contract,27
Sales plan,27
Stencil,27
Median,27
Critical care,27
Hand hygiene,27
Digital data,27
Waterproof,27
Silicone,27
Payment schedule,26
Swot analysis,26
Colour matching,26
Process improvement,26
Invoicing,26
Preventive maintenance,26
Biodiversity,26
Negative feedback,26
Pedal,26
Engineering design,26
Natural resource,26
Effective listening,26
Aluminium alloy,26
Fascia,26
Design construction,26
Exercise programme,26
Puff,26
Loans,26
Brainstorming,26
Consultation method,25
Sewage treatment,25
Fire service,25
Bucket,25
Systems analysis,25
Artisan,25
Performance appraisal,25
Critical thinking,25
Newsletter,25
Hydraulic fluid,25
Full life cycle,25
Newspaper,25
It management,25
Hydration,25
Contact lens,25
Adapt to change,25
Grinding machine,25
Negligence,25
Data integrity,25
Mock ups,25
Seasoning,25
Vhf radio,25
Financial control,25
Civil law,24
Laboratory equipment,24
Direct marketing,24
Billing,24
Good governance,24
Reproducibility,24
Royalty,24
Firewall,24
Biochemistry,24
Antenna,24
Planning permission,24
Learning development,24
Social marketing,24
Welsh,24
Low voltage,24
Hardening,24
Create environment,24
Subsystem,24
Caption,24
Circular saw,24
Intelligence gathering,24
Production management,24
Sound effect,24
Scaling,23
Hypertension,23
Scraper,23
Reflector,23
Process adjustment,23
Visual design,23
Forestry,23
Economics,23
Digital image,23
Carbon footprint,23
Customer accounts,23
Woodwork,23
Stress management,23
Phonetics,23
Vehicle inspection,23
Drive shaft,23
Microscope,23
Voltmeter,23
File management,23
Health informatics,23
Surfacing,23
Boring tool,23
Ethical conduct,22
Workforce planning,22
Electric motor,22
Motivate others,22
Authentication,22
Multiplexing,22
Sound quality,22
Inhibitor,22
Optical component,22
Keypad,22
Hair colour,22
Attenuation,22
Grilling,22
Eye contact,22
Travel arrangement,22
Expansion joint,22
Site survey,22
Throttle,22
Radiography,22
Human resource management,22
Local geography,22
Verification and validation,22
Control temperature,22
Organisation structure,22
Casting defect,21
Contract management,21
Tiller,21
Flow testing,21
Marketing mix,21
Present evidence,21
Data audit,21
Forge,21
Alternative fuel,21
Language barrier,21
Interference fit,21
Key performance indicator kpis,21
Production planning,21
Plasterboard,21
Technical theatre,21
Paragraph,21
Endoscopy,21
Internal combustion engine,21
Clipper,21
Shareholder,21
Outdoor activity,21
Logbook,21
Outsource,21
Image resolution,20
Systems engineering,20
Wholesale,20
Denture,20
Medical emergency,20
Jetty,20
Stockpile,20
Gas turbine,20
Benefit analysis,20
Danish,20
Machine set,20
Energy supply,20
Arbitration,20
Fuel pump,20
Weathering,20
Histogram,20
Legal compliance,20
Splicing,20
Personality disorder,20
Requirement analysis,20
Voucher,20
Tagging,20
Lacquer,20
Dimension stone,20
Material selection,20
Financial transaction,20
Labour market,20
Transport planning,20
Feather,20
Prioritise action,20
Endoscopic procedure,20
Toolroom,20
Water distribution,20
Secure environment,20
Zoom,19
Controlled area,19
Stratifying,19
Dielectric,19
Excavator,19
Dredging,19
Chemical hazard,19
Public transport,19
Hvac,19
End mill,19
Advertising sales,19
Cost analysis,19
Audio production,19
Continuous production,19
Chemical reaction,19
Skinning,19
Intelligence analysis,19
Aeration,19
Microbiology,19
Balance sheet,19
Social medium platform,19
Assist customer,19
Construction management,19
Motivational interviewing,19
Sap,19
Refinishing,19
Promote inclusion,19
Asset protection,19
Powder coating,19
Litigation,19
Strategic partnership,19
Delamination,18
Stratum,18
Persuasion,18
Annual report,18
Moulder,18
Emotional distress,18
Event management,18
Programming language,18
Physical design,18
Display device,18
Organise training,18
Statistical method,18
Airflow,18
Succession planning,18
Intensive care,18
Sludge,18
Constitution,18
Hybrid systems,18
Maintain machinery,18
Supplier evaluation,18
Schematic diagram,18
Chemistry,18
Research design,18
Drive mechanism,18
Stylus,18
Flowchart,18
Tax credit,18
Drill bit,18
Anchoring,18
Dna,18
Chemotherapy,18
Workforce development,18
Vacuum forming,18
Technical textile,18
Water resource,18
Covenant,17
Systems management,17
Child support,17
Lesion,17
Prospective client,17
Human intelligence,17
Obesity,17
Meeting deadline,17
Permitting,17
Statistical process control,17
Financial statement,17
Innovate,17
Digestive system,17
Identify goal,17
Insulator,17
Altitude,17
Carbon reduction,17
Credit management,17
Animal specie,17
Memo,17
Physical fitness,17
Cad cam,17
Professional liability,17
Trust law,17
Triangulation,17
Repair defect,17
Strain gauge,17
Graphic design,17
Pharmacist,17
Ultrasound,17
Public opinion,17
Think creatively,17
Target platform,17
Dispatching,17
Waterproofing,17
Entry point,17
Team leading,16
Middleware,16
Marshal,16
Quantification,16
Coefficient,16
Landscaping,16
Material design,16
Business to business,16
Collect sample,16
Information retrieval,16
Request form,16
Interoperability,16
Hydrology,16
Nuclear technology,16
Asset allocation,16
Blood sample,16
Factor analysis,16
Interpret plan,16
Sell product,16
File structure,16
Testimony,16
Develop objective,16
Calculator,16
Expert witness,16
Scripting,16
Ass customer,16
Depreciation,16
Archaeology,16
Biomass,16
Microprocessor,16
Tachograph,16
Label sample,16
Digital imaging,16
Seismology,16
Customer relationship management,16
Decking,16
Marshalling,16
Idiom,16
Varicose vein,16
Reverse osmosis,16
Electric arc,16
Electrolyte,16
Oxidation,16
Trend analysis,16
Spectroscopy,16
Distillation,15
Systems architecture,15
Engineering project,15
Clinical trial,15
Building management,15
Hacksaw,15
Broadband,15
Design review,15
Restorative justice,15
Energy systems,15
Gutter,15
Medic,15
Inclinometer,15
Data structure,15
Kaizen,15
Steroid,15
Sales promotion,15
Retail sales,15
Dynamometer,15
Prism,15
Bakery ingredient,15
Compositing,15
Forward planning,15
Medical record,15
Infectious disease,15
Layering,15
Manage data,15
Systemic approach,15
Coin,15
Roasting,15
Sample collection,15
Family support,15
Research report,15
Wildlife habitat,15
Clean surface,15
Broadcast equipment,15
Spot welding,15
Tapotement,15
Hydrogen peroxide,15
Radiographic testing,15
Court procedure,15
Contract negotiation,15
Contour line,14
Agriculture,14
Income tax,14
Chemical reactor,14
Frame rate,14
Information assurance,14
Oral healthcare,14
Metallurgy,14
Accrual,14
Stewing,14
Hovercraft,14
Operating system software,14
Credit facility,14
Circulate information,14
Inertia,14
Pharmacology,14
Soap,14
Surface finishing,14
Loss prevention,14
Thinking creatively,14
Psychopathology,14
Seminar,14
Business acumen,14
Lead others,14
Hair colouring,14
Database management,14
Remuneration,14
Security testing,14
Monitoring result,14
Data architecture,14
Trademark,14
Regimen,14
Football,14
Mailing list,14
Personal care,14
Food science,14
Service desk,14
Sales support,14
Psychotherapy,14
Oil pressure,14
Cut fabric,14
Management information systems,14
Notch,14
Air navigation,14
Troubleshoot,14
Audition,14
Technical assistance,14
Handle waste,13
Texturing,13
Alternative energy,13
Visual c,13
System monitoring,13
Biological material,13
Petty cash,13
Aviation fuel,13
Heart rate,13
Warehouse management systems,13
Body weight,13
Office equipment,13
Time series,13
Simplex,13
Phased array,13
Laser cutting,13
Procurement strategy,13
Mathematical modelling,13
Exfoliation,13
Customer focussed,13
Pricing strategy,13
Compression fitting,13
Cost management,13
Haulage,13
Plasma cutting,13
Tutoring,13
Data transmission,13
Labeling,13
Energy reduction,13
Energetic,13
Precipitation,13
Surface water,13
Bitmap,13
Behavioural problem,13
Print production,13
Boost,13
Oral hygiene,13
Swaging,13
Business administration,13
Truth table,13
Punctuality,13
Immunisation,13
Natural gas,13
Hardboard,13
Frequency modulation,13
Avionics,13
Carpentry,13
Health check,13
Multiplexer,13
Systemic therapy,13
Tell a story,13
Post processing,13
Positive pressure,13
Quality auditing,13
Vacuum pump,13
Learning theory,13
Behavioural therapy,13
Flaw detection,13
Dig,12
Coordinate measuring machine cmm,12
Data cable,12
Retrofit,12
Cannula,12
Manage participant expectation,12
Sales forecast,12
Electrical parameter,12
Electrical discharge,12
Ski,12
Product knowledge,12
Plant specie,12
Pest disease,12
Packaging process,12
Block diagram,12
Splice,12
Licence regulation,12
Orifice plate,12
Typing,12
Punching machine,12
Differential diagnosis,12
Satisfy customer,12
Pneumatics,12
Fishery management,12
Press release,12
Haemodialysis,12
Pathophysiology,12
Electromagnetism,12
Patient care,12
Etch,12
Pilotage,12
Manage staff,12
Geographic area,12
Liver,12
Kiosk,12
Patient safety,12
Receive goods,12
Site investigation,12
Mass production,12
Latex,12
Ladder logic,12
Cardiovascular fitness,12
Cardiovascular system,12
Drive vehicle,12
Unpack,12
Cloud computing,12
Chemical process,12
Interrogation,12
Textile material,12
Mosaic,12
Mobile application,12
Fingerprint,12
Call sign,12
Rip saw,12
Biopsy,12
Antibody,12
Proprioception,12
Oil filter,12
Couple,12
Maintenance engineering,12
Dermabrasion,12
Dishwasher,12
Engineering software,12
Epidemiology,12
Anxiety disorder,12
Crystal,12
Bicycle,12
Foreign language,12
Focal length,12
Employment contract,12
Copyright legislation,12
Closed loop,12
Fuel injection,12
Equation,12
Policy evaluation,12
Musical genre,12
Software testing,12
English language,12
Substance abuse,12
Stator,12
Nail art,12
Film stock,12
Environmental impact assessment,12
Reactivity,12
Metabolism,12
Systems integration,12
Data mining,12
Evaporator,12
Control chart,12
Telephony,11
Semiconductor,11
Diving,11
Technical reference,11
Dentistry,11
Perioperative,11
Osmosis,11
Flow test,11
Chinese,11
Box plot,11
Legibility,11
Relationship building,11
Network protocol,11
Material plan,11
Burnishing,11
Audio equipment,11
Terrain vehicle,11
Tailstock,11
Cascading,11
Autologous,11
Process management,11
Truncation,11
Metrology,11
Experimental design,11
Unpacking,11
Emergency repair,11
Cremation,11
Management reporting,11
Bank statement,11
Osteoporosis,11
Financial instrument,11
Camouflage,11
Tattoo,11
Plastic welding,11
Joint venture,11
Closing sales,11
Administrative support,11
Physical restraint,11
Credit control,11
Heavy equipment,11
Garbage disposal unit,11
Gilding,11
Digital design,11
Health and safety compliance,11
Timecode,11
Chain drive,11
Bit depth,11
Health screening,11
Adipose tissue,11
Accelerometer,11
Circuit testing,11
Steady state,11
Secretion,11
Dosimetry,11
Helical gear,11
Electrical machine,11
Medium relations,11
Thread cutting,11
Temperature measurement,10
Qualitative analysis,10
Thermoforming,10
Malnutrition,10
Kanban,10
Mechanical engineering,10
Usb,10
Typography,10
Content management,10
Iso iec,10
Pattern match,10
Catheterisation,10
Experimentation,10
Blood transfusion,10
Traffic light,10
Capital market,10
Shared resource,10
Algebra,10
Graining,10
Lithography,10
Till,10
Wind turbine,10
Drug interaction,10
Conciliation,10
Stipple,10
Manage supplier,10
Network support,10
Obsolescence,10
Reconstruction,10
Hydrotherapy,10
Identify task,10
Refraction,10
Produce sample,10
Operability,10
Creative design,10
Arboriculture,10
Customer relationship management crm,10
Linear variable differential transformer,10
Urinalysis,10
Hairnet,10
Hedge,10
Cardiac rehabilitation,10
Flexography,10
Soak test,10
Speed feed,10
Handle complaints,10
It strategy,10
Air filter,10
Lighting fixture,10
Investment decision,10
Electronic control unit,10
Market segmentation,10
Noise reduction,10
Power steering,10
Internal communications,10
Genetics,10
Contact customer,10
Chemical structure,10
Prioritise request,10
Chilled water,10
Inlay,10
Woodworking machine,10
Proofreading,10
Workspace,10
Amplitude,10
Drug administration,10
Cognitive impairment,10
Toxicology,10
Syntax,10
Sleep pattern,10
Orthotics,10
Capital expenditure,10
Spyware,10
Torque converter,10
Industrial design,10
Bearing capacity,10
Experiential learning,10
Plumb bob,10
Aerosol,10
Transport policy,10
Stepper motor,10
Augmented reality,9
Merger acquisition,9
Ingot,9
Water testing,9
Polling,9
Cinematography,9
International law,9
Revocation,9
Acupuncture,9
Midi,9
Encoding,9
Instrument calibration,9
Chemical peel,9
Liquid oxygen,9
Supplier management,9
Interview technique,9
Well control,9
Graft,9
Pelvic floor,9
Hazardous goods,9
Meteorology,9
Animation software,9
Bare metal,9
Pultrusion,9
Franchise,9
Trustworthy,9
Strategic development,9
Information architecture,9
Sheave,9
Tanning,9
Bookkeeping,9
New venture,9
Carbonation,9
Surface grinding,9
Track geometry,9
Embolism,9
Periodisation,9
Medium format,9
Arithmetic,9
Financial reporting,9
Assembly line,9
Interactivity,9
Medium strategy,9
Technical sales,9
Phishing,9
Ironing,9
Incubator,9
Air brake,9
Lean manufacturing,9
Dissection,9
Kevlar,9
Retail operations,9
Digital recording,9
Long range navigation loran,9
Portfolio management,9
Record label,9
Structural design,9
Event planning,9
Artificial nail,9
Set design,9
Colour grading,9
Grill,9
Girder,9
Jpeg,9
Forensic science,9
Dicing,9
Dysphagia,9
Aromatherapy,9
Working capital,9
Algae,9
Scalpel,9
Liquid penetrant testing,9
Personnel management,9
Test script,9
Sales cycle,9
Harden,9
Access network,9
Investment management,9
Systems evaluation,9
Contract review,9
Screen size,9
Embossing,9
Trigger point,9
Property management,9
Dry riser,9
Prevention programme,9
Surveillance radar,9
Performance analysis,9
Telesales,9
Store goods,9
Follow reporting procedure,9
Deep drawing,9
Hot spot,9
Debridement,9
Drilling rig,9
Damping,9
Team management,9
Water injection,9
Financial market,9
Animatronics,9
Artificial insemination,9
Chef,9
Hardware component,9
Diagnostic imaging,9
Voltage regulator,9
Testimonial,9
Infusion pump,9
Cluster,9
Cinema,9
Product test,9
Nervous systems,9
Instant messaging,9
Response rate,8
Support volunteer,8
Document review,8
Hybrid vehicle,8
Hormone,8
Factorial,8
Delegate authority,8
Developmental delay,8
Sexual health,8
Evaluate events,8
Childbirth,8
Account management,8
Training material,8
Problem management,8
Compliance audit,8
Task analysis,8
Hospice,8
Field survey,8
Fishing gear,8
Transistor,8
Induction heating,8
Greenhouse,8
Disease control,8
Mainframe,8
Endoscope,8
Injury prevention,8
Concept development,8
Interaction design,8
Commodity,8
Atmospheric pressure,8
Deal with uncertainty,8
Sensitivity analysis,8
Treatment preparation,8
Bluetooth,8
Search engine optimisation,8
Cast metal,8
Foundry,8
Industrial process,8
Note taking,8
Apply primer,8
Die casting,8
Visual flight rule,8
Tax return,8
Studio recording,8
Work independently,8
Residual stress,8
Knurling,8
Intangible asset,8
Bulk cargo,8
Instrument control,8
Swift,8
Database software,8
Data validation,8
Building design,8
Multitasking,8
Business systems,8
Style hair,8
Usability testing,8
Network service,8
Technical illustration,8
Foot problem,8
Business business,8
Customer focus,8
Game engine,8
Material move,8
Physiotherapy,8
Social medium site,8
Barge,8
Magnification,8
Virtual environment,8
Inventory management,8
Record keep,8
Order product,8
Abrasive blasting,8
Identify supplier,8
Signal strength,8
Frostbite,8
Desoldering,8
Web browser,8
Information share,8
Noise control,8
Rehabilitation services,8
Rainwater harvesting,8
Configuration item,8
Industrial engineering,8
Supplier selection,8
White paper,8
Gestational diabetes,8
Ladder diagram,8
Streamline,8
Build effective relationship,8
Establish trust,7
Reference application,7
Pr strategy,7
Product management,7
Relational database,7
Sculpt,7
Marketing operations,7
Product demonstration,7
Instrument flight rule,7
Report maintenance,7
Feathering,7
Hire purchase,7
Veterinary medicine,7
Scoop,7
Traffic maintenance,7
Network hardware,7
Services marketing,7
Payroll processing,7
Palliative care,7
Proofread,7
Sketching,7
Computer program,7
Surgical instrument,7
Geographic information system gi,7
Electrical code,7
Forth,7
Waste treatment,7
Subroutine,7
Home business,7
Dozer,7
Creative industry,7
Heat gun,7
Disease prevention,7
Brake fluid,7
Commenting,7
Digital audio,7
Mechanical failure,7
Maintain mechanical equipment,7
Attend meeting,7
Variance analysis,7
Cold chain,7
Lifeboat,7
Environmental law,7
Data manipulation,7
Application support,7
Enterprise resource planning erp,7
Freedom of information act,7
Weight loss,7
Value stream mapping,7
Frequency counter,7
Device driver,7
Crisis management,7
Transcoding,7
Culturally sensitive,7
Horticulture,7
Data visualisation,7
Product testing,7
Interface design,7
Embedment,7
Heat sink,7
Thermal insulation,7
Metadata standard,7
Loss mitigation,7
Environmental emergency,7
Brand strategy,7
Food service operations,7
Design software,7
Surface roughness,7
Unique selling proposition,7
Space management,7
Hand saw,7
Forklift truck,7
Microdermabrasion,7
Trial balance,7
Cellulite,7
Market analysis,7
Set priority,7
Control limit,7
Wound management,7
Adapter,7
Install software,7
Managed property,7
Memory stick,7
Content creation,7
Anaphylaxis,7
Tender offer,7
Lead team,7
Clinical feature,7
Decode,7
Wiring installation,7
Vehicle electrical systems,7
National curriculum,7
Crop production,7
Amino acid,7
Trenching,7
Clip art,7
Brittleness,7
Electrical engineering,7
Digital asset,7
Strategic thinking,7
Azimuth,7
Energy policy,7
Chromatography,7
Hearing aid,7
Peritoneal dialysis,7
Dewatering,7
Strategic sourcing,7
Wireless network,7
Histocompatibility,7
Product availability,7
Emergency support,7
Windshield,7
Process test,7
Contract administration,7
Oculus,7
Judicial review,7
Maintain costume,7
Fluorescence,7
Electrical equipment component,7
Tomography,7
Profit target,7
Voltage drop,7
Package package,7
Database query,7
Remove debris,7
Pareto analysis,7
Propane,7
Cushioning,7
Logic control,7
Food delivery,7
Revenue stream,7
Biomaterial,7
Spa treatment,7
Water filter,6
Lifecycle management,6
Cheminformatics,6
Relational operator,6
Design verification,6
Virtual team,6
Air pollution control,6
Management information systems mi,6
Readability,6
Busbar,6
Legislation procedure,6
Defensive driving,6
Circuit design,6
Lecture,6
Judiciary,6
Net profit,6
Qualitative research,6
Betting,6
Passenger service,6
Prepare raw material,6
Fire door,6
Mechanical ventilation,6
Paramedic,6
Network security,6
Credit risk,6
Product recall,6
Infertility,6
Gross margin,6
Sales presentation,6
Gross profit,6
Job cost,6
Tail lift,6
Direct sales,6
Hand pump,6
Truthful,6
Total quality management,6
Descriptive statistic,6
Apply flux,6
Lead a team,6
Cut key,6
Ohm's law,6
Database design,6
Discounted cash flow,6
Camshaft,6
Periscope,6
Rapid prototyping,6
Honing,6
Consult information source,6
Metal heat treatment,6
Security test,6
Center,6
Measure material,6
Electrical schematic,6
Thesaurus,6
Maintainability,6
Histamine,6
Agility,6
Supervise child,6
Funnel,6
Project commissioning,6
Internet security,6
Solve technical problem,6
Indirect tax,6
Record format,6
Land registration,6
Confrontational,6
Deafness,6
Membrane roofing,6
Interpersonal communications,6
Pie chart,6
Order supply,6
Photomultiplier,6
Synopsis,6
Document management,6
Pharmacokinetics,6
Putty,6
Salvaging,6
Briquette,6
Decoding,6
Installation repair,6
Musical instrument,6
Direct tax,6
Product promotion,6
Pain management,6
Help desk support,6
Shallow frying,6
Electrical load,6
Health education,6
Butane,6
Goal oriented,6
Mix concrete,6
Programme management,6
Electrical work,6
Keyboard shortcut,6
Precious metal,6
Hoisting equipment,6
Disaster planning,6
Notching,6
Rope lashing,6
Patient treatment,6
Traffic sign,6
Shortening,6
Woodworking tool,6
Marine propulsion,6
Problem analysis,6
Devise strategy,6
Key frame,6
Chair meeting,6
Aquaculture,6
Paraffin,6
Taping,6
Property fabric,6
Stratify,6
Radioactive waste,6
Triage,6
Print medium,6
Camera lens,6
Injunction,6
Sales report,6
Radiopharmaceutical,6
Blood sugar,6
Medication administration,6
Data warehousing,6
Cyber security,6
Life skill,6
Brachytherapy,6
Big data,6
Compliance auditing,6
Copywriting,6
Still camera,6
Data modelling,6
Heat treat,6
Legal documentation,6
Order processing,6
Supercharger,6
Tupe,6
Toilet training,6
Community relations,6
Energy conservation,6
Mental health assessment,6
Cell cycle,6
Rna,6
Prepayment,6
Park vehicle,6
Radioactive isotope,6
Program file,6
Documentation type,6
Electric vehicle,6
Brand identity,6
Glaucoma,6
Compose music,6
Paint surface,6
Customer retention,6
Shingle,6
Ceramic ware,6
Report pollution incident,6
Web application,6
Data dictionary,6
Phobia,6
Nursing home,6
Promote yourself,6
Pressure drop,6
Typology,6
Stock inventory,6
Bioinformatics,6
Eviction,6
Emission test,6
Computer virus,5
Legal support,5
Guitar,5
Transpose,5
Organisational skill,5
Cell growth,5
Barcodes,5
Earthwork,5
Basic research,5
Shaft alignment,5
Bending moment,5
Emission testing,5
Press brake,5
Cable installation,5
Health safety standard,5
Physical therapy,5
Stud welding,5
Assist passenger,5
Boat building,5
Original equipment manufacturer,5
Effective coach,5
Sterilization,5
Fundraise,5
Cylindrical grinding,5
Greenhouse gas,5
Payload,5
Information systems security,5
Tensioners,5
Browsing,5
Disease treatment,5
Gridlines,5
Missing data,5
Handle conflict,5
Data verification,5
Cellular manufacturing,5
Executive sponsor,5
Soil structure,5
Unload equipment,5
Reconnaissance,5
Tobacco product,5
Insider threat,5
Migration,5
Toileting,5
Video editing,5
Involve volunteer,5
Reverse osmosis plant,5
Stock solution,5
Percutaneous coronary intervention,5
Fine motor skill,5
Implement project,5
Condensing boiler,5
Halide,5
Learning curve,5
Guttering,5
Shotgun,5
Dive,5
Nibbler,5
Record test data,5
Hydrography,5
Mowing,5
Strict liability,5
Data archive,5
Computed tomography ct,5
Risk management framework,5
Audio format,5
Genome,5
Telecommunication network,5
Software test,5
Pintle,5
Soot blower,5
Circuit test,5
Mail order,5
Web server,5
Apply change management,5
Psychological intervention,5
Water test,5
Policy analysis,5
G standard,5
Chemical analysis,5
Movement technique,5
Maintain electrical equipment,5
Set generator,5
Calculate benefit,5
Discharge planning,5
Security market,5
Geographic information systems,5
Sentry,5
Somatic,5
Cascade,5
Join metal,5
Herbicide,5
Vector graphic,5
Medium campaign,5
Calculus,5
Professional audio,5
Reputational risk,5
Constipation,5
Defibrillation,5
Facility maintenance,5
Process manufacturing,5
Retirement planning,5
Position sensor,5
Digital evidence,5
Requirement elicitation,5
Product research,5
Type approval,5
Pattern matching,5
Failure cause,5
Backup and restore,5
Wireline,5
Lumber,5
Debug,5
Laboratory information management system lims,5
Paint sprayer,5
Active treatment,5
Domain model,5
Blueprint,5
Portfolio investment,5
Bleaching,5
Label component,5
Prepare order,5
Computer operating systems,5
Sales skill,5
Instruct others,5
Digital production,5
Centrifugation,5
Proprietary format,5
Arc flash,5
Reinforce positive behaviour,5
Living condition,5
Pr agency,5
Compliance training,5
Cartilage,5
Sound editing,5
Crowd control,5
Refractometer,5
Handle mail,5
Product delivery,5
Locomotive,5
Apheresis,5
Confidence interval,5
Lighter,5
Foreign exchange,5
Category management,5
Warehouse operations,5
Angiography,5
Petrochemical,5
Minilab,5
Intermediate product,5
Invasive procedure,5
Follow code,5
Map reading,5
Digital forensics,5
Building performance,5
Laboratory procedure,5
Latin,5
System implementation,5
Dynamic simulation,5
Engineering research,5
Braille,5
Upselling,5
Manual metal arc welding,5
Handle chemical,5
Nephrectomy,5
Improvisation,5
Boiler water,5
Seabed,5
Video conferencing,5
Project closure,5
Granulation,5
Business law,5
Electromagnetic spectrum,5
Triangle,5
Adware,5
Medium coverage,5
Canvassing,5
Customer segmentation,5
Global positioning systems,5
Virus protection software,5
Roast,5
Prototyping,5
Fractionation,5
Static pressure,5
Surveillance method,5
Renovation,5
Limiter,5
Acoustic emission,5
Capacity management,5
Dental instrument,5
Ignition timing,5
Mammography,5
Liquefied natural gas,5
Supplemental type certificate,5
Reciprocity,5
Water content,5
Data science,5
Style sheet,5
Microscopy,5
Frequency response,4
Desktop publishing,4
Organise storage facility,4
Resin casting,4
Maintain ground,4
Network performance,4
Occupational therapy,4
Seawater,4
Drug treatment,4
Chromosome,4
Medical diagnosis,4
Rotorcraft,4
Telecare,4
Electronic design,4
Rewire,4
German,4
Curriculum development,4
Press material,4
Proximity sensor,4
Classify information,4
Hydraulic brake,4
Intrapartum,4
Sporting events,4
Renal dialysis,4
Peritoneal,4
Collective bargaining,4
Set tolerance,4
Operate emergency equipment,4
Artistic development,4
Abstraction,4
Sprinkler systems,4
Lookup table,4
Dynamic balance,4
Electronic engineering,4
Diabetes mellitus,4
Book entry,4
Tcp ip,4
Butt welding,4
Pilate,4
Quantitative research,4
Salinity,4
Incident command systems,4
Accept constructive criticism,4
Swag,4
Emergency preparedness,4
Emergency care,4
Ride horse,4
Bandsaw,4
Deep freeze,4
Screen printing machine,4
Message format,4
Makaton,4
Computer security,4
Monitor livestock,4
Judge performance,4
Condition management,4
Bone density,4
Management training,4
Decontamination unit,4
Renewable energy systems,4
Information security audit,4
Megaphone,4
Perforation,4
Salon management,4
Community planning,4
Social accountability,4
Budget analysis,4
Management accounting,4
Laser safety,4
Cut glass,4
Strategic marketing,4
Die cutting,4
Family therapy,4
Griddle,4
Silicon carbide,4
Pack goods,4
Transcribe,4
Run chart,4
Land management,4
Disease management,4
Rotary table,4
Consumer law,4
Orthographic projection,4
Marketing channel,4
Natural resource management,4
Electronic countermeasure,4
Field marketing,4
Receptor,4
Sensitometry,4
Facility design,4
Remove paint,4
Ferrule,4
Heat stroke,4
Autotransformer,4
Image editing,4
Property maintenance,4
Move animal,4
Smoking cessation,4
Hole punching,4
Photolithography,4
User generated content,4
Exothermic reaction,4
Secondary surveillance radar,4
Fixed platform,4
Antioxidant,4
Blood donation,4
Magnetic tape,4
Codecs,4
Singing,4
International business,4
Embryo,4
Door hinge,4
External auditor,4
Receivables,4
Sustainable design,4
Handle incident,4
Weld procedure specification,4
Firebreak,4
Disaster recovery planning,4
Outlier,4
Supplier review,4
Manage project information,4
Business research,4
Dutch,4
Information literacy,4
Audit technique,4
Ballet,4
Engineering management,4
Money management,4
Balance spring,4
Deep vein thrombosis,4
Mobility aid,4
High integrity,4
World wide web,4
Pascal,4
Blogging,4
Pressure sensor,4
Intellectual property law,4
System architecture,4
Wire wrap,4
Cystoscopy,4
Vat return,4
Issue licence,4
Lip sync,4
Treasury,4
Medical research,4
Spawning,4
Solution architecture,4
Colloid,4
Data feed,4
Transfer fish,4
File transfer protocol ftp,4
Proposal writing,4
Aircraft interior,4
Electrophoresis,4
Breakout box,4
Atrial fibrillation,4
Folk dance,4
Memory card,4
Social bookmarking,4
Segment architecture,4
Accession,4
Debugging,4
Grease trap,4
Directional drilling,4
Sediment,4
Elementary mathematics,4
Planishing,4
Heat treating,4
Understand instruction,4
Combustor,4
Osteopathy,4
Select type,4
Document delivery,4
Paraphrase,4
Diesel engine,4
Asphalt plant,4
Cryopreservation,4
Suspicious activity report,4
Private property,4
Digital marketing,4
Bankruptcy,4
Radiographic test,4
Cytology,4
Claims procedure,4
Cross sell,4
Working remotely,4
Geomorphology,4
Respiratory disease,4
Dog walking,4
Patch test,4
Basic pattern,4
Alkali,4
Environmental test,4
Tailing,4
Airplay,4
Certification accreditation,4
Evaluate training,4
Cut wire,4
Proxy server,4
Burnish,4
Drug development,4
External auditing,4
Low vision device,4
Decision analysis,4
Tape recorder,4
Flammable fluid,4
Paint stripper,4
Meet commitment,4
Digital printing,4
Data conversion,4
Continuous casting,4
Fuel efficiency,4
Network topology,4
Medical imaging,4
Solvency,4
Business process modelling,4
Internet service provider isp,4
Manage feedback,4
Electrical safety regulation,4
Unstructured data,4
Design tool,4
Pressure measurement,4
Echo sounding,4
Environmental engineering,4
Topology,4
New medium,4
Chronic obstructive pulmonary disease,4
Systems model,4
Trace element,4
Gild,4
Pigging,4
Mincing,4
Centrifugal force,4
Archival research,4
Core product,4
Jazz,4
Sales planning,4
Drainage district,4
Six sigma methodology,4
Electronic resource,4
Antifreeze,4
Body mass index bmi,4
Subculture,3
Fishery legislation,3
Pad printing,3
Satellite imagery,3
Surface planer,3
Drill press,3
Strategic leadership,3
Wireless router,3
Make effort,3
Method production,3
Paraphrasing,3
Collect mail,3
Employee engagement,3
Key code,3
Garage door,3
Medium production,3
Unix,3
Duplex,3
Impaired glucose tolerance,3
Original equipment manufacturer oem,3
Delegate effectively,3
Immunology,3
Dry method,3
Terrazzo,3
Essential oil,3
Chain link,3
High performance computing,3
Trigonometry,3
Cut wood,3
Machine learning,3
Music video,3
Smoke detector,3
Structure text,3
Foreign key,3
Eye surgery,3
Archive file,3
Ductility,3
Industrial coating,3
Fingerspelling,3
Request for proposal rfp,3
Identify improvement action,3
Referential integrity,3
Operations analysis,3
Kosher meat,3
Door security,3
General ledger,3
Prioritise task,3
Shaper,3
Sales analysis,3
Maintenance scheduling,3
Capacity demand,3
Spider,3
Bioavailability,3
Investment analysis,3
Joint replacement,3
Shop fitting,3
Trajectory,3
Electronic test equipment,3
Decoupling,3
Lexicon,3
Adapt it,3
Controlled vocabulary,3
Polymerase chain reaction pcr,3
Health research,3
Reference range,3
Markdown,3
Centering,3
Operate pump,3
Privacy impact assessment,3
Sawmill,3
Liquidation,3
Train dog,3
Sales forecasting,3
Immigration law,3
Digital signal,3
Georgian,3
Clinical trial protocol,3
Environmental compliance,3
Downstream processing,3
Gantry crane,3
Occupational health and safety,3
Train horse,3
Geodesy,3
Work model,3
Systems implementation,3
Edger,3
Energy production,3
Diversity awareness,3
Essential fatty acid,3
Capital gain,3
Form field,3
Tacit knowledge,3
Investment planning,3
Polarization,3
Circulatory systems,3
Failure mode effect analysis fmea,3
Creative writing,3
Action button,3
Release note,3
Audiology,3
Promotional marketing,3
Composting,3
Nuclear weapon,3
Crafting,3
Literature review,3
Digital audio workstation,3
Job evaluation,3
Photomontage,3
Variety of cheese,3
Copy edit,3
Food services,3
Meta tag,3
Allergy test,3
Wire speed,3
Persist,3
Motility,3
Gymnastics,3
Shale,3
Fluid balance,3
Jury selection,3
Patient assessment,3
Constructability,3
Coping saw,3
Desktop shortcut,3
Early adopter,3
Raster graphic,3
Obtain sponsorship,3
Observational technique,3
Elastomer,3
Hr policy,3
Essential services,3
Open source software,3
Inlet manifold,3
Structural load,3
Prince,3
Office administration,3
Slip ring,3
Control game,3
Immunotherapy,3
Audio sampling,3
Supervise work,3
Personal profile,3
Psychographic,3
Portfolio analysis,3
Transaction processing,3
Recreation activity,3
Podiatry,3
Flatbed,3
Datasheets,3
Sales management,3
Electronic warfare,3
Compatibility testing,3
Medical physic,3
Boosting,3
Safety code,3
Graphic communication,3
Oil chemical,3
Software feature,3
Volatile organic compound,3
Radiobiology,3
User setting,3
Book sales,3
Chargeback,3
Corrugated stainless steel tubing,3
Ultrasonic welding,3
Muscle contraction,3
Hardness test,3
Transcribing,3
Medium planning,3
Work area maintenance,3
Promote animal,3
Fan coil unit,3
First floor,3
Tipped tool,3
Water sampling,3
Blender,3
Cognitive behavioural therapy,3
Pulse generator,3
Hospital admission,3
Homeopathy,3
Podcast,3
Crisis intervention,3
Audit risk,3
Screed concrete,3
Positron emission tomography,3
Buckling,3
Staff management,3
Update budget,3
Health programme,3
Regulatory document,3
Irish,3
Direct investment,3
Leachate,3
Computer keyboard,3
Camcorder,3
Storyboarding,3
Health economics,3
Lay brick,3
Fit door,3
Horse training,3
Logical operator,3
Control area,3
Damage waiver,3
Retention rate,3
Customer profitability,3
Coining,3
Pedagogy,3
Wellbore,3
Security patrol,3
Backlog,3
Account reconciliation,3
Sales promotion technique,3
Social structure,3
Condition diabetes,3
Process testing,3
Efficient transportation,3
Psychiatry,3
Constant contact,3
Caliper,3
Team lead,3
Human reliability,3
Funeral services,3
Greek,3
Keep note,3
Criminal procedure,3
Dyeing,3
Robotics,3
Urban design,3
Animal position,3
Stippling,3
Amputation,3
Cash handling,3
Purchase requisition,3
Therapy services,3
Pinhole,3
Control panel component,3
Reflectivity,3
Investment trust,3
Unity,3
C gas,3
Data corruption,3
Traffic law,3
Psychiatric disorder,3
Shear strength,3
Metal powder,3
Autofill,3
Consumer research,3
Lockstitch,3
Software maintenance,3
Slice fish,3
Analyse issue,3
Music production,3
Handle timber,3
Chakra,3
Content management systems,3
Privacy law,3
Ontology,3
Critical mass,3
Histology,3
Landscape design,3
Ferret,3
Community education,3
Gemstone,3
Voltage regulation,3
Plain text,3
Inventory control,3
Prevent theft,3
Work quickly,3
Financial forecasting,3
Discussion group,3
Sight glass,3
Compaction roller,3
Environmental mitigation,3
Live broadcast,3
Therapeutic procedure,3
Glass transition,3
Maintain privacy,3
Computer animation,3
Value proposition,3
Finnish,3
Fuel cell,3
Usher,3
Sanitation,3
Audience participation,3
Blindness,3
Battery pack,3
Tattooing,3
Identify prop,3
Image library,3
Quicktime,3
Revolving door,3
Denaturation,3
Embryology,3
Franchising,3
Manage habitat,3
Mulch,3
Natural history,3
Internet protocol,3
Overlock,3
Job costing,3
Test case,3
Graphic software,3
Monitor treated fish,3
Paint shop,3
Cope with pressure,3
Ratio analysis,3
Aerodynamics,3
Exercise test,3
Anemometer,3
Case method,3
Clinical development,3
Digital mapping,3
Electromagnet,3
Subrogation,3
Relaxation technique,3
Brief volunteer,3
Surround sound,3
Sandbag,3
Type aircraft,3
Home management,3
Promote sustainability,3
Screw type,3
Work remotely,3
Farm management,3
Venture capital,3
Business correspondence,3
Children's health,3
Observe confidentiality,3
Thinking process,3
Load secure,3
Cash flow analysis,3
Serology,3
Measure ph,3
Linux,3
Business communication,3
Collimator,3
Reflux,3
Wave soldering,3
Franking,3
Cultural history,3
Threaded insert,3
Wholesaling,3
Crystallization,3
Identify abnormality,3
Transitional care,3
Transplanting,3
Pallet racking,3
Autonomation,3
Delegate activity,3
Aftersales,3
Steel frame,3
Follow direction,3
Aircraft handler,3
Cable laying,3
Data cabling,2
Fluvial,2
Voting right,2
Curation,2
Campaign monitor,2
Linear regression,2
Endurance training,2
Cold calling,2
Diesel particulate filter,2
Proactive maintenance,2
Water consumption,2
Hydrographic survey,2
Operate radio equipment,2
Territory management,2
Liquid fire,2
Audio electronics,2
Microphone technique,2
Failure mode effect analysis,2
Exterior cleaning,2
Magnetic resonance imaging mri,2
Business intelligence,2
Animal breeding programme,2
Audience segmentation,2
Read map,2
Environmental analysis,2
Execution time,2
Macular degeneration,2
Airworthiness certificate,2
Gross income,2
Echocardiography,2
Trade agreement,2
Public law,2
Hardware and software configuration,2
Maintain trust,2
Dermatology,2
Spectrometry,2
High dynamic range,2
Basic block,2
Equipment order,2
International organization,2
Wine blending,2
Wrongful dismissal,2
User profile,2
Plastic resin,2
Treat wood,2
Supplier relationship management,2
Sell ticket,2
Timing device,2
Future exchange,2
Preventive medicine,2
Share resource,2
Sport events,2
Mould chocolate,2
Metal spinning,2
Trading systems,2
Microscopic examination,2
Probiotic,2
Electrophoretic deposition,2
Interstitial,2
Alternative investment,2
Network installation,2
Use microphone,2
Vicarious liability,2
High performance liquid chromatography,2
Warp knitting,2
Market data,2
Pinto,2
Progressive enhancement,2
Drivetrain,2
Communications protocol,2
Vehicle brake,2
Customer service training,2
Executable,2
Drink service operations,2
Project collaboration,2
Continuous availability,2
Persuade others,2
Auditing standard,2
Net income,2
Interview people,2
European union law,2
Aircraft marshalling signal,2
Conceptual framework,2
Spss,2
Environmental reporting,2
Digital signature,2
Steam trap,2
Policy governance,2
Drive carriage,2
User control,2
Assist teacher,2
Railhead,2
Compliance reporting,2
Supportive care,2
Web analytics,2
Working quickly,2
Window function,2
Drill pipe,2
Erosion control,2
Compost,2
Search warrant,2
Novation,2
Contingency table,2
Expected return,2
Work train,2
Cryengine,2
Scientific theory,2
Marketing copy,2
Electronic point of sale,2
Radio network,2
Repossess goods,2
Rail infrastructure,2
Parking brake,2
Script writing,2
Hypnosis,2
Auctioneer,2
Preventive care,2
Petrol engine,2
Spooling,2
Domestic heating systems,2
Motion blur,2
Bristle,2
Demand forecasting,2
Front office,2
Forge weld,2
Radio advertisement,2
Dental examination,2
Shape nail,2
Fourier transform infrared spectroscopy,2
Treadle,2
Internal auditing,2
Parental control,2
Reinsurance,2
Create character,2
Aerator,2
Operate crane,2
Film coating,2
Undertake inspection,2
Remove roof,2
Magnetic storage,2
Facility operations,2
Redline,2
Calender,2
Hydrogenation,2
Aluminum,2
Quartile,2
Fluoroscopy,2
Company house,2
Design fabric,2
Unpaid invoice,2
Pattern grading,2
Musical notation,2
Family tree,2
Behaviour therapy,2
Programming tool,2
Consumer debt,2
Kinesiology,2
Cochlear implant,2
Commercial law,2
Component engineering,2
Nail gun,2
Hardware platform,2
Forge welding,2
Can bus,2
Port regulation,2
Airway management,2
Manual testing,2
Vignetting,2
Normalise data,2
Grant application,2
Draft legislation,2
Operational reporting,2
Botulinum toxin,2
Corrosive substance,2
Retail setting,2
Pyrolysis,2
Child benefit,2
Clapperboard,2
Electroforming,2
Travel planning,2
Retention period,2
Private law,2
Dosage form,2
Irradiation,2
Liquidity management,2
Audiovisual equipment,2
Cell culture,2
Court reporting,2
Time complexity,2
Application environment,2
Signal light,2
Plastic pipework,2
Business write,2
Stock checking,2
Light microscope,2
Manage test,2
Fell tree,2
Complex sales,2
Ethernet,2
Strategic analysis,2
Rapide,2
Feed livestock,2
Digital radiography,2
Defect tracking,2
Filament winding,2
Machine press,2
Tell story,2
Develop organisational structure,2
Congruence,2
Exhaust manifold,2
Radiation therapy,2
Hr strategy,2
Quantitative analysis,2
Matte painting,2
Prophylaxis,2
School transport,2
Mural,2
Air brush,2
Boiler room,2
Digital negative,2
Borescope,2
Accounts receivable,2
Electromagnetic radiation,2
Press coverage,2
Liability law,2
Champagne,2
Response surface methodology,2
Wave propagation,2
Fusion splicing,2
Harvest crop,2
Sociology,2
Internet marketing,2
Promote healthy lifestyle,2
Open format,2
Visual d,2
Tax law,2
Youth activity,2
Funding method,2
Software installation,2
Immunoglobulin,2
Emission standard,2
Electrical discharge machining,2
Adobe imageready,2
Metar,2
Site selection,2
Adobe photoshop,2
Usability test,2
Wireless application protocol wap,2
Eyelash extension,2
S expression,2
Dietetics,2
Forging process,2
Price markdowns,2
Sand casting,2
Anticipate need,2
Forceps,2
System shutdown,2
Wafer fabrication,2
Overcurrent protection,2
Apply tape,2
Realplayer,2
Safe mode,2
Secure crane,2
Use solvent,2
Ionizing radiation,2
Manage volunteer,2
Art direction,2
Vocal music,2
Dc motor,2
Gas chromatography,2
Turntable,2
Anodising process,2
Golf,2
Demography,2
Digital compositing,2
Massage therapy,2
G code,2
Circular knitting,2
Steel conduit,2
Electronic circuit design,2
Apple xcode,2
Physical demand,2
Gusset plate,2
Global sourcing,2
Glasgow coma scale,2
Maintain mould,2
Vehicle dynamic,2
Stock keeping unit,2
Condition respiratory condition,2
Content development,2
Compatibility test,2
Pneumothorax,2
Capital gain tax,2
Remote computing,2
Peening,2
Sterilization technique,2
Gel electrophoresis,2
Highway maintenance,2
Asp,2
Public speaking,2
Communications programme,2
International financial reporting standard,2
Virtual learning environment,2
Image intensifier,2
Flight planning,2
Present menu,2
Child s health,2
Analgesic,2
Pipe laying,2
International sales,2
Water sample,2
Pressure washer,2
Reengineering,2
Aerial photography,2
Maya,2
Heat shield,2
Smart card,2
Remove excess glue,2
Audio codecs,2
Expert systems,2
Closing entry,2
Observe shot,2
Cosmetic surgery,2
Web standard,2
Mind mapping,2
Monitor fishery,2
Valve stem,2
Process booking,2
Aircraft record,2
Repoint,2
Stock valuation,2
Investment theory,2
Process validation,2
Structure interview,2
Recirculation systems,2
Decouple,2
Spawn,2
Brand management,2
Idea generation,2
Payroll administration,2
Use case diagram,2
Well design,2
Management consultancy,2
Job analysis,2
Reiki,2
Helicopter operations,2
Resaw,2
Restrain individual,2
Serve wine,2
Time horizon,2
Talent management,2
Viscoelasticity,2
Mince,2
Hydraulic press,2
Material science,2
Scara,2
Bank reconciliation,2
Collaborative skill,2
Coiled tubing,2
Dispose of hazardous waste,2
Seal mechanical,2
Footprinting,2
Case statement,2
Public finance,2
Disassemble equipment,2
Web development,2
Metallic bonding,2
Cart,2
Deck operations,2
Air traffic management,2
Exploratory data analysis,2
Morse code,2
Weed control,2
Tutorial,2
Urination,2
Horse riding,2
Occupational exposure limit,2
Sepsis,2
Tilling,2
Bioreactors,2
Management consulting,2
Slide show,2
Conveyancing,2
Open water,2
Rivet type,2
Radiology,2
Microscopic technique,2
Typesetting,2
Adjudication process,2
Estimate distance,2
Fixed asset register,2
Dry dock,2
Platelet,2
Hooking,2
Investor relations,2
Film industry,2
Telemedicine,2
Mass balance,2
Applied mathematics,2
Rheology,2
Breast cancer,2
Deflation,2
Indexer,2
Cook fish,2
Load securing,2
Operant conditioning,2
Load equipment,2
Laser tracker,2
Format conversion,2
Public folder,2
Frequency changer,2
Recruit member,2
File extension,2
Psychological testing,2
Operational intelligence,2
Bentonite,2
Hoisting,2
Gastronomy,2
Water conservation,2
Biomarkers,2
Data table,2
Tax deduction,2
Yoga,2
Statistical modelling,2
Backplanes,2
Iodine value,2
Statistical package,2
Aliasing,2
Optical waveguide,2
Electroform,2
Profilers,2
Dumpy level,2
Temporary restoration,2
Developmental disorder,2
Paper machine,2
Message strategy,2
Collect fare,2
Medical management,2
Fossil fuel,2
Decide priority,2
Temporary file,2
Interpass temperature,2
Business presentation,2
Insertion loss,2
Population dynamic,2
Electron microscopy,2
Film editing,2
Business solution,2
Hone,2
Microwave oven,2
Denitrification,2
Client management,2
Financial literacy,2
Blogger,2
Data warehouse,2
Responsible gambling,2
Business communications,2
Cut machine,2
Proteinuria,2
Dog training,2
Suggest revision,2
Purlins,2
Dental technology,2
Home network,2
Vacuum form,2
Exercise sport,2
Bottling line,2
Search form,2
Scooping,2
Prosthetic device,2
Flight safety,2
Sql,2
Staf,2
Window treatment,2
Virtual memory,2
Biotechnology,2
Calorimetry,2
Use abrasive wheel,2
Semen collection,2
Show responsibility,2
Internet fax,2
Video capture,2
Clinical report,2
Trade show,2
Sequence diagram,2
Brand design,2
Present solution,2
Conversion coating,2
Site map,2
Statutory law,2
Computer maintenance,2
Economic analysis,2
Map projection,2
Online marketing,2
Technology research,2
Load shedding,1
Environmental study,1
Electrotherapy,1
Sample statistic,1
Patrol area,1
Wavefront,1
Wound dress,1
Transceiver,1
Sound card,1
Epicyclic gearing,1
Cash management,1
Statutory accounts,1
Antialiasing,1
Type conversion,1
Calculate commission,1
Product lifecycle management plm,1
Sport equipment,1
Romanian,1
Surpass,1
Heat shielding,1
Create mood board,1
Model set,1
Plan shot,1
Bulk density,1
Analyse image,1
Community radio,1
Mechatronics,1
Wireless communications,1
Query language,1
Prompt performer,1
Well completion,1
Blood culture,1
Geological survey,1
Restructuring business,1
Compiler,1
Vehicle audio,1
Pneumatic tube,1
Unload cargo,1
Bacteriology,1
Issue permit,1
Commercial litigation,1
Post write,1
Formability,1
Instruction delivery,1
Employee satisfaction,1
Solar collector,1
Systems biology,1
Copy editing,1
Ion source,1
Graphic animation,1
Label printer,1
Horse care,1
Parenteral nutrition,1
Hand knit,1
Hoist equipment,1
Cutting wood,1
Organizational structure,1
Transfer chemical,1
Tubing hanger,1
Decision support systems,1
External dependency,1
Product improvement,1
Shrink wrap,1
Scatter plot,1
Visualization,1
Steam generator,1
Adipose,1
Apply mathematics,1
Natural language processing,1
Pro tool,1
Telehealth,1
Virtual event,1
Podcasting,1
Google,1
Oral surgery,1
Strategic communication,1
Machine code,1
Battery fluid,1
Survey design,1
Remove predator,1
Building code,1
Methanol,1
Basic carpentry,1
Animal reproduction,1
Birth certificate,1
Eclampsia,1
Facebook,1
Large format,1
Cnc router,1
Pleural,1
Building inspection,1
Reliability testing,1
Robot end effector,1
Brunoise,1
Seamer,1
Edge device,1
Clean carcass,1
Pharmaceutical manufacturing,1
Read manuscript,1
Caesarean section,1
Polish stone surface,1
Hazardous waste type,1
Negotiate price,1
Nephrostomy,1
Type wood,1
Thread wire,1
Workplace relationship,1
Legal research,1
Simple data,1
Property management systems,1
Abscess,1
Metastasis,1
Freewheel,1
Flexible type,1
Gazebo,1
Capital employed,1
Adverse drug reaction,1
Library management,1
Assist emergency,1
Web site development,1
Fact sheet,1
Regression testing,1
Contact angle,1
Corporate law,1
Bank tax,1
Submersible pump,1
Market penetration,1
Bilge pump,1
Air freight,1
Numerical sequence,1
Feedback control,1
Outcrop,1
Install lighting,1
Sieve analysis,1
Theatre production,1
Linux administration,1
Graphite,1
Scalability,1
Read book,1
Install container,1
Extranet,1
Refinish,1
Gold plating,1
Fourier transform,1
Trace people,1
Vcalendar,1
Restorative dentistry,1
Rapid prototyping software,1
Search algorithm,1
Atherosclerosis,1
Blackboard,1
Synchro,1
Psychoeducation,1
Cultivator,1
Application development,1
Market pricing,1
Materiel,1
Diaphragm pump,1
Monitor field,1
Pour concrete,1
Food packaging,1
Computer aided design cad software,1
State machine,1
Moving average,1
Numeric input,1
Collaborative software,1
Line chart,1
Charity shop,1
Zbrush,1
Zoonotic disease,1
Hardfacing,1
Ip address,1
Emergent technology,1
Document write,1
Artificial intelligence,1
Rigid body,1
Mechanical design,1
Pattern recognition,1
Vertical alignment,1
Distribution amplifier,1
Character design,1
Asana,1
Wearable,1
Economic model,1
Issue purchase order,1
Abnormal psychology,1
Security analysis,1
Bridge design,1
Affiliate marketing,1
Software architecture,1
Nanofiltration,1
Polish furniture,1
Improvise music,1
Adapt prop,1
Manage cellar operations,1
Operate cash point,1
Luxury goods,1
Analyse own performance,1
Visual marketing,1
Diafiltration,1
Bipolar disorder,1
Vacuum deposition,1
Develop design concept,1
Develop creative idea,1
Supervise the work of cleaning staff,1
Adsorption,1
Preserve sample,1
Drill cutting,1
Kinesthetic learning,1
Fixed asset,1
Notify supervisor,1
Patient discharge,1
Cold store,1
Motor capacitor,1
Velvet,1
Preparation for parenthood,1
Exhibit design,1
Ideation,1
Legal systems,1
Identity document,1
Fluid static,1
Overdose prevention,1
Service level objective,1
Nanotechnology,1
Climb tree,1
Use welding equipment,1
Disability type,1
Direct metal laser sintering,1
Privilege escalation,1
Development study,1
Continuous audit,1
Structured analysis,1
Maintain rope,1
Urinary systems,1
Clinical research ethic,1
Charting software,1
Sound edit,1
Dietary regime,1
Lingo,1
Email marketing,1
Engine problem,1
Order management,1
Ensure patient comfort,1
Branding strategy,1
Paediatrics,1
Bargaining power,1
Sniffer,1
Billing systems,1
Tabular form,1
Pulse oximetry,1
Lock mechanism,1
Environmental health safety,1
Wort boiling process,1
Mechanical advantage,1
Hand gesture,1
Wire installation,1
Adapt set,1
Skype,1
Headworks,1
Epithelium,1
Perl,1
Oracy,1
Reboiler,1
Higher education,1
Parasitology,1
Gun control,1
Operate follow spot,1
Vehicle tracking systems,1
Fixed interest,1
Universal product code,1
Tennis,1
Register visitor,1
Puppet,1
Climate change impact,1
Acute care,1
Assemble goods,1
Disk defragmentation,1
Silvering,1
Accordion,1
Type rating,1
Video production,1
Install lock,1
Marination,1
Project initiation documentation,1
Dry wood,1
Radial arm saw,1
Network forensics,1
Social psychology,1
Brand planning,1
Set camera,1
Pr events,1
Stenciling,1
Breast surgery,1
Printing material,1
Combinational logic,1
Printing technique,1
Single photon emission computed tomography spect,1
Automatic control,1
Private hospital,1
Spleen,1
Electric arc furnace,1
Unicast,1
Share permission,1
Percutaneous endoscopic gastrostomy,1
External fixation,1
Java,1
Steam separator,1
Shiatsu,1
Private network,1
Service pack,1
Weightlifting,1
Laminar flow,1
Mashing process,1
Meat meat product,1
Integrate design,1
Audit management,1
Removable medium,1
Panic disorder,1
Opinion poll,1
Virtual private network vpn,1
Adaptive equipment,1
Assemble camera,1
Store management,1
Spatial filter,1
Wash oil,1
Translational research,1
Heat metal,1
Process integration,1
Stew,1
Psychopharmacology,1
Technical analysis,1
Halal meat,1
Write dialogue,1
Electronic dictionary,1
Repointing,1
Shareware,1
Gift wrapping,1
Autodesk scaleform,1
Qualitative marketing research,1
Typeset,1
Assembler,1
Hot forging,1
Workforce management,1
Collect licence fee,1
Filter wine,1
Corporate communications,1
Clinical testing,1
Type systems,1
Model building,1
Cropper,1
Roadworks,1
Radioactive contamination,1
Visual narrative,1
Automatic update,1
Sales development,1
Serve beer,1
Develop training plan,1
Positive material identification,1
Transport layer security tl,1
Veracity,1
Plant tree,1
Account development,1
Boreholes,1
Lead management,1
Continuous training,1
Holography,1
Operate small craft,1
Image editing software,1
Medication prescription,1
Data cleansing,1
Software engineering,1
Purified water,1
Tax planning,1
Risk matrix,1
Listeria monocytogenes,1
Fuel meter,1
Disaster response,1
Prepare pasta,1
Create invoice,1
Data migration,1
File server,1
Modular building,1
Recovery unit,1
Commercial finance,1
Insulin resistance,1
Record audio material,1
Virology,1
Physiology of hearing,1
Participant observation,1
Main bearing,1
Lens making,1
Create a rhyme scheme structure,1
Eye tracking,1
Installation planning,1
Environmental planning,1
Whole language,1
Continuous delivery,1
Image processor,1
Punch card,1
Table function,1
Ground plane,1
Php,1
Finish costume,1
Laminated object manufacturing,1
Mudbox,1
Fuel system icing inhibitor,1
Create storyboards,1
Green energy,1
Bulgarian,1
Table saw,1
Process refund,1
Line editor,1
Monitor workload,1
Copy write,1
Time series forecasting,1
Revaluation,1
Assemble window,1
Laboratory animal,1
Develop professional network,1
Special character,1
Machine learning algorithm,1
Lua,1
Audit planning,1
Land survey,1
Biodistribution,1
Seed treatment,1
Degasification,1
Piano,1
Behavioural disorder,1
Share capital,1
Semantics,1
Sales letter,1
Landscaping material,1
Reflexology,1
Home repair,1
Inspect scaffolding,1
Death certificate,1
Transportation mode,1
Personal grooming,1
Particulate,1
Marine biology,1
Design building,1
Withholding tax,1
Glucose tolerance test,1
Performance fee,1
Shorten,1
Patient contact,1
Nuclear medicine,1
Human biology,1
Gynaecology,1
Vegetation control,1
News reporting,1
User preference,1
Tensile testing,1
Dismantle scaffold,1
Electrical socket,1
Oocyte,1
Data integration,1
Process simulation,1
Neurology,1
Digital photography,1
Record music,1
Operate printing machinery,1
Toolkits,1
Blind carbon copy,1
Communicate stakeholder,1
Lens make,1
Estate planning,1
Land planning,1
Conformal coating,1
Online help,1
Dynamo,1
Meconium,1
Port management,1
Online research,1
Mopping,1
Mastectomy,1
Backup device,1
Hermetic seal,1
Retinal scan,1
Motion capture,1
Promos,1
Rate limiting,1
Hot tapping,1
Account opening,1
Structured text,1
Easement,1
Create sculpture,1
Graphic tablet,1
Package testing,1
Structured interview,1
Paint set,1
Social inequality,1
Clipping path,1
Block plane,1
Buffer overflow,1
Missile guidance,1
Operate crusher,1
Internet services,1
Analyse energy consumption,1
Mechanical inspection,1
Holism,1
Ice hockey,1
Traffic police,1
Keypoint,1
Livestock reproduction,1
Videoconferencing,1
Molecular sieve,1
Fill mould,1
Prepare rehearsal,1
Music scheduling systems,1
Butterfly valve,1
Offshore drilling,1
Prepare presentation material,1
Acupressure,1
Custom field,1
Actionscript,1
Vessel fuel,1
Clean ventilation system,1
Data compression,1
Project finance,1
Define organisational standard,1
Global marketing,1
Child s physical development,1
One sheet,1
Emulator,1
Pultrusion process,1
Keyword density,1
Surety,1
Promotional mix,1
Automated teller machine,1
Patient monitoring,1
Logic pro,1
Grid connection,1
Colonoscopy,1
Theology,1
View camera,1
Trade union regulation,1
Sound editor,1
Aviation regulation,1
Long cane,1
Retinal,1
Emotionally stable,1
Acid hydrolysis,1
Conduct cleaning task,1
Repair engine,1
Manage property,1
Cash flow forecasting,1
Sonication,1
Class diagram,1
Spectrometer,1
Light fixture,1
Block paving,1
Blood film,1
Ledger account,1
Traffic analysis,1
Zipper,1
Microfiltration,1
Wound dressing,1
Digital mixing console,1
Edge banding,1
Handle harvested fish,1
Hmi,1
Orchestrate music,1
Plyometrics,1
Puppeteer,1
Competitive analysis,1
Analyse script,1
Monitor staff absence,1
Floor buffer,1
Winery production process,1
Audio editing software,1
Electronic data interchange,1
Rail transport,1
Protein structure,1
Cable layout,1
Automotive paint,1
Construct mould,1
Exponential smoothing,1
Planimeter,1
Software bug,1
Phlebotomy,1
Vocal technique,1
Comedy,1
Weather forecasting,1
Physical geography,1
Earth leakage circuit breaker,1
Cubic,1
Systematized nomenclature of medicine,1
Sequential function chart,1
Discrete event simulation,1
Pay per click,1
Organ transplantation,1
Plan permission,1
Flight test,1
Cashier,1
Install operating system,1
Structural drawing,1
Clean technique,1
Flashover,1
Annuity,1
Lysis,1
Financing cost,1
Multivariate testing,1
Web accessibility,1
Permission marketing,1
Pancreas,1
Lame,1
Fashion illustration,1
Unload supply,1
Network routing,1
Image file format,1
Dye fabric,1
Maintain lithographic printing plate,1
Supervise pool activity,1
Injection well,1
Mixed medium,1
Use firearm,1
Cardiomyopathy,1
Laser hair removal,1
Performance bond,1
Adobe illustrator,1
Cultural exchange,1
Monitor contractor performance,1
Family planning,1
Personal firewall,1
Transmission electron microscopy,1
Position drill,1
Analyse gambling data,1
Computer programming,1
Apple final cut pro,1
Assist community,1
Fungicide,1
Film format,1
Information mapping,1
Laser ablation,1
Root canal,1
Documentary film,1
Electric drive,1
Budget planning,1
B standard,1
Video editing software,1
User identification,1
Buyout,1
Mass air flow,1
Cervical screening,1
Sales reporting,1
Cryptography,1
Workgroup,1
Sediment control,1
Secure copy,1
Supervisory skill,1
Bosun,1
Identify lead,1
Watercraft,1
Transects,1
Naturopathy,1
Employee retention,1
Arrange catering,1
Collision avoidance systems,1
Centre lens,1
Children's physical development,1
Subtitle,1
Tire,1
Possession proceeding,1
Forward contract,1
Visual studio,1
Function block diagram,1
Sport injury,1
Oncology,1
Market planning,1
Die cut,1
Maternal health,1
Examine merchandise,1
Well testing,1
Twitter,1
Patient advocacy,1
Japanese,1
Shoemaking,1
Type folder,1
Substance control,1
Monitor satellite,1
Immobiliser,1
Temper chocolate,1
Dredge,1
Public health and safety,1
Dead reckoning,1
Dynamic control,1
Characteristic product,1
Determine boundary,1
Touch typing,1
Boundary spanning,1
Lay tile,1
Order picking,1
Weibull distribution,1
Pipefitting,1
Adapt change,1
Project governance,1
Product defect,1
Condition spinal cord injury,1
Staphylococcus aureus,1
Electron microscope,1
Human ear,1
Flame photometer,1
Telephone skill,1
Sound studio,1
Exercise physiology,1
Unit trust,1
Ipc standard,1
Permanent placement,1
Ultrafiltration,1
Read people,1
Automated external defibrillator,1
Business consultancy,1
Virtual office,1
Adobe freehand,1
Maintain treatment record,1
Workover,1
Geriatrics,1
Telecommuting,1
Foreign exchange market,1
Develop management plan,1
Spectrophotometry,1
Evaporative cooler,1
Smoke sensor,1
Project accounting,1
Equalization,1
Network theory,1
Wireless broadband,1
Excavation technique,1
Inoculation,1
S pdif,1
Retina,1
Laser diode,1
Botany,1
Outplacement,1
Offset printing,1
Mac address,1
Runnable,1
Transition management,1
Livestock specie,1
Trawl,1
Maintain grading equipment,1
Amniotic fluid,1
Kern,1
Ohm s law,1
User role,1
Adobe dreamweaver,1
Assemble mould,1
Social medium marketing,1
Law obligation,1
Castration,1
Rotoscoping,1
Scientific instrument,1
Marketing management,1
Weld equipment,1
Flame cutting,1
Competition law,1
Homeostasis,1
Polytrauma,1
Open standard,1
Hiv testing,1
Demolish structure,1
Flight dispatcher,1
Sliding sleeve,1
Cell requirement,1
Animal production,1
Microsoft silverlight,1
Bill preparation,1
Vacuum tube,1
Groom animal,1
Interior design,1
Light therapy,1
Plan event,1
B method,1
Associated press enps,1
Public service announcement,1
Install electrical electronic equipment,1
Colitis,1
Blast injury,1
Breathing exercise,1
Show confidence,1
Legal terminology,1
Relationship marketing,1
Sanskrit,1
Phonics,1
Reference book,1
Stage lighting,1
Markov model,1
Maintain reception area,1
Comply with schedule,1
Secure premise,1
Vulnerability scanning,1
Photo editing,1
Corrosion inhibitor,1
Maintain prop,1
Deductive reasoning,1
Land tenure,1
Agenda meeting,1
Policy research,1
Information card,1
Record drilling,1
Drug resistance,1
Analytical chemistry,1
Menopause,1
Panorama,1
Scanning electron microscopy,1
Linkedin,1
Alternative technology,1
Technology transfer,1
Ophthalmology,1
Eye care,1
Bug reporting,1
Geotechnical engineering,1
Diesel generator,1
Tool steel,1
Commodity market,1
Prepared meal,1
Regional planning,1
Dehumidifiers,1
Fieldbus,1
Airport authority,1
Supply machine,1
Inspect tree,1
Identify skill gap,1
System administration,1
Prime lens,1
Silviculture,1
Dress body,1
Scope creep,1
Malting process,1
Schizophrenia,1
Personalization,1
Dictation,1
Microeconomics,1
Communication disorder,1
Fibroblast,1
Stack timber,1
Low and high voltage,1
Project scoping,1
Project commission,1
Http header,1
Isotope,1
Music library,1
Pottery,1
Transfer station,1
Moxibustion,1
Remittance,1
Language code,1
Confident communicator,1
Biogas,1
Texture artist,1
Erratum,1
Type thread,1
Plan dog grooming work,1
Softimage,1
Postscript,1
Turf management,1
Human skeleton,1
Italian,1
Digital signal processing,1
Work composer,1
Role hierarchy,1
Select music,1
Microsoft visio,1
Classroom management,1
Web site design,1
Project structure,1
Iterative design,1
Contingency allowance,1
Implement instruction,1
Line filter,1
Locknut,1
Hormone replacement therapy,1
Prepare financial statement,1
Mendel,1
Water chiller,1
Microtome,1
Selective laser sintering,1
Technical training,1
Install gutter,1
Xhtml,1
Jointer,1
Boot disk,1
Turkish,1
Repair wiring,1
Apply conflict management,1
Advise supervisor,1
Mix ratio,1
Stock market,1
Switch electrical component,1
Soil compaction,1
Oil well,1
Genomics,1
Arbor press,1
Labour law,1
Request for information rfi,1
User space,1
Aviation meteorology,1
Mapping software,1
Statistical software,1
Report write,1
Prototype pattern,1
Autodesk,1
Manage member,1
Course development,1
Dog care,1
Stay alert,1
Obstacle avoidance,1
Webcast,1
Remote sensing,1
Demonstrate consideration,1
Spill containment,1
Barrier option,1
Irrigation systems,1
Asp net,1
Differential gps,1
Manage the health and welfare of livestock,1
Circuit emulation,1
Evaluate outdoor activity,1
Educational material,1
Logistic regression,1
Maintain tank,1
Graphical user interface gui,1
Align component,1
Doppler effect,1
Clinical psychology,1
Mass spectrometry,1
Pto shaft,1
Biological hazard,1
Traditional animation,1
Mailroom,1
Check passenger,1
Geotextile,1
Case preparation,1
Skin surgery,1
Calculate concentration,1
Operate fishing equipment,1
Filmmaking,1
Solid state drive,1
Sound forge,1
Prioritise emergency,1
Pressure cooking,1
Environmental testing,1
Software development life cycle,1
Chemical deposition,1
Capillary blood sampling,1
Internet traffic,1
Sputum,1
Furnish,1
Repair wire,1
Provide dog walking services,1
Polypectomy,1
Positive disposition,1
Symbiosis,1
Corporate design,1
Freeware,1
Carbon copy,1
Beam expander,1
Templating,1
Catalytic converter,1
Debt ratio,1
Synthesize information,1
Tetanus,1
Apply finish to concrete,1
Photometer,1
Load film,1
Continuous integration,1
Total station,1
Cost review,1
Electronic signature,1
Business reporting,1
Visual perception,1
Handle stressful situation,1
Restylane,1
Set date,1
Therapeutic ultrasound,1
Extract coppice,1
Environmentalism,1
Predictive analytics,1
Password safe,1
Financial modelling,1
Cam follower,1
Sing,1
Set window,1
Immune systems,1
Floor sand,1
Patient flow,1
Wind tunnel,1
Orthogonal array,1
Repair shoe,1
Hotel reservation systems,1
Copy writing,1
Creative problem solving,1
Tablet press,1
Compact disc,1
Child and family services,1
Lecturing,1
Day sales outstanding,1
Perpendicularity,1
Decant wine,1
Employee relations,1
Script write,1
Compaction technique,1
Photographic developer,1
Hedging,1
Predictive modelling,1
Lotus,1
Bayesian network,1
Clean drink dispense line,1
Business awareness,1
Sanitization,1
Kinship care,1
Tree stump,1
Proofread text,1
Citrix,1
