,precast and prestressed concrete operations,precast concrete operations,stop0,"fenestration, installation and surveying",glazing,stop1,heating and ventilating,plumbing and domestic heating,refrigeration and air conditioning,stop2,constructing capital plant steel structures erecting,fabricating steel structures plating,"installation, testing and commissioning of electrical systems and equipment plant",installing plant and systems mechanical,installing plant and systems pipefitting,maintaining plant and systems electrical,maintaining plant and systems instrument and controls,maintaining plant and systems mechanical,monitoring engineering construction activities,supporting activities in engineering construction,stop3,welding pipework,welding plate and pipework,welding supervision,stop4,performing engineering operations suite 1 2006,performing engineering operations suite 2 2006,stop5,design and draughting,engineering and manufacture suite 4,engineering leadership and management suite 3,engineering leadership and management suite 4,engineering leadership and management suite 5,engineering leadership suite 3,engineering technical support suite 2 2007,engineering technical support suite 3 2009,stop6,rail engineering,rail engineering signalling suite 2,rail engineering signalling suite 3,rail engineering telecoms suite 2,rail engineering telecoms suite 3,stop7,ensuring the compliance of electrical installation work in dwellings with the building regulations england and wales,rail engineering overhead line equipment construction suite 2,rail engineering overhead line equipment construction suite 3,stop8,electrical and electronic servicing,engineering maintenance and installation suite 2 2008,engineering maintenance suite 3 2008,installation and commissioning suite 3,installation and commissioning suite 3 2003,rail engineering traction and rolling stock suite 2,rail engineering traction and rolling stock suite 3,stop9,aeronautical engineering suite 2,aeronautical engineering suite 3,stop10,composite engineering suite 2,composite engineering suite 3,stop11,electrical and electronic engineering suite 3,electrical and electronic engineering suite 3 2004,stop12,automotive engineering suite 3,engineering toolmaking level 3,engineering toolmaking suite 3,engineering toolmaking suite 3 2005,"engineering woodworking, pattern and model making suite 3 2002",fabrication and welding engineering suite 3,fabrication and welding suite 2,marine engineering,marine engineering suite 2,marine engineering suite 3,mechanical manufacturing engineering suite 2 2008,mechanical manufacturing engineering suite 3 2008,performing engineering operations suite 1,performing engineering operations suite 2,stop13,engineered wood,woodmachining construction sawmilling extrusion furniture,stop14,construction diving operations,controlling lifting operations construction,stop15,construction plant or machinery maintenance,demolition construction,plant installation construction,plant operations construction,plant operations extractives,road building and maintenance,treatment processing and control in the water industry,stop16,sport and play surfaces level 2,sport and play surfaces level 3,stop17,pension scheme trusteeship,pension trustee board secretaryship,secretary to the trustees of pension funds,trustee and management committee,stop18,mechanical fire protection,securing void properties,stop19,paraplanning,providing advice on securities or derivatives in the non retail market,providing advice on securities or derivatives in the retail market,providing financial advice and financial planning,stop20,investment operations,investment strategy and management,stop21,general insurance,general takaful,insurance technicians supervisors,london market,stop22,credit management,financing and credit,stop23,bank accounts,customer payments for financial products and services,"life, pensions and investments",stop24,engineering maintenance in food manufacture,food business operational management,food business strategic leadership,hospitality management,hospitality supervision and leadership,production management,supply chain management,stop25,combined working practices,polymer processing and related operations,stop26,directors,live events and promotions management,production accounting,senior producers,stop27,harbour masters,supervision of port operations,stop28,electricity network control engineer,gas network construction,gas networks engineering management,leakage detection and control,multi utility network construction,network construction operations,utilities network planning and management,utility infrastructure management,stop29,"inspectors of health, social care, children and young peoples services",leadership and management for care services,long term conditions case management,stop30,building services engineering technology and project management,built environment design and consultancy practice,construction contracting operations management,construction senior management,construction site management,construction site supervision,electrotechnical services electrotechnical technology and project management,industrial design,integrated logistic support ils management suite 4 2003,occupational work supervision construction,"project control, estimating, planning and cost engineering",project management,site inspection,stop31,fibreboard operations,multi utility management skills,stop32,leisure management,leisure management l3 2005,managing sport and active leisure 2006,outdoor sector senior roles,stop33,building products leadership,emergency fire services management,expedition leadership and management,financial services core competences,"health, safety and environmental management in the extractive and mineral processing industries",management and leadership,managing in road passenger transport,professional skills for government psg,watch management,stop34,cctv strategic and operational management,security management,stop35,branch management and business and customer commercial relationship management,financial services sales process,land based operations,stop36,temporary traffic management construction,traffic management,stop37
0,precast,precast,-,window,glaze,-,ventilate,plumbing,accessory,-,steel,weld,isolation,engineering,pipework,plant,instrument,plant,construction,engineering,-,mma,weld,weld,-,engineering,act,-,engineering,improvement,drawing,engineering,engineering,engineering,engineering,program,-,riddor,signal,signal,telecom,telecom,-,installation,steelwork,steelwork,-,fault,installation,fault,installation,installation,traction,traction,-,aircraft,aircraft,-,moulding,moulding,-,circuit,circuit,-,vehicle,try,machine,machine,machine,weld,weld,weld,yacht,marine,machine,machine,assembly,machine,-,wood,wood,-,dive,lift,-,machinery,demolition,plant,machinery,plant,machinery,treatment,-,foundation,surface,-,trustee,trustee,trustee,trustee,-,fire,solution,-,client,client,client,client,-,investor,portfolio,-,claims,claims,insurance,market,-,credit,financing,-,customer,payment,pension,-,food,drink,drink,food,staff,food,chain,-,fault,processing,-,production,venue,production,production,-,port,port,-,network,excavation,network,network,excavation,apparatus,network,apparatus,-,scrutiny,provision,wellbeing,-,project,project,contract,project,project,demolition,project,simulation,il,machinery,project,project,project,-,feedback,member,-,sport,customer,sport,outdoor,-,workforce,project,describe,assistance,improvement,stakeholder,project,customer,member,-,disaster,confidentiality,-,customer,business,business,-,traffic,road,-
1,manufacturing,accord,-,glaze,glass,-,accessory,water,pump,-,engineering,fabrication,cable,machine,engineering,reinstate,engineering,engineering,engineering,construction,-,tig,appreciation,welding,-,development,engineering,-,document,engineering,computer,solution,research,research,cad,software,-,track,etcs,etcs,railway,railway,-,dwell,direction,installation,-,customer,fault,servicing,commissioning,commissioning,roll,roll,-,moulding,aviation,-,mould,defect,-,assembly,cad,-,assembly,press,workholding,program,model,welding,machine,machine,boat,overhaul,setter,spring,weld,program,-,production,machinery,-,jet,welfare,-,plant,segregation,dismantle,plant,avoid,plant,plant,-,sport,sport,-,scheme,scheme,pension,charity,-,solution,property,-,planner,derivative,firm,investment,-,investment,investment,-,claim,holder,claims,insurance,-,customer,credit,-,accounts,customer,payment,-,drink,food,food,beverage,food,production,food,-,production,polymer,-,producer,production,expenditure,contributor,-,marine,vessel,-,engineering,network,utility,valve,network,excavation,utility,utility,-,inspection,child,carers,-,building,synthesis,tender,tender,machinery,tunnel,tender,project,project,plant,cost,stakeholder,inspection,-,member,utility,-,community,strategy,leisure,sector,-,building,implementation,stakeholder,colleague,industry,manage,stakeholder,stakeholder,objective,-,recovery,asset,-,business,agency,law,-,management,traffic,-
2,ppe,manufacturing,-,installation,glazing,-,weld,heat,heat,-,load,reinstate,enclosure,plant,reinstate,engineering,reinstate,asset,drawing,onshore,-,root,join,engineering,-,dress,occurrence,-,convention,lead,software,drawing,evaluation,directive,inspection,engineering,-,haswa,train,train,bearer,bearer,-,dwelling,installation,ole,-,precaution,device,circuit,device,commission,installation,stock,-,assembly,engine,-,resin,resin,-,inductor,compliance,-,engine,die,workpiece,workholding,program,machine,welding,gas,marine,installation,machining,workpiece,welding,assembly,-,pick,machine,-,lift,load,-,occupation,recycle,installation,occupation,official,operator,sample,-,example,textile,-,pension,pension,scheme,board,-,customer,client,-,goal,firm,derivative,tax,-,market,fund,-,insurance,claim,claim,claims,-,payment,facility,-,till,query,request,-,fault,business,business,menu,customer,manufacture,drink,-,show,production,-,designer,theatre,cash,talent,-,master,customer,-,asset,apparatus,engineering,trace,utility,network,sector,proposal,-,child,worker,individual,-,engineering,stakeholder,project,synthesis,plant,contractor,workforce,scenario,customer,welfare,estimate,management,synthesis,-,show,manner,-,facility,sales,strategy,sport,-,improvement,development,colleague,development,implementation,sector,customer,project,ability,-,cctv,disaster,-,development,promote,reputation,-,motorway,tunnel,-
3,efficiency,occur,-,glass,installation,-,heating,appliance,pressure,-,reinstate,steel,installation,construction,installation,installation,installation,reinstate,technician,shipyard,-,join,welding,consumables,-,act,injury,-,option,research,cad,computer,decommissioning,assist,program,computer,-,asset,track,track,gsm,circuit,-,wire,ole,wire,-,reception,assist,replace,commission,device,stock,fault,-,coat,overhaul,-,production,mould,-,transformer,manufacture,-,leisure,machine,device,workpiece,pattern,plate,cut,marine,surface,yacht,accuracy,program,cut,circuit,-,saw,tooling,-,jetting,lifting,-,programme,segregate,crane,programme,occupation,occupation,processing,-,substructure,play,-,employer,fund,investment,community,-,installation,installation,-,solution,advice,investment,solution,-,transaction,client,-,insurer,renewal,client,quotation,-,query,customer,-,transaction,entry,investment,-,instrumentation,delegate,strategy,staff,hospitality,drink,logistics,-,run,sort,-,director,project,payment,script,-,vessel,casualty,-,belongs,gas,asset,water,apparatus,candidate,energy,infrastructure,-,abuse,manage,patient,-,tender,evaluation,construction,stakeholder,contractor,plant,contractor,interaction,sow,vehicle,engineering,phrase,stakeholder,-,opportunity,supervise,-,staff,sell,evaluate,stakeholder,-,stakeholder,stakeholder,member,caller,recommendation,evaluate,equality,sector,development,-,strategy,business,-,banking,customer,decide,-,carriageway,incident,-
4,state,obligation,-,door,cut,-,ductwork,heating,implementing,-,section,assembly,engineering,fitter,construction,onshore,shipyard,hvac,relations,load,-,weld,welder,parent,-,relationship,fire,-,designer,directive,modification,resolve,review,computer,modify,machine,-,rule,installation,swl,installation,gsm,-,cable,wire,section,-,diagnosis,circuit,diagnosis,fault,fault,fluid,replace,-,aviation,wing,-,cure,machine,-,coil,film,-,moulding,prove,program,device,machining,joint,plate,welding,installation,boat,cnc,overhaul,machine,weld,-,difficulty,aid,-,lance,suspend,-,consumables,disposal,relationship,load,sustain,programme,instrumentation,-,skac,grass,-,investment,investment,fund,mission,-,quotation,cost,-,colleague,investment,competency,recommendation,-,fund,asset,-,renewal,contract,party,amendment,-,dispute,accounts,-,bank,transaction,alteration,-,haccp,productivity,culture,manage,drink,changeover,goods,-,fibreboard,sample,-,contributor,rig,claims,budget,-,stakeholder,diversity,-,electricity,construction,client,hygiene,construction,construction,asset,locate,-,adult,abuse,term,-,consultant,contract,management,tenderers,programme,machinery,labour,stakeholder,tender,project,uncertainty,context,verify,-,suggestion,job,-,participation,face,driver,programme,-,industry,member,sector,role,manager,decision,diversity,diversity,events,-,business,vulnerability,-,lending,sales,advice,-,remove,vehicle,-
5,package,operating,-,fire,customer,-,pipework,accessory,air,-,installation,engineering,plant,reinstate,drawing,shipyard,inside,onshore,perform,inside,-,cap,oxidation,welder,-,help,malfunction,-,catalogue,sigma,copy,scheduling,implementation,decommissioning,machine,programming,-,engineering,swl,ssow,circuit,cctv,-,day,renewal,wiring,-,appliance,repair,installation,connection,connection,isolation,cable,-,mould,fastener,-,fibre,consumables,-,precaution,precaution,-,installation,mould,grind,press,assembly,arc,section,fault,coat,weld,lens,assembly,surface,device,-,treatment,programme,-,occupation,occupation,-,replace,machinery,machinery,requisition,load,ironwork,water,-,surface,prefabricate,-,interest,asset,sfp,trust,-,commission,party,-,bespoke,competency,advice,advice,-,stakeholder,currency,-,customer,business,business,client,-,debt,business,-,banking,pay,life,-,installation,feedback,development,customer,wine,improvement,model,-,machine,version,-,studio,describe,budget,producer,-,traffic,member,-,meeting,employer,setback,section,gas,highway,stakeholder,instal,-,provider,outcome,intervention,-,client,client,synthesis,cost,welfare,conservation,client,implementation,management,deviation,opportunity,group,development,-,period,conflict,-,agency,sport,development,leisure,-,evaluate,objective,explain,job,contribute,feedback,budget,inclusion,feedback,-,client,threat,-,strategy,offer,benefit,-,road,caller,-
6,accord,relating,-,glazing,infill,-,industry,building,management,-,move,section,disconnection,drawing,onshore,inside,tunnel,engine,culture,tunnel,-,fill,reinstate,onshore,-,competence,event,-,draught,project,title,manufacture,assurance,resolve,model,cnc,-,traction,ssow,leader,cctv,riddor,-,building,bond,bond,-,module,fluid,cable,instal,instal,'lifed,isolation,-,servicing,flight,-,surface,sheer,-,film,checking,-,device,assembly,press,grind,wood,section,gas,thread,paint,machine,production,device,circuit,cable,-,efficiency,occupation,-,programme,machinery,-,quantity,dismantle,lift,surround,shut,lay,shut,-,excavation,undercarriage,-,deed,contribution,funding,functioning,-,sprinkler,audit,-,performing,obligation,market,attitude,-,client,sector,-,settlement,provider,term,insurer,-,timescales,decision,-,laundering,accounts,customer,-,replace,colleague,colleague,hospitality,feedback,manage,theory,-,contribute,stock,-,performer,performer,accounting,funding,-,manage,passenger,-,commission,highway,professionalism,meter,designate,approve,project,construct,-,agency,lead,community,-,contractor,business,survey,evaluation,improvement,restoration,manage,aim,contract,maker,competence,individual,maker,-,individual,multi,-,plant,implementing,obstacle,colleague,-,culture,incident,budget,objective,aspect,perform,colleague,equality,element,-,development,stakeholder,-,target,opportunity,cycling,-,install,network,-
7,aid,machinery,-,conservatory,industry,-,air,industry,industry,-,erect,onshore,wire,installation,shape,tunnel,explosive,repair,uphold,plant,-,steel,segregation,configuration,-,tidy,aiders,-,rule,fault,aid,installation,authorise,client,flaw,save,-,working,haswa,railway,riddor,fault,-,accessory,registration,earthing,-,installation,isolation,device,fluid,fluid,device,lock,-,cable,remove,-,tooling,sheraography,-,core,device,-,cable,dy,machining,assembly,mark,metal,accuracy,propulsion,machine,device,surface,workholding,treatment,cut,-,assemble,list,-,water,accessory,-,rectify,programme,premise,rectify,dispose,pave,chemical,-,edge,install,-,fund,class,asset,beneficiary,-,party,void,-,articulate,market,advise,framework,-,settlement,market,-,party,settlement,insurer,consequence,-,sales,appraise,-,counter,account,underwrite,-,pressure,objective,leadership,payment,supervise,resolution,management,-,sample,variance,-,personnel,member,cost,idea,-,enforcement,equality,-,budget,designate,evaluation,pipe,job,traffic,colleague,manage,-,carers,promote,management,-,solution,development,evaluation,contract,cost,welfare,plant,idea,programme,craft,concern,wider,commissioning,-,account,engineering,-,equality,contribute,community,understanding,-,build,role,manage,customer,suggestion,customer,sector,business,manager,-,delivery,provision,-,solution,goodwill,lessen,-,mobile,address,-
8,cement,packaging,-,aperture,battery,-,water,implementing,introduce,-,onshore,gas,termination,device,shipyard,explosive,plant,shipyard,project,refer,-,pipe,finishing,gas,-,working,evacuation,-,drawing,production,connect,software,facility,manufacturing,drawing,flaw,-,approve,leader,haswa,track,telephone,-,voltage,conductor,registration,-,etc,connection,function,function,function,overhaul,etcs,-,resin,device,-,core,thermography,-,semiconductor,manufacturing,-,refitting,injection,fixture,cnc,mould,accuracy,joint,cut,assembly,fastener,finish,cut,mould,engineering,-,cut,removal,-,ppe,plant,-,disposal,occupation,substance,disposal,surround,machine,assurance,-,play,layer,-,matter,member,employer,object,-,mist,quotation,-,strategy,ascertain,depend,taxation,-,asset,strategy,-,premium,party,market,business,-,party,decline,-,currency,statement,contract,-,diagnosis,adhere,thinking,room,hygiene,handover,procurement,-,member,conform,-,idea,appear,film,financier,-,management,learn,-,expertise,employee,brief,distribution,role,supervision,contingency,devise,-,harm,carers,promote,-,workforce,management,document,development,tunnel,programme,review,capability,cost,member,learn,define,commission,-,role,manager,-,diversity,monitoring,maker,goal,-,encourage,sponsor,research,manage,recommend,industry,manage,vision,concern,-,compliance,weakness,-,sector,relations,enhance,-,speed,management,-
9,occur,prevent,-,curtain,film,-,building,pipework,refrigeration,-,plant,welding,drawing,shipyard,inside,atmosphere,scaffold,exchanger,management,explosive,-,welding,engineering,plant,-,occurrence,define,-,industry,analysis,digitiser,departure,subordinate,assurance,monitoring,calibration,-,element,riddor,testing,assist,track,-,electricity,escalation,conductor,-,replacement,function,remove,air,air,sensor,diagnosis,-,demonstrate,lock,-,lay,convention,-,device,thick,-,fastener,handover,jig,fixture,face,gas,bend,wire,weld,assembly,cut,wire,leave,surface,-,blade,enquiry,-,pump,sling,-,operative,plant,colleague,operative,operating,estimate,designate,-,concrete,describe,-,trust,content,content,govern,-,certification,confidentiality,-,objective,appetite,employ,explain,-,accounts,analyse,-,business,market,audit,renewal,-,export,pay,-,money,debt,insurer,-,controller,deploy,compliance,profit,colleague,colleague,transport,-,packaging,working,-,budget,rigging,insurance,delivery,-,incident,load,-,commissioning,job,atmosphere,fitting,highway,sub,development,construction,-,evidence,family,medication,-,management,dispute,tenderers,client,management,maker,circuit,research,configuration,industry,tender,cycle,property,-,encourage,discus,-,barrier,leisure,stakeholder,strategy,-,development,decision,welfare,understanding,member,demonstrate,opportunity,colleague,authorise,-,option,harm,-,network,relating,employee,-,occupation,escort,-
10,approve,transport,-,building,shape,-,version,management,condensate,-,steelwork,shipyard,reinstate,inside,tunnel,construction,asset,inside,input,installation,-,stainless,contamination,shipyard,-,create,aid,-,library,welding,installation,cad,decommission,customer,computer,inspection,-,rail,assist,riddor,swl,swl,-,inspection,insulator,insulator,-,outlet,air,isolation,lift,lift,lock,circuit,-,surface,replace,-,defect,scan,-,wire,inspection,-,precaution,machining,cnc,toolroom,accuracy,bend,fabrication,device,cut,mark,assembly,cnc,sand,workpiece,-,usage,rectify,-,rectify,signal,-,surround,extinguisher,dismantling,shut,status,road,audit,-,cast,instal,-,member,sfp,class,committee,-,extinguish,aim,-,think,tolerance,instrument,consumer,-,price,tax,-,market,authorise,settlement,feature,-,term,authorise,-,account,complaints,business,-,see,organise,feedback,reservation,cellar,evaluate,freight,-,learner,parameter,-,makeup,oversee,tax,contract,-,applies,berth,-,customer,role,commission,leakage,surface,leader,management,role,-,promote,adult,consent,-,labour,stage,evaluate,analysis,factor,factor,term,create,task,decision,development,lifecycle,decision,-,someone,disciplinary,-,water,evaluation,colleague,practitioner,-,productivity,evaluate,learn,law,feedback,opportunity,market,strategy,role,-,confidentiality,contractor,-,sales,administration,loans,-,programme,flow,-
11,demonstrate,salvage,-,learner,window,-,perform,client,client,-,shipyard,inside,fault,tunnel,pressure,repair,atmosphere,construction,plant,atmosphere,-,joining,mag,inside,-,difficulty,carrying,-,database,manufacturing,tablet,mail,evaluate,manufacture,assist,drawing,-,selfemployed,railway,fault,connection,testing,-,testing,competent,railway,-,legacy,precaution,fluid,fastener,fastener,switch,controller,-,precaution,installation,-,ply,relation,-,fault,circuitry,-,machine,mechanism,toolroom,jig,device,fabrication,roll,removal,precaution,precaution,distortion,grind,gas,wiring,-,obligation,cut,-,disposal,signalling,-,estimate,frame,pin,lift,relevance,tanker,measurement,-,excavate,fill,-,compensation,employer,trust,value,-,fault,replacement,-,clarification,strategy,recommendation,trust,-,payment,analysis,-,straightforward,term,amendment,placement,-,collection,repayment,-,finance,reconcile,straightforward,-,fluid,deployment,objective,kitchen,member,target,meat,-,job,account,-,music,sound,accounts,expenditure,-,duty,baggage,-,professionalism,surface,factor,commission,employer,water,option,network,-,individual,discrimination,agency,-,cost,opportunity,cost,dispute,sustainability,workforce,obligation,strategy,alteration,organise,breakdown,life,welfare,-,explain,experience,-,pool,staffing,vision,suite,-,production,improvement,list,industry,decision,behaviour,development,development,investigation,-,stakeholder,objective,-,address,relationship,shareholder,-,quantity,drive,-
12,accident,stock,-,remove,accord,-,circulation,soundness,establishment,-,inside,inert,onshore,explosive,plant,confine,construction,tunnel,value,confine,-,appreciation,mig,construction,-,fire,assistance,-,package,weld,mouse,modification,arising,decommission,sales,reference,-,disease,rule,isolation,leader,leader,-,appliance,enhancement,jumper,-,consumer,fastener,precaution,pressure,pressure,instal,fluid,-,production,assembly,-,laminate,lamination,-,voltage,print,-,prototype,defect,cut,thread,woodworking,wire,join,dismantling,device,welding,bsen,accuracy,moulding,workholding,-,laminate,accident,-,quantity,programme,-,height,rectify,customer,accessory,express,traffic,consumables,-,describe,perimeter,-,act,sip,deed,document,-,install,survey,-,tax,depend,demonstrate,money,-,role,relating,-,term,loss,towards,party,-,recovery,offer,-,explain,organisational,quotation,-,dismantle,culture,deployment,dish,learn,task,purchasing,-,adjustment,output,-,project,legacy,project,project,-,facilitate,incident,-,setback,asset,industry,isolate,mm,industry,manage,customer,-,outcome,development,independence,-,commission,cost,programme,procurement,feedback,customer,estimate,experience,autonomy,workforce,management,benefit,feedback,-,constraint,council,-,venue,evaluate,manage,value,-,engage,personnel,threat,relating,processing,objective,industry,aspect,availability,-,accounts,loss,-,objective,law,enterprise,-,rectify,user,-
13,competence,colleague,-,instal,fix,-,plant,customer,building,-,construction,tunnel,worksheet,scaffold,term,circuit,station,term,contract,scaffold,-,gas,detection,fabrication,-,supervisor,help,-,accept,manufacture,plotter,production,transfer,methodology,circuit,resolve,-,railway,connection,rule,rule,transmission,-,sheathe,section,layout,-,extent,replace,wire,instrument,escalator,assist,overhaul,-,ministry,log,-,bsen,precaution,-,armature,board,-,sub,repair,thread,wheel,cut,join,metal,disconnection,cable,cable,gear,machining,workpiece,help,-,stock,ppe,-,operative,workforce,-,interpretation,operative,hoist,movement,organise,kerb,lone,-,consolidate,lay,-,sponsor,calculation,allocation,governance,-,riser,consist,-,advice,portfolio,extent,affordability,-,complaint,objective,-,alteration,alteration,renewal,colleague,-,department,refer,-,cash,amount,pay,-,air,compliance,equality,cost,linen,productivity,practitioner,-,correct,deviation,-,funding,tour,tv,negotiation,-,review,moor,-,incident,traffic,commissioning,accord,employee,installation,cost,installation,-,achievement,harm,carer,-,bim,document,analysis,feedback,meeting,project,industry,goal,objective,programme,variance,scope,review,-,objective,respect,-,user,colleague,goal,finance,-,role,strategy,implicit,gap,advice,management,eu,evidence,load,-,manage,recovery,-,evaluate,decision,sector,-,disposal,manage,-
14,understanding,summon,-,bay,question,-,pressure,trade,version,-,tunnel,construction,shipyard,shape,worksheet,shaft,confine,explosive,definition,designate,-,slope,defect,qualification,-,understanding,accident,-,context,matrix,scanner,implementation,reduction,evaluation,software,format,-,vicinity,isolation,industry,isolation,connection,-,scope,wiring,cross,-,competency,job,instrumentation,escalator,run,connection,remove,-,loom,replacement,-,vacuum,production,-,wind,accuracy,-,accuracy,precaution,face,face,cnc,production,heat,remove,lift,fault,perform,production,joint,seek,-,accord,contract,-,estimate,supervise,-,contract,surround,linkage,consumables,interpretation,rectify,trail,-,trench,installation,-,asset,role,nature,title,-,modification,business,-,prioritise,extent,sales,review,-,pay,class,-,underwrite,extension,evaluate,role,-,facility,debt,-,transfer,escalation,behalf,-,meat,cross,commitment,management,meeting,diagnosis,colleague,-,sort,assistance,-,theme,plot,loss,supplier,-,pollution,colleague,-,utility,consist,planning,street,plant,job,contract,evaluate,-,wellbeing,management,discrimination,-,installation,analysis,procurement,welfare,workforce,utility,illumination,learn,introduction,allocate,practitioner,sponsor,consultant,-,respect,staff,-,colleague,describe,decision,link,-,leadership,commitment,leader,compliance,evaluate,business,network,leadership,rescue,-,intelligence,someone,-,opportunity,manner,incentive,-,operative,signal,-
15,production,undertake,-,doorsets,size,-,management,drainage,customer,-,explosive,installation,inside,atmosphere,atmosphere,fabrication,fabrication,installation,demonstrate,fabrication,-,initiation,mma,production,-,return,egress,-,remain,resolve,engineering,extent,mail,subordinate,fabrication,model,-,ppe,possession,connection,telephone,rule,-,busbar,renew,drawing,-,replace,aid,pressure,run,load,sight,voltage,-,bond,removal,-,temperature,peel,-,assemble,interconnection,-,fault,accuracy,wheel,cut,drawing,cylinder,shape,pipework,basis,surface,program,turbine,wiring,leave,-,delivery,operative,-,lifting,movement,-,portable,fire,client,attachment,demonstrate,operative,sampling,-,ground,divide,-,scope,myners,member,interest,-,stakeholder,proposal,-,delivery,review,charging,suitability,-,relationship,equity,-,extension,customer,recommendation,premium,-,accounts,inconsistency,-,fund,despatch,complaints,-,relationship,allocate,diversity,recipe,menu,adhere,purchase,-,clean,malfunction,-,character,job,producer,investor,-,circulate,opportunity,-,management,reinstatement,installation,isolation,approve,utility,maintaining,implementation,-,taking,well,case,-,brief,procurement,contractor,opportunity,traffic,member,contract,inspire,contractor,encourage,analysis,deliver,construction,-,commitment,conduct,-,engage,buy,option,benefit,-,efficiency,management,consult,seek,opportunity,development,sponsor,innovation,incident,-,enforcement,manage,-,towards,pay,energy,-,surround,response,-
16,stock,visitor,-,customer,statutory,-,trade,establishment,conditioning,-,drawing,plant,tunnel,fabrication,confine,fault,shaft,vessel,promote,shaft,-,understanding,return,tunnel,-,hair,appoint,-,factor,evaluate,template,timescales,behalf,advice,resolve,precaution,-,act,cos,cos,possession,voltage,-,house,jumper,switch,-,cause,cable,dismantle,load,clearance,smell,device,-,defence,mod,-,catalyst,ray,-,circuitry,connector,-,loom,guard,assembly,profile,shape,cut,precaution,cutting,resolve,accuracy,prism,lens,device,mould,-,load,quantity,-,surround,factor,-,space,estimate,planning,estimate,consumables,utility,output,-,item,edge,-,contribution,adviser,sip,regulator,-,survey,adjustment,-,research,employ,offer,asset,-,attention,promotion,-,loss,straightforward,matter,underwriter,-,grant,attention,-,colleague,pursue,amend,-,function,member,success,feedback,payment,staff,stock,-,objective,defect,-,hire,item,payroll,personnel,-,individual,role,-,planning,resolve,improvement,pressure,compliance,expectation,industry,mitigate,-,dignity,leadership,partnership,-,contract,market,production,strategy,quantity,carriageway,wound,behaviour,element,operator,bid,initiate,engineering,-,day,grievance,-,leisure,objection,influence,manage,-,benefit,review,evaluate,competence,encourage,engage,management,culture,opportunity,-,continuity,exchange,-,colleague,maximise,effectiveness,-,estimate,scenario,-
17,energy,quantity,-,fixture,dispose,-,implementing,version,liquid,-,atmosphere,scaffold,construction,station,explosive,workshop,device,drawing,list,workshop,-,flow,consumables,explosive,-,advice,duty,-,customer,depth,pen,mould,recommendation,facility,detection,aid,-,telecom,replacement,possession,cos,concentrators,-,connection,earthing,lift,-,depth,conjunction,motor,water,sensor,shock,precaution,-,basis,fault,-,bond,imperial,-,wiring,phase,-,weld,function,mill,mill,precaution,mark,supervision,propeller,wire,lock,consumables,mount,wire,welding,-,sustainability,cnc,-,break,guide,-,specialist,cut,fasten,organise,request,disposal,assess,-,backfill,industry,-,version,nature,adviser,member,-,confidentiality,relating,-,promotion,transaction,explain,cpd,-,discrepancy,capital,-,complaints,complaints,reason,fall,-,management,fairness,-,facility,money,extension,-,device,encourage,decision,supplier,reservation,downtime,customer,-,print,move,-,concept,hire,ledger,cost,-,finding,craft,-,atmosphere,act,management,surface,joint,pavement,format,employer,-,engage,theory,philosophy,-,budget,strategy,development,summarise,deployment,sub,consumer,document,modification,supplier,procurement,convey,analysis,-,term,customer,-,development,recreation,research,client,-,innovation,opportunity,human,organisational,objective,member,implicit,management,demand,-,audit,implementation,-,loans,refer,enforce,-,interpretation,approach,-
18,packaging,transportation,-,wall,balustrade,-,welding,boiler,evaporators,-,confine,atmosphere,task,removal,adhere,designate,fault,atmosphere,execution,matter,-,oxidation,tig,reinstate,-,eye,substance,-,define,customer,printer,improvement,strategy,improvement,manufacture,cable,-,ohle,pt,handbook,selfemployed,isolation,-,kitchen,switch,renew,-,premise,lift,isolate,clearance,cable,replace,shock,-,finish,moulding,-,spray,patch,-,manufacturing,voltage,-,assemble,moulding,profile,accuracy,resin,precaution,arc,lock,accuracy,vessel,iso,wheel,heat,vehicle,-,roof,saw,-,interpretation,excavator,-,accident,remove,disconnection,interpretation,prevent,surface,resolve,-,accommodation,turf,-,adviser,funding,meeting,staff,-,cost,relation,-,behaviour,loss,crime,inherent,-,law,investor,-,authorise,show,liability,collate,-,monies,law,-,organisational,accounting,market,-,valve,management,governance,leadership,industry,management,export,-,assist,packaging,-,interview,staff,spreadsheet,crew,-,navigation,learning,-,investigation,general,expertise,tracing,installation,individual,factor,designate,-,statement,preference,encourage,-,conservation,decision,entitlement,offer,utility,feedback,voltage,execute,personnel,perform,business,review,evaluation,-,succeed,industry,-,individual,manager,trend,development,-,incentive,feedback,industry,fulfil,relation,project,list,government,decision,-,evidence,effectiveness,-,selling,appoint,investor,-,accident,stakeholder,-
19,concrete,surrounding,-,frame,transport,-,establishment,pump,refrigerant,-,weight,joining,ram,piece,shaft,adhere,workshop,compressor,shipyard,move,-,electrode,construction,installation,-,malfunction,observe,-,software,function,create,management,delegate,production,particle,file,-,consist,controller,selfemployed,voltage,cos,-,define,torque,torque,-,network,basis,victim,sensor,instrument,etcs,function,-,resolve,aerospace,-,film,pot,-,discharge,inductor,-,refit,gauge,slot,dy,profile,roll,bending,isolation,demonstrate,resolve,operating,bsen,servicing,wire,-,quantity,surround,-,accident,accident,-,statement,arisings,construction,accident,excavate,quantity,role,-,link,generation,-,invest,trust,review,volunteer,-,testing,integrate,-,manner,instrument,gather,suspicion,-,complaints,management,-,law,law,premium,underwrite,-,bank,discrepancy,-,contract,law,insurance,-,gas,success,implementation,maximise,encourage,evaluation,display,-,die,sequence,-,vision,fly,bank,proposal,-,cooperate,manage,-,evaluation,leadership,define,analyse,fusion,surface,relationship,land,-,management,community,role,-,implementing,manage,decision,management,show,management,programme,phase,competency,manager,forecast,client,certification,-,relation,science,-,shut,development,evaluation,management,-,motivation,assurance,link,difficulty,account,value,link,review,event,-,aim,evaluate,-,engage,term,profitability,-,statement,partner,-
20,barrel,rectification,-,function,answer,-,steam,plant,perform,-,shaft,shape,explosive,confine,fabrication,worksheet,repair,rotate,adhere,adhere,-,arc,shipyard,scaffold,-,injury,mask,-,read,chart,elevation,trialling,framework,owe,customer,customer,-,book,theme,controller,pt,scada,-,combustion,lift,currency,-,satellite,iee,sensor,cable,water,job,isolate,-,competence,ministry,-,consumables,bsen,-,rotor,defect,-,mould,trial,diameter,machining,casting,consumables,cutting,repair,pipework,wire,diameter,feed,cast,remove,-,floor,estimate,-,egress,quantity,-,restore,interpretation,machine,contract,sequence,pavement,step,-,divide,clear,-,advice,custody,contribution,commit,-,device,restore,-,rapport,subject,role,industry,-,relating,correlation,-,show,fall,reserve,query,-,applicant,payment,-,error,match,law,-,precaution,manage,influence,portion,reception,chain,procure,-,shut,adapt,-,cast,explain,insurer,estimate,-,authorise,movement,-,factor,approve,cost,tightness,asset,intend,feedback,client,-,theory,evidence,choice,-,officer,programme,investigation,construction,sub,decision,statement,learning,improvement,scope,coding,manage,competence,-,confidentiality,feedback,-,evaluation,expectation,sector,tourism,-,society,goal,management,failure,training,vision,recruitment,value,recommendation,-,threat,consultant,-,networking,industry,reduce,-,contract,medium,-
21,improvement,exchange,-,floor,panel,-,variation,context,decommission,-,fabrication,confine,scaffold,hold,extend,remain,designate,transmission,inside,remain,-,radiography,cracking,atmosphere,-,event,qualify,-,refer,computer,dimension,contingency,solution,generate,basis,device,-,signal,ohle,installation,replacement,possession,-,england,rail,describe,-,resolve,adjustment,item,currency,currency,freight,vehicle,-,undertaken,overhauling,-,consolidation,void,-,strap,instrument,-,job,device,mount,milling,datum,mag,steel,dismantle,directive,overhauling,grind,overhauling,pipe,fault,-,business,interpretation,-,bag,visitor,-,selection,stockpile,task,member,document,surround,format,-,drainage,sand,-,challenge,administration,advice,law,-,instal,install,-,law,administration,relative,class,-,reconcile,rating,-,disclose,role,recovery,claim,-,invoice,relating,-,law,relating,provider,-,animal,evaluate,adhere,business,promote,compliance,import,-,load,dispose,-,camera,lighting,role,edit,-,competence,address,-,participant,personnel,framework,working,industry,engineering,review,format,-,partnership,accountability,context,-,manager,settle,stakeholder,contractor,development,heritage,machine,decision,offs,ordinate,budget,customer,contractor,-,quantitative,individual,-,contingency,divide,gain,occupation,-,job,delivery,sponsor,find,negligence,leader,manager,reflect,contribution,-,submit,medium,-,monitoring,organisational,help,-,selection,cctv,-
22,fault,delivery,-,name,building,-,client,ground,trade,-,workshop,shaft,statement,worksheet,workshop,context,adhere,confine,installation,context,-,torch,inside,electrode,-,aiders,facility,-,case,graph,text,fabrication,competency,medium,conjunction,controller,-,diagram,disconnection,signalling,controller,pa,-,share,earth,renewal,-,earth,servicing,iee,shock,wire,adjustment,passenger,-,job,connection,-,iso,workpiece,-,shock,resolve,-,body,demonstrate,milling,electrode,hole,distortion,sheet,installation,rope,replace,face,tooling,cable,removing,-,sip,defect,-,space,truck,-,workshop,height,hire,selection,programme,accessory,dispose,-,safeguard,installers,-,revise,review,minute,executive,-,water,availability,-,relating,objective,disclose,crime,-,custody,cash,-,quotation,quotation,role,placing,-,pursue,investigate,-,payment,discrepancy,party,-,circuit,address,body,train,housekeeping,liaise,despatch,-,cut,finish,-,viability,list,idea,negotiate,-,hm,party,-,agenda,excavate,incident,prove,wear,sign,solution,present,-,right,advocacy,multiple,-,estimate,brief,stage,entitlement,recommend,highway,cost,visualise,tenderers,co,expenditure,appear,supervisor,-,morale,confidentiality,-,alarm,implementation,monitoring,recreation,-,community,shortfall,meeting,commitment,incident,conflict,directive,opportunity,confidentiality,-,protocol,incident,-,role,etc,adviser,-,lev,weather,-
23,manufacture,relationship,-,ancillaries,curtain,-,customer,weather,plant,-,terminology,workshop,cabling,shaft,compliance,motor,detection,pressure,id,rule,-,grind,tunnel,confine,-,job,sign,-,life,methodology,circle,owe,direct,department,format,fault,-,renewal,ppe,pt,transmission,selfemployed,-,pvc,describe,load,-,multimeter,dismantle,switch,wire,obstruction,precaution,wire,-,cableforms,precaution,-,join,tolerancing,-,earth,point,-,panel,thread,accuracy,angle,workpiece,electrode,resolve,mag,welding,directive,adjustment,precaution,accuracy,core,-,cassette,machining,-,contract,attaching,-,braze,accident,tower,space,space,interpretation,manage,-,fix,example,-,meeting,deed,administration,director,-,client,format,-,role,open,transaction,law,-,framework,employer,-,role,disclose,negotiation,objective,-,interact,activate,-,feature,resolve,role,-,instrument,challenge,govern,function,behaviour,challenge,distribution,-,crease,event,-,shoot,client,learning,marketing,-,consultation,development,-,decision,compliance,construction,recommissioning,recording,statutory,incident,locating,-,language,individual,outcome,-,constraint,party,analyse,programme,variation,quantity,efficiency,intent,outcome,quantify,supplier,realisation,advice,-,ability,manage,-,opportunity,fitness,engage,vision,-,business,audit,communications,organise,manage,role,generic,decision,constraint,-,day,recommendation,-,competitor,attention,water,-,rpe,manoeuvre,-
24,usage,contribute,-,drainage,function,-,kitchen,leisure,diffuser,-,scaffold,consumables,atmosphere,mark,designate,rule,remain,device,rule,height,-,confine,porosity,productivity,-,evacuation,dress,-,decision,management,layer,document,presentation,discipline,mould,connect,-,restriction,removal,task,haswa,installation,-,wiring,load,cable,-,tester,instal,aid,obstruction,connect,vehicle,monitoring,-,defect,job,-,treatment,resolve,-,resolve,owe,-,resin,workpiece,electrode,precaution,saw,bending,joining,shape,pipe,load,hole,mechanism,difficulty,drawing,-,inefficiency,selection,-,selection,fault,-,heat,quantity,approve,approve,mobile,fire,adjustment,-,sign,floor,-,class,allocation,liability,strategy,-,foam,propose,-,demonstrate,demonstrate,reward,methodology,-,resolve,recognition,-,department,pay,underwrite,workflow,-,consumer,show,-,charge,attention,term,-,sub,technology,deploy,revenue,link,collate,analysis,-,end,configure,-,execute,light,credit,dispute,-,extent,navigation,-,evaluate,road,manner,repair,engineering,demonstrate,sewage,enter,-,preference,role,enable,-,plant,entitlement,factor,carbon,maker,recommend,installation,model,review,measuring,contingency,software,installation,-,update,cause,-,temperature,date,term,role,-,influence,option,participant,help,accident,budget,vision,programme,colleague,-,objective,manager,-,contact,decline,cost,-,exhaust,geography,-
25,industry,assistance,-,fix,identification,-,colleague,entertainment,exchanger,-,designate,join,authorisation,workshop,assembly,consequence,respect,shaft,tunnel,terminology,-,en,wire,post,-,machinery,machinery,-,authorisation,calibration,lead,customer,improvement,implementation,precaution,owe,-,occurrence,handbook,diagram,planner,controller,-,plumb,approve,height,-,diagnose,pressure,instrument,connect,flow,cable,freight,-,panel,defence,-,function,humidity,-,processing,strap,-,removal,grind,steel,finish,woodwork,resolve,hasawa,resolve,shape,coat,device,angle,engineering,accuracy,-,coating,moulder,-,cut,rectify,-,repair,talk,ground,quantity,distribute,extinguisher,outage,-,underground,accord,-,funding,strategy,statement,aim,-,powder,timescales,-,development,assimilate,account,conduct,-,account,interest,-,settle,relating,advice,accurate,-,function,agreement,-,relating,advice,attention,-,distribution,aim,adherence,meeting,recipe,staffing,pack,-,learn,spillage,-,post,brief,vat,contingency,-,statutory,feedback,-,energy,industry,incorporate,act,trench,substructure,strategy,plant,-,inspector,right,manage,-,option,option,maker,energy,consideration,learn,bid,audience,bid,breakdown,stakeholder,undertaken,regulate,-,gain,act,-,religion,tourism,describe,outdoors,-,behaviour,manage,sponsorship,feedback,management,learn,licence,objective,project,-,contract,strategy,-,loan,referral,capital,-,respiratory,occur,-
26,pack,sustainability,-,resistant,consumables,-,steel,harvest,entertainment,-,lift,designate,engineer,designate,query,respect,consumables,fabrication,scope,permit,-,polarity,explosive,shaft,-,undertake,premise,-,property,decommissioning,request,finish,consider,capability,plant,film,-,task,diagram,axle,theme,pt,-,intend,railway,electric,-,accuracy,lock,gas,precaution,start,item,repair,-,mod,fuel,-,bag,compression,-,accuracy,mount,-,defect,resolve,angle,mount,surface,convention,convention,accuracy,job,function,resolve,iso,fluid,treatment,-,angle,compatibility,-,pre,error,-,dismantle,contract,assistance,guide,transport,requisition,failure,-,footing,laying,-,lending,benefit,decision,day,-,activation,research,-,relationship,account,explanation,understanding,-,organisational,explain,-,amendment,contribution,negotiate,underwriting,-,resolution,consistency,-,open,credit,accurate,-,water,development,challenge,refurbishment,supervisor,efficiency,vehicle,-,stack,sheet,-,investor,sort,computerise,manage,-,group,idea,-,member,plant,finance,mark,road,footways,evaluate,propose,-,indicator,language,behaviour,-,commissioning,maker,client,budget,supplier,cost,adjudication,refine,trade,culture,appreciation,manufacturing,client,-,effectiveness,allocate,-,operating,opportunity,outcome,evaluate,-,decision,meeting,leadership,improvement,evaluation,diversity,business,delivery,sponsor,-,evaluate,breach,-,demonstrate,interest,think,-,belonging,deploy,-
27,tensioning,request,-,job,stair,-,programme,colleague,leisure,-,adhere,adhere,confine,adhere,raise,consumables,context,workshop,explosive,note,-,alloy,installation,purging,-,education,exit,-,brief,approach,reference,difficulty,proposal,presentation,convention,surface,-,infrastructure,disease,calibrate,ohle,signal,-,competent,electric,acceptance,-,understanding,resolve,escalator,flow,malfunction,sop,dismantle,-,drawing,mould,-,cycle,reinforcement,-,directive,track,-,resolve,tooling,depth,fault,cad,pipe,treatment,precaution,mark,fire,glass,coil,fitting,mount,-,opportunity,extraction,-,rock,operative,-,cut,statement,manager,signalling,compact,slurry,monitoring,-,locate,sandwich,-,default,manage,benefit,invest,-,accurate,understanding,-,attention,approval,understanding,goal,-,delivery,option,-,fall,department,context,indicator,-,file,industry,-,enquiry,industry,fraud,-,sensor,audience,management,linen,goods,see,load,-,conversion,context,-,decision,designer,variation,aspect,-,target,bridge,-,finance,sign,competence,monitoring,ppe,context,role,read,-,framework,concern,right,-,expenditure,marketing,supplier,evaluate,customer,stock,legacy,realisation,enable,induct,scope,inter,programme,-,difference,towards,-,request,agreement,government,feedback,-,goal,recommendation,suite,planning,audit,show,consult,idea,word,-,operator,supplier,-,trend,trading,industry,-,timetable,account,-
28,obligation,mark,-,accord,heritage,-,ventilation,pressure,colleague,-,context,alloy,diagnose,mount,remain,term,consequence,fault,remain,case,-,purge,flux,workshop,-,aid,eye,-,sketch,inspection,fabrication,audit,colleague,incident,owe,modification,-,roll,selfemployed,disconnection,signal,industry,-,consumer,cross,completing,-,basis,wire,valve,malfunction,item,installing,switch,-,piece,directive,-,play,jig,-,manufacture,diagram,-,connection,jig,taper,run,taper,symbol,mark,assembly,deck,lift,feature,depth,solder,depth,-,correct,belonging,-,belonging,member,-,fix,timber,passenger,request,accessory,accident,inspectorate,-,explanation,cushion,-,tend,contract,office,conflict,-,timescales,factor,-,framework,continue,fee,research,-,reconciliation,economics,-,manner,amendment,law,receipt,-,finance,organisational,-,show,respect,authorise,-,contaminates,workload,productivity,colleague,objective,planning,transportation,-,removal,shutdown,-,research,budget,custom,selection,-,conduct,marine,-,reduction,direction,investigation,find,excavate,expose,update,timeframes,-,compliance,review,evidence,-,income,expenditure,chain,settle,client,traffic,commencement,challenge,influence,role,construction,progression,manager,-,appraise,management,-,address,member,efficiency,learn,-,objective,evaluation,feedback,prioritise,represent,interest,objective,relation,debrief,-,treatment,project,-,enhance,maintains,find,-,avoidance,technology,-
29,wedge,variation,-,finish,occur,-,boiler,rainwater,variation,-,consumables,arc,fabrication,remain,flanged,dispose,rule,adhere,scaffold,lift,-,rout,surface,rule,-,basis,move,-,review,idea,paper,purification,client,installation,assembly,input,-,law,coshh,authorise,concentrators,planner,-,undertake,footwear,puwer,-,payment,switch,lifed,start,isolation,function,assembly,-,accuracy,bsen,-,machine,injection,-,matting,minimum,-,realise,stroke,wire,depth,resolve,shape,pipe,overhaul,load,defect,realise,gear,education,fitting,-,legacy,guard,-,substance,attach,-,lev,selection,rope,ground,platform,verbal,computer,-,post,withdrawal,-,role,board,role,role,-,gas,scope,-,consider,advise,profile,evaluate,-,customer,trend,-,refer,amend,development,processing,-,reason,valuation,-,discrepancy,settlement,relating,-,drawing,sharing,making,housekeeping,accord,suite,project,-,running,obstruction,-,aspect,constraint,outcome,post,-,prosecution,lock,-,contingency,joint,account,road,mobile,contingency,timescales,surveying,-,involvement,life,confidentiality,-,configuration,income,welfare,decision,attendance,visitor,undertake,technology,list,concern,customer,lead,relationship,-,assure,duty,-,accord,occupation,conclusion,culture,-,stream,allocation,analysis,relationship,concern,benefit,promote,manage,delivery,-,integrity,solution,-,cpd,questioning,review,-,demonstration,sign,-
30,staff,marking,-,classify,enquiry,-,chill,accelerator,receiver,-,remain,term,shaft,context,context,height,return,designate,context,space,-,post,segregate,shield,-,oil,extraction,-,analysis,fluid,colour,processing,decision,extent,checking,calibrate,-,fault,engineering,ppe,disconnection,engineering,-,locate,instal,footwear,-,cable,motor,repair,isolation,adjustment,voltage,removing,-,satisfy,circuit,-,ester,mode,-,solder,semiconductor,-,fuel,checking,dy,slot,workholding,mig,owe,join,gas,steam,texture,speed,job,controller,-,veneer,tenoner,-,statement,hoist,-,soldering,recycling,mobile,official,stability,contract,commission,-,word,leadership,-,regulator,offer,booklet,meeting,-,building,premise,-,task,yield,administration,context,-,industry,review,-,amend,refer,extension,lloyd,-,trade,property,-,branch,show,industry,-,monitoring,review,embed,production,manage,customer,boundary,-,glue,personnel,-,editing,objective,discrepancy,brief,-,constraint,competence,-,role,engineering,ethic,presentation,resolve,employee,contribute,personnel,-,value,weigh,abuse,-,engineer,summarise,accounts,supplier,consultant,consultant,individual,solution,supplier,occupier,curve,meaning,user,-,planning,advise,-,describe,selling,negotiate,customer,-,concern,influence,development,legacy,defence,review,interest,promote,speak,-,collect,analysis,-,industry,client,role,-,wastage,call,-
31,prevent,processing,-,timber,transporting,-,glossary,contractor,monitoring,-,variation,joint,workshop,rule,consequence,scaffold,dispose,consequence,workshop,decision,-,cable,plant,designate,-,carrying,fluid,-,format,objective,manufacturing,subordinate,monitoring,brief,timescales,probe,-,compliance,certificate,engineering,removal,television,-,room,cable,connection,-,spectrum,sensor,resolve,adjustment,resolve,passenger,warn,-,shape,pressure,-,convention,trim,-,clothing,conduct,-,coshh,surface,precaution,hole,modification,assembly,consumables,pipe,vessel,depth,combine,cutter,core,education,-,fix,discrepancy,-,defect,ppe,-,rpe,container,erection,manoeuvre,specific,statement,confidentiality,-,bolt,organise,-,conflict,nominate,properness,manage,-,proposal,rectify,-,draft,explain,suitability,promote,-,relation,allocation,-,advice,accurate,trend,refer,-,money,release,-,rate,reason,advice,-,item,milestone,stakeholder,housekeep,retrieve,indicator,supplier,-,idea,assurance,-,appeal,stock,transaction,agreement,-,employee,lift,-,define,undertake,evaluate,investigation,govern,reinstatement,account,lone,-,belief,factor,group,-,trade,contractor,variation,recommend,encourage,fault,trade,context,breakdown,opportunity,value,relationship,summarise,-,contribute,behave,-,group,sale,recommendation,innovation,-,success,present,analyse,specialist,conform,manager,role,evaluate,maximise,-,indicator,officer,-,context,update,emission,-,sustainability,visibility,-
32,transport,business,-,panel,shop,-,museum,device,contractor,-,sling,shaping,bearing,consequence,rule,return,height,heat,snag,statement,-,joint,scaffold,parameter,-,electricity,lifting,-,feature,controller,register,assurance,underpin,configuration,copy,accuracy,-,stock,remove,theme,coshh,task,-,basis,goggles,fitting,-,chassis,remove,controller,item,gas,transmission,pressure,-,coshh,calibration,-,infusion,fume,-,winding,calibration,-,pipe,depth,cutter,mould,moulding,joining,competency,cable,sheet,compartment,depth,finish,precaution,precaution,-,variation,timetable,-,timetable,crane,-,operational,lev,extend,conjunction,extract,speed,delivery,-,install,kerb,-,rule,liability,myners,stakeholder,-,body,effectiveness,-,recognition,incur,mean,rule,-,query,prospect,-,accurate,request,case,term,-,resolve,review,-,prohibit,recover,right,-,gasket,group,resilience,stock,gather,business,example,-,output,evaluate,-,crew,provision,currency,delegate,-,benefit,coordinate,-,note,recording,contingency,competence,sub,customer,refers,recommendation,-,respect,achievement,belief,-,industry,budget,solution,option,review,repair,phase,evolve,group,option,model,sector,undertake,-,manager,cost,-,promote,call,review,fitness,-,worker,planning,role,demand,analysis,link,operator,communications,respect,-,privacy,client,-,member,sale,motivation,-,deadline,intervention,-
33,nuisance,injury,-,hole,machinery,-,instrument,sheet,sensor,-,space,remain,terminology,height,consumables,authorisation,refer,context,certification,reinstate,-,dry,top,refer,-,assistance,obligation,-,cost,replace,save,treatment,lead,underpin,accuracy,project,-,management,axle,disease,scada,ssow,-,exceed,foundation,enhancement,-,circuit,item,sequence,resolve,setting,sound,item,-,injection,machine,-,mandrel,iso,-,print,processing,-,repair,ejection,hole,die,core,thickness,drawing,shaft,repair,fighting,thread,resolve,return,fastener,-,occur,demonstration,-,avoidance,client,-,belonging,rpe,industry,vehicle,attachment,street,throughput,-,conduit,finish,-,council,objective,announcement,read,-,sector,objective,-,respect,agreement,solution,outcome,-,concept,valuation,-,relating,interest,alteration,contract,-,aspect,term,-,authorise,owe,show,-,overhaul,motivate,inspire,target,sector,implementation,role,-,colleague,improvement,-,talent,load,management,appeal,-,direction,encourage,-,objective,sub,reduction,accessibility,refer,operative,outcome,impression,-,registration,transition,drug,-,planning,circulate,consultant,consultant,stakeholder,development,quantity,workflow,factor,equality,commitment,development,manage,-,pace,honesty,-,strategy,review,role,idea,-,value,manager,challenge,relates,trend,marketing,satisfaction,encourage,definition,-,outcome,agency,-,manage,confidential,premise,-,spillage,role,-
34,contamination,indication,-,bead,nature,-,introduce,monitoring,compressor,-,consequence,context,designate,term,dispose,refer,authorisation,remain,atmosphere,authorisation,-,permit,copper,remain,-,demonstrate,reaching,-,calculation,evaluation,symbol,fluid,present,mould,modification,function,-,section,industry,coshh,pa,theme,-,switch,cantilever,escalation,-,tv,bsen,air,setting,align,pas,replacement,-,series,modification,-,relation,currency,-,diagnosis,understanding,-,pipework,fixture,feed,operating,size,steel,assembly,transmission,rig,circuit,cylinder,thread,basis,basis,-,pack,customer,-,demonstration,estimate,-,weld,masonry,statement,lev,construct,furniture,instrument,-,dispose,repair,-,correlation,market,strategy,stand,-,characteristic,liaise,-,asset,benefit,obligation,nature,-,behalf,duty,-,request,arrange,review,send,-,subject,variance,-,refer,consistent,underwriting,-,generation,outcome,value,sales,function,feedback,staff,-,cause,colleague,-,development,aspect,pay,right,-,concern,applies,-,industry,electrofusion,resolve,metallic,reinstatement,connection,accident,impede,-,commissioner,group,participate,-,consent,negotiate,optimise,value,delivery,deviation,authorise,review,document,variation,cash,strategy,aim,-,development,smoking,-,research,understanding,example,workforce,-,create,advice,objective,offer,section,culture,road,role,contribute,-,capability,present,-,adviser,administer,allowance,-,replace,nature,-
35,delivery,wherever,-,installers,operating,-,college,pipe,fan,-,rule,profile,adhere,respect,height,space,case,variation,station,nature,-,thickness,clip,filler,-,progression,warning,-,vdu,extent,join,commission,outcome,document,stock,analysis,-,coshh,shock,replacement,disease,calibrate,-,corridor,ear,goggles,-,soldering,pas,dispose,align,electricity,permit,modification,-,repair,bulletin,-,assembly,bonding,-,phase,wire,-,surface,pressure,chuck,diameter,computer,tube,understanding,bear,fastener,air,job,realise,finish,advice,-,objective,edge,-,preparing,statement,-,exhaust,exhaust,working,rpe,elevate,selection,stock,-,clear,vision,-,auto,advice,term,manner,-,calibrate,failure,-,proposal,analysis,seek,justify,-,error,benchmark,-,underwriter,attention,demand,reflect,-,ledger,approve,-,disclose,accurate,organisational,-,tpm,strategy,input,training,help,cost,agency,-,manufacturing,configuration,-,cost,role,supplier,supervise,-,pilot,promote,-,colleague,ppe,technology,locate,review,assistant,initiate,emerge,-,investigation,centre,participation,-,manage,evaluate,opportunity,proposal,handover,influence,welfare,cad,evaluate,diversity,contractor,intend,compliance,-,briefing,occur,-,disinfection,improvement,management,individual,-,expectation,investigation,recommend,output,monitoring,present,understanding,learn,account,-,consultation,wish,-,assess,inappropriate,introduce,-,ventilation,paramount,-
36,restraint,deliver,-,evidence,cutting,-,prison,exchanger,programme,-,dispose,consequence,marshal,guard,respect,case,term,consumables,pip,working,-,wheel,atmosphere,adhere,-,disposing,constitute,-,construction,commission,file,aerospace,complies,solution,measuring,back,-,bearer,task,certificate,ssow,disease,-,quarter,height,foundation,-,aid,sequence,pas,gas,guard,log,permit,-,depth,resolve,-,heat,extraction,-,insulate,depth,-,torque,feed,tooling,wire,owe,tig,device,steam,assist,cut,adjust,forming,forge,fluid,-,engineer,deadline,-,sustainability,review,-,demonstration,respiratory,servicing,formation,diagram,space,timescale,-,pipe,facility,-,span,term,law,officer,-,reel,benefit,-,suitability,recommendation,warning,development,-,investigate,influence,-,interest,task,settle,contribute,-,write,allow,-,industry,miss,entitle,-,isolation,behaviour,consultation,market,dispense,capacity,welfare,-,sequence,occur,-,script,accessory,return,demand,-,business,plant,-,manage,refer,assurance,customer,appear,lane,analysis,leave,-,treat,model,strategy,-,obligation,community,meeting,party,manage,construction,relations,mapping,model,consideration,allowance,phase,difference,-,encouragement,resolve,-,stakeholder,planning,timescales,consult,-,buy,aim,relationship,discus,individual,inspire,transport,technology,explain,-,availability,value,-,expectation,reciprocate,carbon,-,count,exceed,-
37,rectification,alert,-,seal,floor,-,hairnet,electricity,compression,-,height,rule,correct,refer,integrity,decision,decision,rule,variation,gas,-,surface,fusion,wire,-,appoint,oil,-,present,decommission,curve,plant,management,contingency,underpin,minimum,-,substance,precaution,shock,remove,replacement,-,bedroom,competence,insulation,-,analyser,replacement,drawing,electricity,torque,adopt,sop,-,marking,torque,-,pressure,undertaken,-,isolate,tube,-,fitting,drawing,fault,steel,cast,owe,tolerance,mig,coating,instal,slot,chuck,bend,braze,-,joist,device,-,deadline,surround,-,respiratory,belonging,radio,highway,drawing,spray,container,-,kerb,suitable,-,transaction,value,custody,property,-,format,goodwill,-,compile,create,charge,course,-,manage,play,-,decision,underwriter,demonstrate,department,-,transaction,applicant,-,forward,insurance,decide,-,calibration,value,prioritise,contractor,ability,link,hygiene,-,ink,operator,-,role,supervise,contribute,decision,-,document,relationship,-,solution,making,occur,difference,jointing,join,create,language,-,concern,contribute,wish,-,model,judgement,inconsistency,bid,deviation,property,employment,precise,approach,briefing,objective,listing,opinion,-,feel,contribution,-,pressure,participant,manager,decision,-,relationship,analyse,manager,encounter,achievement,encourage,review,benefit,concept,-,deliver,partner,-,benefit,reference,look,-,govern,accurate,-
38,retrieve,property,-,debris,wet,-,soundness,thermal,temperature,-,dismantle,grind,gas,case,return,working,space,feasibility,designate,steelwork,-,pre,station,variation,-,egress,waist,-,query,fabrication,convention,assess,adopt,management,press,create,-,sign,signalling,adjustment,diagram,coshh,-,hall,suspend,cantilever,-,seek,task,connection,controller,precaution,pipework,air,-,coating,rotor,-,coshh,owe,-,insulation,wiring,-,welding,operator,surface,surface,competency,inspection,depth,depth,furniture,currency,message,job,flame,progression,-,expertise,spillage,-,air,aid,-,ancillaries,induction,example,transport,govern,consumables,facility,-,anchorage,pad,-,publish,office,deficit,act,-,relationship,calculate,-,statement,present,date,value,-,expectation,economy,-,payment,underwrite,relating,slip,-,refer,query,-,exchange,contains,assurance,-,isolate,idea,style,development,leadership,gain,improvement,-,task,cause,-,cut,consult,department,research,-,feature,individual,-,leadership,recognises,feasibility,read,commission,excavate,decision,engineering,-,context,partnership,network,-,stakeholder,recommend,appoint,manage,decision,facility,compliance,analysis,agency,legacy,relationship,manager,handover,-,understanding,indicator,-,start,help,lead,interest,-,professional,expenditure,context,review,subordinate,redundancy,relationship,interest,context,-,image,sub,-,recommendation,bank,insurance,-,relevance,indicator,-
39,match,working,-,fitting,remove,-,installation,installation,transformer,-,respect,dispose,remain,consumables,authorisation,disconnection,working,dispose,confine,consumables,-,asphyxiation,grind,case,-,duty,spotting,-,office,facility,please,underpin,working,monitoring,account,circuit,-,plant,demonstrate,compliance,acquisition,handbook,-,core,helmet,ear,-,servicing,generation,defect,torque,speed,isolate,reduce,-,relation,testing,-,precaution,core,-,sustain,resistor,-,directive,production,mould,drill,finish,workpiece,expert,circuit,afloat,minimum,owe,making,competence,competence,-,move,govern,-,spillage,utility,-,fuel,foam,organise,belonging,brief,status,display,-,installation,body,-,accounts,memorandum,safekeeping,management,-,understanding,contractor,-,file,feature,assimilate,approach,-,instance,share,-,industry,manner,making,resolve,-,send,trend,-,resolve,act,legacy,-,repair,role,encourage,recruitment,collect,instrument,combination,-,slotting,downtime,-,scene,automate,revenue,factor,-,interaction,review,-,term,trench,role,reason,pressure,provision,transmission,harm,-,role,approach,assistance,-,customer,promotion,enquiry,judgement,survey,improvement,sequence,format,demonstrate,feedback,assurance,relation,reference,-,play,colleague,-,child,modifying,expectation,travel,-,address,agency,opportunity,clarification,involvement,seek,recruit,improvement,applies,-,propose,entail,-,perception,legacy,pay,-,chart,date,-
40,supervision,consumption,-,mark,wall,-,spectacle,fuel,commission,-,return,roll,earth,dispose,refer,isolation,adjustment,height,monitoring,reinstatement,-,per,confine,context,-,substance,eliminate,-,register,output,scale,machining,understanding,fabrication,menu,copy,-,switch,competence,voltage,engineering,adjustment,-,garden,visibility,loler,-,function,adopt,lock,guard,controller,train,document,-,fastener,radar,-,curing,symbol,-,stator,supervision,-,transmission,plate,finish,feed,tooling,device,hole,demonstrate,compartment,job,centre,perform,progression,profile,-,column,avoid,-,marine,organise,-,avoidance,powder,authorisation,operating,lay,productivity,stage,-,remove,governing,-,finalise,decision,rule,opportunity,-,management,culture,-,assist,write,undertake,cancellation,-,business,query,-,compliance,settle,outcome,pay,-,deem,clarification,-,pay,item,title,-,point,implementation,behaviour,payroll,delivery,technology,happen,-,remove,tolerance,-,audience,events,colleague,resolve,-,capital,obstruction,-,master,holder,term,analysis,defect,continuity,career,property,-,judgement,complaints,concern,-,micro,model,model,market,inspection,provider,employee,constraint,format,advice,advice,programme,witness,-,motivation,uphold,-,filtration,competitor,indicator,marketing,-,compliance,medium,negotiate,contribute,investigation,strategy,discus,partner,document,-,understanding,staff,-,encourage,show,travel,-,instal,volume,-
41,monitoring,cause,-,install,front,-,university,substance,split,-,refer,height,context,mechanism,case,feasibility,worksheet,respect,refer,segregation,-,ozone,brush,cpd,-,manner,working,-,extract,understanding,approve,veneer,write,agency,defect,convention,-,installation,compliance,ohle,industry,shock,-,category,puwer,suspend,-,distribution,securing,permit,speed,measuring,bsen,train,-,lift,wire,-,repair,ordinate,-,owe,assembly,-,brake,toolroom,drill,tooling,prove,supervision,perform,replace,depth,shape,moulding,face,ppe,bend,-,eg,relevance,-,relevance,balance,-,replacement,roof,candidate,sketch,discussion,rpe,malfunction,-,barrier,seam,-,spirit,cessation,auditor,decision,-,medium,instal,-,crime,accounts,continue,benefit,-,hold,property,-,arrange,advice,loss,presentation,-,decision,legacy,-,request,legacy,decision,-,sequence,effectiveness,evaluate,budget,role,strategy,consignment,-,configuration,rate,-,discussion,liaise,settlement,viability,-,recommendation,escape,-,configuration,jointing,implementation,contamination,accident,cost,recommend,agency,-,evaluate,belief,reflect,-,technology,approve,constraint,advice,influence,learning,theory,insight,undertake,goodwill,claim,construction,survey,-,validate,eat,-,energy,accident,divide,welfare,-,technology,trend,country,correct,statutory,promote,evaluate,market,meeting,-,management,investigation,-,relationship,agreement,packaging,-,ordinate,night,-
42,minimize,authorise,-,classification,undertake,-,architect,representative,vacuum,-,case,respect,decision,space,decision,protector,feasibility,return,leadership,weight,-,comah,arc,evaluate,-,employment,electricity,-,adhere,installation,angle,anodise,brief,business,marketing,title,-,injury,voltage,lock,shock,displacement,-,swa,install,helmet,-,isolate,modification,actuator,measuring,calibration,lifed,mating,-,replace,cabin,-,press,measuring,-,minimum,date,-,jig,collection,run,plate,electrode,depth,move,workpiece,pressure,pipework,seek,coshh,grind,manufacturing,-,timber,note,-,chart,influence,-,inspection,timetable,device,exhaust,category,asphalt,request,-,tamp,moisture,-,partnership,announcement,borne,revenue,-,estimate,sub,-,hold,conduct,framework,correlation,-,trade,consideration,-,negotiate,industry,industry,gather,-,launder,reveals,-,style,instance,clause,-,steam,improvement,lie,item,item,ordinate,aim,-,replace,proposal,-,approach,stage,invoice,backer,-,mitigation,ship,-,framework,appear,construct,sequence,pavement,machine,interest,contact,-,advocate,value,view,-,employment,valuation,summarise,improvement,user,review,transformer,feedback,evaluation,layout,task,solution,contract,-,motivate,behaviour,-,deliver,offer,target,staff,-,play,definition,content,undertaking,motivation,competence,contingency,conjunction,freedom,-,success,cost,-,variance,transaction,trust,-,weather,attend,-
43,cause,resolve,-,value,quantity,-,substance,transformer,filter,-,term,variation,permit,decision,space,adjustment,analyse,worksheet,fabrication,read,-,definition,adhere,working,-,training,identifying,-,concise,competence,document,evaluate,approach,drawing,depth,fabrication,-,hasawa,traffic,transfer,television,acquisition,-,spur,track,tensioning,-,safeguard,distribution,realise,calibration,actuator,instrumentation,victim,-,return,approve,-,trimming,terminology,-,interconnection,wave,-,depth,steel,plate,cutter,feature,heat,spot,joint,owe,gas,restart,drawing,face,finish,-,treat,lifting,-,weather,facility,-,timetable,steel,extent,fire,accident,conform,distribution,-,water,bound,-,review,properness,discretion,ethic,-,aim,continuity,-,liability,opening,strategy,objective,-,value,profile,-,decline,feature,address,clarify,-,practitioner,gather,-,extend,date,proceed,-,motor,mistake,liability,privacy,expectation,outcome,facility,-,variation,contribute,-,review,period,stage,enable,-,obligation,prioritise,-,contribution,member,consideration,route,danger,supervisor,opportunity,advice,-,view,representation,challenge,-,write,proposal,submit,amendment,property,consideration,supplier,anticipate,basis,discus,contract,milestone,monitoring,-,choose,discussion,-,suggestion,coach,autonomy,collaboration,-,attitude,confidentiality,conduct,pride,analyse,think,value,expectation,advice,-,planning,case,-,feature,advice,recycle,-,length,liaise,-
44,consumables,harm,-,demonstrate,concern,-,compress,generator,representative,-,decision,return,rule,variation,defect,device,governor,authorisation,shaft,reuse,-,space,gouge,joint,-,intend,slippery,-,appreciation,measurement,view,basis,finance,timescales,trialling,cad,-,sheet,vicinity,locate,task,compliance,-,living,construction,visibility,-,water,instrument,adjustment,motor,rope,motor,dismantling,-,vacuum,iso,-,bio,minimum,-,depth,switch,-,instal,distortion,speed,taper,drill,tolerance,wire,job,coshh,setting,overcome,grinding,employment,return,-,target,chart,-,height,disposal,-,defect,avoidance,goods,sustain,competence,shut,documenting,-,put,inspection,-,participate,booklet,duty,writing,-,price,recommendation,-,query,undertake,research,valuation,-,legacy,inclusion,-,fraud,payment,quotation,request,-,account,accurate,-,staff,default,disclose,-,analysis,respect,engage,establishment,occur,recommendation,show,-,operator,potential,-,voice,stakeholder,agency,publicity,-,provision,cargo,-,development,utility,decision,loss,manner,competence,presentation,finding,-,sense,viability,factor,-,flood,review,payment,marketing,contract,prioritise,adhere,discipline,dependency,authorisation,production,cost,deviation,-,piece,observe,-,economy,discus,account,encourage,-,rationale,community,learning,bind,conflict,technology,think,marketing,deploy,-,submission,attack,-,factor,feature,happen,-,integrity,factor,-
45,calibrate,consequence,-,combustion,manoeuvre,-,pipe,liquid,regulate,-,working,connector,consequence,return,remove,diagnose,approve,refer,case,disrupt,-,pd,fabrication,rod,-,mask,understanding,-,strategy,assurance,style,study,body,complies,device,depth,-,load,lock,integrity,certificate,disconnection,-,duty,directive,prove,-,minimum,safeguard,depth,directive,motor,consumables,pas,-,headset,realise,-,wind,extract,-,balancing,die,-,pressure,coshh,operating,discharge,installation,slag,thickness,basis,competence,metal,tidy,run,profile,moulding,-,unload,adopt,-,contribute,sketch,-,fault,demonstration,supervisor,statement,obstruction,operating,employer,-,safeguarding,efficient,-,scenario,statement,offer,call,-,premise,plasterboard,-,meeting,interval,bring,merit,-,arrange,research,-,client,proceed,refer,decline,-,receipt,recovery,-,equity,stipulate,settlement,-,cleaning,timeline,creative,laundry,understanding,response,flow,-,feedback,find,-,evaluate,industry,receipt,revision,-,light,objective,-,account,field,development,demonstrate,hole,client,influence,accurate,-,represent,participation,decision,-,architect,improvement,goodwill,customer,statement,attendance,motor,session,scale,fail,define,output,inspect,-,allocation,drug,-,sustain,equality,win,planning,-,emerge,analysis,promote,evaluate,culture,colleague,programme,style,achievement,-,manager,benefit,-,trust,competence,save,-,identification,day,-
46,strand,item,-,load,block,-,electricity,gas,valve,-,authorisation,plate,consumables,authorisation,resolve,analysis,replacement,decision,qualification,stack,-,mismatch,shaft,treatment,-,role,hair,-,dimension,pressure,hidden,review,authorisation,machining,assurance,manufacture,-,example,rail,traffic,cable,ohle,-,block,assist,frame,-,alignment,gas,testing,actuator,pipework,actuator,applies,-,pas,air,-,hybrid,disadvantage,-,die,extent,-,iso,pierce,distortion,chuck,defect,extract,distortion,plasma,air,craft,coshh,operating,shape,employment,-,hold,treatment,-,growth,contractor,-,deadline,cladding,confine,respiratory,adopt,belonging,bypass,-,industry,event,-,law,collection,underlie,description,-,factor,integration,-,review,goal,mislead,gap,-,gather,task,-,submit,underwriting,decision,timescale,-,response,reveal,-,legacy,monies,automate,-,dismantling,research,content,margin,recur,availability,resolve,-,manager,adjustment,-,executive,arrange,employee,player,-,land,discharge,-,occur,accident,party,flush,general,road,gap,help,-,accountability,relationship,practitioner,-,availability,production,valuation,stage,decisionmakers,account,feedback,present,purchase,suggest,recur,industry,suggest,-,specific,interest,-,aim,staff,value,manager,-,motivate,effectiveness,decision,participate,commitment,meeting,delegate,show,fire,-,disseminate,research,-,decision,preserve,harm,-,cone,diversity,-
47,end,job,-,containment,interior,-,commission,apron,public,-,worksheet,asphyxiation,mean,parameter,consideration,exchanger,diagnose,case,decision,relevance,-,electrocution,strike,competency,-,qualify,observing,-,abbreviation,rail,oblique,infusion,computer,scheduling,reference,radiation,-,supervise,management,circuit,vicinity,diagram,-,insulation,loler,harness,-,height,align,pump,pipework,move,fastener,directive,-,machine,cable,-,installation,agent,-,coshh,account,-,remove,mount,bore,speed,depth,mma,electrode,extent,extent,owe,precaution,wear,cutting,angle,-,label,movement,-,construction,brief,-,metal,ground,dispose,demonstration,approve,respiratory,conform,-,fixing,socket,-,mitigate,business,memorandum,commission,-,disruption,accurate,-,undertake,retain,launder,factor,-,purchase,industry,-,negotiation,negotiate,evaluation,score,-,trading,factor,-,stand,priority,arrange,-,temperature,point,manage,presentation,technology,volume,review,-,draft,machine,-,contribute,management,relationship,music,-,content,evidence,-,manner,mobile,software,conclusion,act,role,style,confidentiality,-,field,evaluate,advice,-,monitoring,research,investigate,negotiate,consent,variation,capacitor,play,derive,occupation,mean,understanding,fall,-,decide,motivate,-,collaborate,example,agenda,provider,-,delay,agreement,interest,judge,effectiveness,leadership,relation,commitment,gather,-,law,press,-,exceed,telephone,commitment,-,lifting,speed,-
48,opportunity,expiry,-,discover,inspection,-,contractor,variation,substance,-,snag,refer,aspect,complexity,screw,sheet,undertake,space,lesson,cylinder,-,etc,workshop,consequence,-,disagreement,cream,-,discipline,failure,sub,changeover,installation,audit,fluid,detection,-,analyse,occurrence,analyse,handbook,checking,-,amenity,insulation,testing,-,sequence,sight,assist,move,chain,grime,lifed,-,connection,turbine,-,corner,bond,-,enclosure,capacitor,-,chassis,recipient,directive,datum,edit,plasma,rail,furnishing,moulding,resuscitation,press,press,remove,screw,-,fault,sander,-,calculate,amend,-,movement,deadline,depend,platform,conduct,specialist,divert,-,mass,weather,-,acquire,privilege,contract,mean,-,relating,personnel,-,timescales,achievement,asset,provider,-,offer,devise,-,feature,firm,word,attention,-,offs,seek,-,business,banking,word,-,shock,react,role,evaluate,participant,agreement,stakeholder,-,improvement,quantity,-,member,disability,resolve,audience,-,inspection,industry,-,consult,pavement,patent,flow,treat,hygiene,coverage,job,-,triangulation,address,review,-,advisor,factor,present,life,aim,disruption,delivery,cost,adopt,contract,client,governance,independence,-,achievement,plant,-,overcome,obstacle,effectiveness,human,-,market,benefit,market,wider,reduce,finance,rule,address,evidence,-,function,workforce,-,account,approve,idea,-,calculate,official,-
49,shut,pollute,-,sealant,fire,-,receptacle,vessel,voltage,-,compliance,case,calibrate,asset,compression,approve,linkage,working,agreement,aid,-,slippery,alignment,supervisor,-,facility,lower,-,understanding,subordinate,cable,layout,audit,format,purification,edit,-,move,approve,counter,precaution,lock,-,enterprise,demonstrate,injury,-,loss,permit,safeguard,rope,operating,placing,aid,-,modification,shock,-,preg,assurance,-,connector,symbol,-,bodywork,face,resolve,resolve,master,fume,minimum,supervision,remove,pipe,dome,tolerancing,initiative,mark,-,development,suitability,-,allocate,post,-,ventilation,spillage,slip,height,fuel,mark,operating,-,strip,wood,-,strike,committee,document,governor,-,extinguisher,ordinate,-,income,notice,signature,verify,-,stock,comparators,-,accept,decline,exceed,decision,-,business,explain,-,manner,chase,manner,-,connection,project,workforce,cellar,suite,organise,move,-,development,fault,-,edit,manage,package,party,-,side,planning,-,installation,approach,present,appear,repair,avoid,define,observe,-,meaning,independence,worker,-,none,consultant,benefit,maker,evaluate,supervise,load,convert,study,trespass,achievement,finance,evidence,-,meeting,supervision,-,divide,note,professional,contingency,-,trend,enable,encourage,consequence,toxic,context,decision,workforce,property,-,term,option,-,review,representative,fail,-,lubricate,route,-
