,temporary traffic management construction,traffic management,stop0,construction site management,construction site supervision,occupational work supervision construction,stop1,pension scheme trusteeship,pension trustee board secretaryship,secretary to the trustees of pension funds,trustee and management committee,stop2,providing advice on securities or derivatives in the non retail market,providing advice on securities or derivatives in the retail market,stop3,general insurance,general takaful,insurance technicians supervisors,london market,stop4,bank accounts,customer payments for financial products and services,financial services sales process,investment operations,"life, pensions and investments",stop5,credit management,financing and credit,stop6,gas network construction,multi utility network construction,network construction operations,stop7,electricity network control engineer,gas networks engineering management,utilities network planning and management,stop8,sport and play surfaces level 2,sport and play surfaces level 3,stop9,hospitality management,hospitality supervision and leadership,stop10,engineering maintenance in food manufacture,food business operational management,food business strategic leadership,production management,supply chain management,stop11,harbour masters,supervision of port operations,stop12,"inspectors of health, social care, children and young peoples services",leadership and management for care services,stop13,directors,production accounting,senior producers,stop14,built environment design and consultancy practice,construction contracting operations management,construction senior management,site inspection,stop15,building services engineering technology and project management,electrotechnical services electrotechnical technology and project management,"project control, estimating, planning and cost engineering",project management,stop16,expedition leadership and management,management and leadership,managing in road passenger transport,outdoor sector senior roles,professional skills for government psg,stop17,constructing capital plant steel structures erecting,fabricating steel structures plating,"installation, testing and commissioning of electrical systems and equipment plant",installing plant and systems mechanical,installing plant and systems pipefitting,maintaining plant and systems electrical,maintaining plant and systems instrument and controls,maintaining plant and systems mechanical,monitoring engineering construction activities,supporting activities in engineering construction,welding plate and pipework,welding supervision,stop18,rail engineering overhead line equipment construction suite 2,rail engineering overhead line equipment construction suite 3,stop19,rail engineering,rail engineering signalling suite 2,rail engineering signalling suite 3,rail engineering telecoms suite 2,rail engineering telecoms suite 3,stop20,performing engineering operations suite 1 2006,performing engineering operations suite 2 2006,stop21,composite engineering suite 2,composite engineering suite 3,stop22,engineering and manufacture suite 4,engineering leadership and management suite 4,engineering leadership and management suite 5,engineering leadership suite 3,engineering technical support suite 2 2007,engineering technical support suite 3 2009,stop23,engineering maintenance and installation suite 2 2008,engineering maintenance suite 3 2008,installation and commissioning suite 3,installation and commissioning suite 3 2003,rail engineering traction and rolling stock suite 2,rail engineering traction and rolling stock suite 3,stop24,electrical and electronic engineering suite 3,electrical and electronic engineering suite 3 2004,stop25,aeronautical engineering suite 2,aeronautical engineering suite 3,stop26,automotive engineering suite 3,engineering toolmaking level 3,engineering toolmaking suite 3,engineering toolmaking suite 3 2005,"engineering woodworking, pattern and model making suite 3 2002",fabrication and welding engineering suite 3,fabrication and welding suite 2,marine engineering,marine engineering suite 2,marine engineering suite 3,mechanical manufacturing engineering suite 2 2008,mechanical manufacturing engineering suite 3 2008,performing engineering operations suite 1,performing engineering operations suite 2,stop27,heating and ventilating,plumbing and domestic heating,refrigeration and air conditioning,stop28,"fenestration, installation and surveying",glazing,stop29,precast concrete operations,production of glass supporting fabrications,stop30
0,traffic management,road,-,performance criterion,performance criterion,performance criterion,-,trustee,trustee,trustee,trustee,-,security derivative,firm,-,claims,claims,insurance,market,-,accordance organisation,payment,product services,investor,pension,-,credit,financing,-,gas network,excavation,supply apparatus,-,network,network,utility sector,-,foundation,sport,-,food,staff,-,food,food drink,food drink,food,supply chain,-,port,port,-,scrutiny,service provision,-,production,production,production,-,project,construction contract,project,site inspection,-,services engineering,project,plan cost,project,-,describe,perform standard,project,outdoor,stakeholder,-,steel,engineering construction,isolation,engineering construction,pipework,plant equipment,instrument control,plant equipment,engineering,engineering construction,weld,weld,-,steelwork,steelwork,-,organisation procedure,signal,signal,telecom,telecom,-,engineering,engineering environment,-,moulding,moulding,-,maintenance activity,engineering,engineering,engineering,engineering,program,-,maintenance activity,maintenance activity,commissioning,commissioning,maintenance activity,maintenance activity,-,circuit,circuit,-,aircraft,aircraft,-,vehicle,try,machine,machine,machine,weld,weld,weld,yacht,marine,machine,machine,assembly,machine,-,component accessory,plumbing,component accessory,-,window,glaze,-,product material,glass,-
1,traffic,traffic,-,criterion record,criterion record,criterion record,-,scheme,scheme,pension,charity,-,derivative,security derivative,-,organisation procedure,holder,claims,insurance,-,organisation procedure,accordance organisation,services product,investment,payment,-,payment,credit facility,-,excavation,network,apparatus,-,network asset,network asset,energy utility,-,sport,textile,-,beverage,food,-,food drink,drink,drink,production,chain,-,marine,vessel,-,child,child,-,producer,expenditure,contributor,-,synthesis,tender,tender,project,-,building services,tender,project control,stakeholder,-,stakeholder,standard demonstrate,stakeholder,sector,diversity inclusion,-,steel section,reinstate work,enclosure equipment,engineering,engineering construction,reinstate work,instrument,engineering,engineering construction,engineering,appreciation,welding,-,direction,line equipment,-,approve organisation,signal equipment,signal equipment,telecom equipment,telecom equipment,-,engineering activity,work engineering,-,mould,defect moulding,-,engineering,engineering activity,product process,engineering activity,engineering activity,software,-,fault,fault,commissioning activity,commissioning activity,traction roll,traction roll,-,assembly,cad,-,moulding,aviation,-,assembly,press,workholding,program,model,welding,machine,maintenance activity,boat,overhaul,setter,spring,weld,program,-,accordance system,appliance component,accessory,-,glaze,glass,-,information systems,fabrication,-
2,performance criterion,tunnel,-,project,demolition,machinery equipment,-,pension,pension,scheme,community organisation,-,risk tolerance,derivative,-,accordance organisation,claim,claim,claims,-,accounts,organisation procedure,business,organisation procedure,investment,-,query,credit,-,network construction,network construction,procedure practice,-,engineering,utility network,network,-,example,play,-,menu,hospitality,-,drink,food,food,food manufacture,food,-,master,area operations,-,abuse,worker,-,designer,cash,talent,-,stakeholder,project,synthesis,inspection information,-,project,workforce,project,project management,-,colleague stakeholder,industry sector,equality,sport,project,-,reinstate work,weld,wire systems,machine,engineering,engineering construction,control systems,term include,quality health,decision limit,finishing method,welding activity,-,line equipment,ole,-,riddor,etcs,etcs,railway,railway,-,engineering environment,procedure time,-,resin,identify defect,-,improvement activity,engineering schedule,research,research,cad,engineering,-,installation activity,servicing activity,installation activity,installation activity,roll stock,roll stock,-,inductor,check compliance,-,aircraft component,engine,-,engine,press tool,workpiece,press tool,program,machine,welding,machine,yacht boat,yacht,machining,workpiece,difficulty problem,assembly,-,heating ventilate,component accessory,heat pump,-,glass,glazing,-,accord standard,information systems,-
3,maintain remove,incident,-,equipment machinery,equipment machinery,plant machinery,-,employer,fund,investment,board,-,provide advice,investment,-,claim,renewal,insurance claims,work consequence,-,till,customer payment,organisation procedure,accordance organisation,alteration,-,dispute,facility,-,supply apparatus,supply apparatus,excavation,-,asset,utility,utility,-,substructure,part describe,-,staff,food safety,-,drink operations,business,business,manufacture,model practice,-,vessel,safety security,-,adult,lead manage,-,director,payment,script,-,evaluation,synthesis,stakeholder,synthesis,-,engineering project,plant labour,engineering,context project,-,health welfare,stakeholder,diversity,stakeholder,sector,-,engineering,fabrication,cable,machine tool,term include,component plant,reinstate work,engineering construction,scope definition,environment work,join,engineering,-,ole,wire,-,regulation ppe,train control,train control,organisation procedure,bearer,-,work engineering,safety work,-,production,deal defect,-,research,engineering problem,evaluation,directive,produce modify,computer,-,fault location,carry maintenance,device,commission,traction,traction,-,transformer inductor,manufacture,-,assembly,overhaul,-,leisure,die,press tool,workholding,pattern,welding equipment,plate,gas,marine,yacht boat,machining activity,program,welding,seek help,-,system design,heat systems,accordance system,-,window door,information systems,-,precast,accord standard,-
4,motorway,area operations,-,plant equipment,conservation restoration,equipment vehicle,-,investment,investment,fund,community,-,ascertain client,competency,-,insurance,impact activity,business,market systems,-,transaction,store access,agency,market,organisation procedure,-,debt,accordance organisation,-,network,utility,network,-,network engineering,engineering,network asset,-,skac,grass,-,hospitality,drink,-,maintenance activity,work food,strategy,food drink,theory model,-,stakeholder,casualty,-,provider,child people,-,contributor,claims,budget,-,project information,survey,tenderers,stakeholder,-,engineering,contractor,engineering activity,group individual,-,sector,product services,budget,link unit,diversity,-,engineering construction,fabrication meet,cable systems,material removal,reinstate work,reinstate,component instrument,reinstate work,construction plan,relate matter,weld process,engineering construction,-,wire,section,-,regulation working,work leader,train,bearer,organisation procedure,-,dress,occurrence malfunction,-,mould use,resin,-,directive,obtain resource,decommissioning,product process,program,machine,-,device,servicing,commission,device,carry maintenance,roll,-,transformer,compliance check,-,coat,wing,-,moulding,machine,device,workpiece,machining,plate,section,marine,maintenance activity,boat,cnc,overhaul,assembly activity,circuit,-,ventilate,heating system,system design,-,door,supply equipment,-,standard operate,standard operate,-
5,install maintain,traffic management,-,machinery,tunnel,machinery,-,interest,asset,sfp,mission,-,depend responsibility,depend responsibility,-,insurer,business,include standard,systems process,-,customer colleague,payment customer,accordance organisation,transaction,accordance organisation,-,credit limit,organisation procedure,-,apparatus,apparatus,apparatus sub,-,belongs,asset,sector,-,part describe,prefabricate,-,payment,wine,-,use food,delegate authority,strategy policy,performance food,food drink,-,policy plan,diversity,-,health care,abuse,-,studio,budget,producer,-,information document,evaluation,project team,verify,-,tender,labour,risk opportunity,phrase,-,explain,sector,colleague stakeholder,leisure,customer service,-,reinstate,reinstate,enclosure,reinstate work,area engineering,engineering,engineering construction,area engineering,safety culture,environment activity,join material,weld activity,-,escalation procedure,wiring,-,track,train,organisation procedure,gsm,circuit,-,difficulty problem,work regulation,-,cure,application method,-,product process,drawing,engineering process,computer,cad system,engineering activity,-,assist installation,circuit,fault,fault,roll,stock,-,coil,film,-,aviation,fastener,-,device,prove,program,device,assembly,joint,gas,welding,coat,work test,lens,assembly,machine,weld,-,accessory,heat,pump,-,glazing,industry regulation,-,operate procedure,operate procedure,-
6,carriageway,vehicle,-,contractor,plant equipment,manufacturer standard,-,deed,asset class,funding,trust,-,firm,information client,-,renewal,principle regulation,insurance market,relevant work,-,bank,method receive,promote,fund,life,-,credit facility,include standard,-,responsibility employer,utility network,sub structure,-,electricity,network engineering,energy,-,excavation,undercarriage,-,room,feedback,-,carry maintenance,business plan,culture,drink,drink,-,traffic,passenger,-,agency,procedure practice,-,performer,accounting,production process,-,business,information document,evaluation,project requirement,-,consultant,work location,standard concern,management plan,-,describe type,demonstrate skill,equality opportunity,colleague stakeholder,inclusion,-,section,steel,isolation disconnection,area engineering,pipework component,maintenance maintain,engineering,asset,drawing,limit work,preparation finishing,parent material,-,renewal,bond,-,haswa,organisation procedure,work leader,circuit,gsm,-,procedure time,engineering,-,moulding activity,moulding application,-,sigma,produce draw,implementation,decommissioning,use cad,programming,-,carry maintenance,replace,connection,connection,stock,carry maintenance,-,assembly activity,circuit design,-,mould,flight,-,cable,mould,grind,press,wood,arc,joint,fault,provide basis,weld,quality accuracy,device,report difficulty,device,-,weld,appliance,accessory component,-,conservatory,regulation building,-,know health,deal accord,-
7,method work,caller,-,programme schedule,contractor,welfare,-,fund,contribution,asset allocation,board trustee,-,client circumstance,provide advice,-,impact activity,extension limitation,structure insurance,work accordance,-,product services,time limit,organisation product,stakeholder,underwrite,-,sales,need pay,-,gas,designate person,safety environment,-,operations maintenance,design brief,asset,-,edge,install,-,leadership team,health hygiene,-,fault,productivity quality,operation food,changeover,logistics,-,statutory organisation,equality,-,carers,harm abuse,-,personnel include,film,funding,-,dispute,tenderers,dispute,decision maker,-,design solution,project requirement,uncertainty,context,-,budget,demonstrate behaviour,opportunity diversity,suite standard,reflect practice,-,environment work,component equipment,systems wire,engineering drawing,reinstate,standard maintenance,reinstate,reinstate,technician,procedure case,reinstate work,consumables,-,bond,earthing,-,asset,track,track,work leader,bearer circuit,-,safety work,aid facility,-,range mould,moulding identify,-,carry maintenance,computer,quality assurance,problem resolve,modify,cnc,-,circuit,diagnosis,carry installation,carry installation,stock equipment,fault,-,precaution,compliance component,-,servicing,device,-,refitting,prove activity,workholding device,workholding device,component use,section,bend,thread,paint,maintenance activity,confirm machine,workholding,circuit,help advice,-,standard regulation,systems water,equipment component,-,aperture,regulation comply,-,standard operating,production,-
8,road,network,-,welfare,machinery,vehicle,-,trust deed,class,asset,functioning,-,client risk,employ organisation,-,principle regulation,condition relevant,insurer,market requirement,-,organisation requirement,access organisation,organisation requirement,investment market,impact activity,-,customer payment,organisation guideline,-,communicate data,procedure practice,network construction,-,meeting,principle process,utility network,-,purpose make,surface check,-,profit,hygiene safety,-,food safety,delegate,secure commitment,production target,goods,-,target group,learn,-,harm abuse,promote,-,idea,insurance,idea,-,design contract,condition survey,supplier services,maker,-,project design,work project,use project,affect project,-,industry sector,manager leader,area responsibility,goal,equality,-,erect,environment work,engineering,condition plant,test integrity,term include,standard instrument,asset term,activity scope,practice purpose,detection defect,area reinstate,-,registration,registration,-,rule,swl,swl,bearer circuit,cctv,-,tidy work,work act,-,fibre,mould,-,project,problem resolve,engineering product,engineering product,machine,computer system,-,provide basis,fault diagnosis,fluid,fluid,fluid,replace,-,film,precaution,-,access structure,maintenance activity,-,fastener,power press,press,grind,machining activity,metal,welding equipment,propulsion,machine,machine,production,workholding device,carry action,cable,-,accordance version,system supply,introduce hazard,-,building regulation,requirement statutory,-,deal accord,problem relating,-
9,install,organisation procedure,-,safety welfare,conservation,safety welfare,-,deed rule,content,employer,beneficiary,-,employ organisation,authority give,-,comply compliance,market role,cover term,work feature,-,money laundering,query,promote organisation,services product,require underwrite,-,export,accounts,-,employer employee,gas network,candidate,-,utility skill,setback,stakeholder,-,play,install surface,-,reservation,supervise,-,instrumentation,productivity,area food,drink manufacture,management theory,-,benefit constraint,team member,-,harm,carers,-,budget,idea method,financier,-,project stage,project information,procurement,commissioning,-,design option,labour material,cost schedule,group,-,research,knowledge understand,industry sector,strategy,business,-,tool terminology,component steel,relate task,work hold,condition pipework,onshore,station installation,compressor engine,safety legislation,construction activity,engineering construction,parent,-,conductor,earthing bond,-,engineering,swl work,ssow,cctv,work leader,-,occurrence malfunction,occurrence,-,produce mould,moulding use,-,fault,schedule engineering,assurance,regulation directive,model,produce program,-,conjunction others,cable,instrument device,air,schedule maintenance,cable,-,component circuit,checking,-,completion activity,lock,-,assembly activity,assembly,machining,assembly,produce component,welding activity,quality accuracy,disconnection removal,assembly,device,operations perform,wire,treatment,engineering,-,heating,context circumstance,implementing monitoring,-,curtain,glass material,-,responsibility obligation,candidate,-
10,management equipment,line organisation,-,quantity cost,restoration activity,record report,-,matter,sfp,asset class,object,-,authority give,cover competency,-,structure insurance,party impact,reason recommendation,structure insurance,-,banking,require authority,requirement relating,settlement,principle regulation,-,payment term,business,-,designate person,site risk,approve procedure,-,service problem,engineering principle,project,-,link unit,layer,-,kitchen,ensure staff,-,instrumentation control,quality compliance,need skill,manufacture supply,model,-,cover competence,berth,-,service provider,family,-,makeup,production environment,post production,-,procurement,procurement,form contract,application identify,-,contractor,accordance project,learn,project scope,-,welfare,feedback,sector,recommend manager,vision,-,steel erect,area engineering,disconnection,fitter,drawing specification,onshore installation,control maintenance,systems compressor,relations,standard support,procedure detection,standard weld,-,escalation,conductor,-,work act,ssow,swl work,riddor,test check,-,work relationship,aiders appoint,-,tooling,consumables tool,-,production,resource engineering,engineering activity,quality control,flaw,save,-,fluid,device,air,fastener,isolation,isolation,-,core,circuit board,-,provide basis,replace,-,precaution,dy,fixture,cnc,mould,gas,fabrication,wire,report problem,fastener,produce component,cnc,mould,workpiece,-,ductwork,services system,work introduce,-,curtain wall,identification hazard,-,problem relating,identify problem,-
11,mobile,road user,-,tunnel,decision maker,project,-,trust,employer,content,govern,-,investment,competency require,-,insurance market,loss cover,recommendation regard,insurance market,-,laundering,entry,monitor business,application code,work behalf,-,accordance requirement,regulation include,-,data information,gas,network activity,-,note standard,define competence,information data,-,make equipment,describe,-,dish,hygiene,-,haccp,feedback,leadership,resolution,theory,-,enforcement,baggage,-,promote,adult,-,music,tax,expenditure,-,risk opportunity,contractor,feedback,inspection use,-,building conservation,manage effectiveness,tender,life cycle,-,explain importance,perform,diversity area,practitioner,strategy,-,area tool,term include,wire,performance condition,engineering drawing,prepare include,condition instrument,device rotate,perform,onshore,welding,construction engineering,-,authority follow,design draw,-,regulation riddor,haswa,leader,track,riddor,-,carry engineering,process machinery,-,core,material consumables,-,improvement idea,ensure schedule,authorise,engineering manufacturing,drawing,flaw,-,isolation,isolation,carry commissioning,pressure,fluid power,lock,-,semiconductor,safety precaution,-,cable,component aircraft,-,machine,injection,jig fixture,fixture,face,weld equipment,roll,device,weld,assembly,ensure machine,grind,leave,maintenance activity,-,industry standard,implementing monitoring,heat,-,door set,consumables fix,-,obligation health,product material,-
12,manufacturer information,address,-,project requirement,restoration,deviation,-,compensation,sip,class,ensure organisation,-,competency,market,-,condition relevant,activity structure,market,process relevant,-,counter,action require,include standard,code law,structure insurance,-,standard ability,application code,-,procedure practice,designate,construction operations,-,commission,professionalism support,contingency plan,-,concrete,fill,-,recipe,cellar,-,control point,supply operations,diversity policy,supply operations,drink operations,-,appropriate stakeholder,principle type,-,inspection activity,discrimination,-,post production,accounts,project,-,market,production,safety welfare,area site,-,conservation area,requirement project,competence require,project requirement,-,sector knowledge,standard manager,link unit,suite,colleague stakeholder,-,site onshore,assembly,engineering drawing,reinstate,drawing,site onshore,performance condition,hvac,variation achieve,safety relate,welder,weld process,-,insulator,work hazard,-,regulation instruction,leader,railway,line equipment,fault,-,tidy,evacuation premise,-,produce range,defect identify,-,responsibility require,scheduling,risk reduction,directive guideline,flaw detection,carry follow,-,connection,fluid,fastener,escalator,'lifed,etcs,-,device,device,-,resin,completion activity,-,prototype,injection mould,jig,jig fixture,device,bend,join,removal activity,precaution,report problem,machine tool,set machine,area condition,wiring,-,version industry,heating,standard regulation,-,learner,problem resource,-,type problem,glass glass,-
13,legislation guidance,escort,-,sub contractor,safety welfare,perform role,-,accordance trust,member contribution,trust,committee,-,obligation,involve provide,-,cover term,organisation procedure,application code,quotation,-,regulation organisational,transaction,sales,relating application,extension limitation,-,recovery procedure,relating application,-,employer,network activity,highway,-,budget,atmosphere professionalism,contingency,-,environment hazard,surface installation,-,feedback,area responsibility,-,safety food,standard skill,govern body,handover,procurement,-,incident,incident,-,adult child,systems procedure,-,project,project,negotiation,-,client stakeholder,supply chain,client customer,undertake development,-,workforce,circuit,breakdown,individual,-,unit recommend,sector knowledge,knowledge understand,sport leisure,leadership,-,onshore installation,engineering,equipment plant,station installation,raise query,environment expect,workshop power,performance condition,engineering drawing,appropriate person,oxidation,welder,-,installation activity,insulator,-,working practice,riddor,haswa,swl,telephone,-,report difficulty,lifting carrying,-,production mould,machine,-,welding,safety risk,facility,generate report,computer,calibration,-,air,precaution,pressure,equipment installation,device,diagnosis,-,wire,carry compliance,-,supervision member,assembly,-,safety precaution,produce component,cnc,toolroom,quality accuracy,fabrication,metal,dismantling,safety precaution,precaution,iso bsen,machining,leave work,workholding,-,pipework,system design,accordance version,-,bay,accord specification,-,manufacturing,responsibility obligation,-
14,speed,flow,-,client customer,welfare,decision maker,-,sponsor,asset allocation,deed rule,governance,-,loss involve,advise,-,market role,provider,code law,party impact,-,explain customer,deal complaints,organisation services,regulation include,amend information,-,aspect organisation,code law,-,highway,work excavation,work supervision,-,energy utility,asset network,maintenance development,-,surface equipment,describe knowledge,-,food preparation,learn,-,replace,skill knowledge,thinking,process performance,transport operations,-,ha responsibility,moor,-,principle risk,achieve outcome,-,funding,tv,production team,-,application ensure,entitlement,welfare,commission,-,project specification,contractor contractor,variance,review project,-,list skill,organisation stakeholder,customer service,finance,innovation,-,variation achieve,section,supply information,hold device,onshore installation,environment work,scaffold work,standard maintenance,make variation,site onshore,reinstate,engineering production,-,competent,railway,-,section health,line equipment,testing,system work,track,-,aid facility,carrying technique,-,produce moulding,identify range,-,regulation directive,company information,subordinate,engineering requirement,sales,computer aid,-,safety precaution,wire,instrument,carry commissioning,carry schedule,circuit,-,fault,component specification,-,standard procedure,log,-,sub,tool die,toolroom,jig,safety precaution,quality accuracy,heat treatment,disconnection,device,welding,assembly,production,sand,condition completion,-,system associate,standard regulation,plan programme,-,doorsets,regulation time,-,identify problem,operating procedure,-
15,schedule risk,drive,-,maintenance activity,sub contractor,maker,-,asset,board trustee,deed,operate manner,-,information client,require involve,-,party impact,situation authorise,term condition,market role,-,currency,regulation organisational,offer,requirement relating,insurer,-,management system,pay attention,-,use communicate,responsibility employer,traffic,-,expertise,standard define,option,-,cast,perimeter,-,food safety,linen,-,pressure,need skill,supply operations,work food,transport,-,responsibility authority,craft,-,individual,leadership management,-,theme,loss,supplier,-,project stakeholder,investigation,strategy,engineering installation,-,implementing monitoring,project work,practitioner,lead project,-,learn,behaviour,promote equality,understanding organisation,equality opportunity,-,onshore,site onshore,engineering construction,workshop power,site onshore,technique achieve,power station,pressure vessel,result case,responsibility standard,segregation,environment work,-,enhancement,drawing specification,-,ha place,railway,test equipment,connection,swl,-,help advice,accident involve,-,technique produce,consumables,-,engineering product,responsibility require,ensure problem,manufacturing,engineering requirement,program format,-,precaution,remain standard,escalator,run,installation activity,fault diagnosis,-,voltage,manufacturing,-,report problem,replacement,-,safety regulation,component produce,thread,thread,woodworking,procedure specification,report problem,carry maintenance,cable,set work,distortion,turbine,condition completion,assembly activity,-,plan programme,site services,pressure,-,installation material,requirement identification,-,machinery tool,obligation health,-
16,comply give,user,-,record show,programme schedule,craft,-,advice receive,calculation,trust deed,strategy structure,-,market,responsibility authority,-,policy cover,person department,insurance cover,principle work,-,money,pay,maintain business,include standard,market role,-,collection,law requirement,-,designate,responsibility job,supervision,-,principle process,professionalism,development activity,-,others environment,surface meet,-,supplier,food production,-,diagnosis,area responsibility,skill knowledge,manage production,supply supply,-,plan procedure,relevant area,-,achievement,harm,-,character,insurance claims,production schedule,-,strategy,stakeholder,application ensure,use supervisor,-,project requirement,obligation,bid,project stakeholder,-,list,business,project sponsor,unit recommend,opportunity diversity,-,safety legislation,onshore,reinstate work,power station,onshore,safety legislation,technique achieve,environment asset,responsibility interpret,onshore installation,consumables equipment,variation achieve,-,section,design range,-,law relevant,management system,riddor,leader,equipment test,-,carry action,group substance,-,consumables tool,identify deal,-,problem resolve,manufacture,framework ensure,advice guidance,draw use,drawing,-,fastener,instrumentation control,equipment installation,use installation,maintenance record,controller,-,armature,checking activity,-,servicing activity,defence mod,-,report problem,handover,face,wheel,cnc,wire,heat,pipework,regulation directive,overhaul activity,operation machine,iso bsen,job instruction,advice determine,-,equipment component,circumstance identify,version industry,-,fixture fitting,equipment battery,-,operating procedure,safety health,-
17,control equipment,management measure,-,systems services,maker,team member,-,class member,pension arrangement,understand nature,organisation operate,-,tolerance risk,depend,-,activity structure,task regard,audit,feature product,-,code law,accounts,regulation include,law requirement,party impact,-,recovery,requirement relating,-,site risk,company procedure,sub,-,commissioning,work manner,procedure contingency,-,excavate,divide part,-,leadership,meeting,-,fault diagnosis,adhere,standard skill,associate supply,logistics transport,-,pollution incident,learning,-,wellbeing,care service,-,hire,expenditure budget,investor,-,design project,control contract,summarise,application monitor,-,labour,specification draw,procurement,deliver project,-,information knowledge,area responsibility,market,link,culture,-,make variation,onshore installation,identify people,scaffold work,responsibility extend,practice preparation,detection device,onshore,select technique,support engineering,mag weld,make variation,-,wiring,jumper,-,instruction policy,control system,fault,rule,testing,-,activity carry,appoint person,-,surface treatment,tool co,-,manufacturing,carry follow,lead direct,responsibility require,material structure,safety precaution,-,replace,instrumentation,method technique,run equipment,overhaul,fluid,-,report problem,equipment systems,-,safety precaution,ministry defence,-,set test,tool jig,wheel,face,drawing,report problem,shape,cutting,job instruction,safety precaution,bsen,lens,gas,leave work,-,regulation specification,accessory,services establishment,-,fixture,infill,-,safety procedure,type problem,-
18,speed road,signal,-,criterion identify,criterion identify,use plant,-,invest fund,class instrument,trustee know,organisation ensure,-,ascertain,client security,-,refer situation,settlement,safety impact,procedure service,-,application code,information store,services offer,product services,underwrite risk,-,customer accordance,facility limit,-,accident recording,accident recording,design candidate,-,reduction method,evaluation,type network,-,surface installation,unit divide,-,maximise,menu,-,controller,operations supply,equality diversity,production line,freight,-,applies,storage operations,-,work set,well,-,concept,production management,production ensure,-,settle,decision maker,offer,safety welfare,-,commission,project specification,business,client customer,-,threat,engage,eu,understanding principle,programme project,-,construction need,variation achieve,termination,plant equipment,case require,installation explosive,requirement respect,site onshore,culture,statement permit,control test,result case,-,renew,layout,-,track access,rule,signal maintenance,track safety,leader,-,activity need,qualify aiders,-,iso bsen,sheraography,-,directive guideline,engineering process,colleague subordinate,computer generate,provide basis,problem resolve,-,safety regulation,safety precaution,run,commissioning process,sensor,isolation lock,-,safety precaution,print circuit,-,ministry defence,removal replacement,-,procedure realise,machining,assembly,profile,shape,join,expert work,propeller,carry maintenance,cable,job instruction,mount,moulding,provide basis,-,variation plan,accordance version,environment manufacturer,-,drainage hole,record information,-,safety responsibility,systems information,-
19,associate resource,procedure address,-,sustainability,influence factor,area associate,-,contribution,offer scheme,trust understand,title,-,involve provide,client provide,-,settlement,code unit,law requirement,procedure feature,-,law requirement,advice organisation,need deal,asset,business,-,protection legislation,attention detail,-,employee,excavation procedure,emergency health,-,professionalism support,regulation guideline,develop strategy,-,understanding part,clear site,-,portion,gather store,-,see,drink operations,work food,liaise colleague,chain management,-,guidance code,equality opportunity,-,require involvement,leadership,-,interview,producer,crew,-,decision maker,application identify,life cost,information application,-,bim,method statement,forecast,wider,-,content unit,people organisation,sponsor stakeholder,sector role,organisation leadership,-,result case,gas,drawing,test performance,account consideration,result case,safety legislation,onshore installation,construction activity,area engineering,specification join,responsibility interpret,-,jumper,cross,-,rule regulation,connection,system work,gsm system,line equipment,-,carry follow,define health,-,ply,impact peel,-,process facility,carry risk,behalf organisation,quality assurance,instruction conjunction,produce engineering,-,location activity,report problem,run equipment,clearance,lock,overhaul,-,wind,film circuitry,-,produce aircraft,mod,-,realise system,delivery collection,mill,mill,precaution,production,supervision expert,report problem,wire,fault,material consumables,wheel,workpiece,leave,-,perform work,weather protection,variation plan,-,wall,installation maintenance,-,manufacturing operations,frame,-
20,safety control,network include,-,communication systems,workforce,inform decision,-,version,myners,know nature,interest,-,appetite,employ,-,affect activity,authorise deal,settlement,work fall,-,finance,include deal,code law,accounts,activity structure,-,department,appraise,-,line role,range use,accordance industry,-,atmosphere professionalism,process health,accident incident,-,equipment component,specification surface,-,business,safety security,-,control equipment,information food,feedback,problem diagnosis,meat,-,duty,opportunity diversity,-,taking,responsibility accountability,-,vision,accounting system,production requirement,-,brief,maker,contractor,welfare,-,brief,material plant,coding,project team,-,implicit content,project,network,programme activity,government,-,practice preparation,safety legislation,documentation procedure,work piece,safety legislation,responsibility interpret,installation explosive,rotate equipment,guideline rule,line procedure,finishing,select technique,-,earthing bond,drawing,-,engineering activity,system work,test activity,communications railway,transmission,-,work act,duty obligation,-,material consumables,patch method,-,report problem,support services,practice adopt,process facility,draw produce,model,-,report problem,test equipment,use installation,carry commission,make check,process controller,-,assemble,precaution take,-,working involve,carry maintenance,-,fault,mechanism,profile,dy,report problem,welding process,safety precaution,lock,quality accuracy,lock,gear,bsen,return tool,mould,-,air,sheet weather,implementing,-,standard cover,component function,-,operations need,safety responsibility,-
21,resource method,scenario,-,tunnel activity,project,organise,-,conflict interest,myners principle,pension arrangement,role description,-,client review,instrument,-,understand others,refer situation,knowledge understand,amendment,-,organisational policy,relating application,relating application,price,complaints source,-,need way,organisation requirement,-,range use,report designate,team leader,-,professionalism,procedure obtain,maintaining,-,explanation word,receive surface,-,train,staff customer,-,fluid,operations involve,business area,productivity,management role,-,facilitate,address,-,method promote,work setting,-,cast,variation budget,budget schedule,-,entitlement,safety welfare,improvement feedback,supervisor manager,-,budget,illumination,budget,follow project,-,unit list,vision,sponsor,understanding sector,area responsibility,-,installation explosive,welding,carry isolation,drawing,ensure care,ensure care,practice preparation,engine,uphold,safety legislation,alignment aid,safety legislation,-,earthing,switch,-,organisation safety,track safety,test plan,system communications,test equipment,-,occurrence,involve injury,-,laminate,thermography,-,weld,activity schedule,team lead,assurance,conjunction others,report problem,-,instruction conjunction,pressure,clearance,condition meet,use maintenance,voltage,-,circuitry,equipment specification,-,team working,fault,-,job instruction,assembly check,slot,maintenance activity,resin,cylinder,precaution,dismantling removal,pipework,regulation directive,safety regulation,feed,provide basis,welding,-,environment environment,building structure,conditioning heat,-,frame,building regulation,-,need follow,relate component,-
22,information regulation,traffic signal,-,feedback,utility,workforce,-,adviser,pension trust,employer trustee,regulator,-,risk appetite,organisation standard,-,extension limitation,organisation policy,market role,insurer,-,impact activity,application code,application code,payment,risk authority,-,facility,policy code,-,employee legislation,employer employee,installation construction,-,risk reduction,framework procedure,plan activity,-,give example,work sport,-,ensure team,understanding ability,-,equipment include,deploy,deployment,supply chain,supply operations,-,competence require,colleague party,-,dignity,theory,-,camera,payroll,proposal,-,design parameter,production document,entitlement,standard people,-,contract manager,estimate tender,expenditure,develop project,-,implicit,leader,unit list,unit link,reflect,-,shipyard tunnel,result case,reinstate,environment work,atmosphere shaft,installation designate,result case,safety legislation,project,guidance note,weld return,guideline rule,-,switch,equipment section,-,riddor safety,maintenance fault,line equipment,maintenance fault,connection,-,provide basis,equipment process,-,defect moulding,thermography sheraography,-,principle process,software,regulation guideline,design brief,carry inspection,precaution,-,cable,safety regulation,condition meet,ensure tool,activity remove,maintenance documentation,-,wiring,check equipment,-,precaution,moulding,-,completion activity,safety precaution,grind wheel,assembly activity,profile,safety precaution,supervision,isolation,basis work,vessel,quality control,safety precaution,employment provide,create progression,-,site services,services establishment,industry standard,-,regulation standard,information comply,-,equipment machinery,machinery tool,-
23,occupation,legislation policy,-,meeting,management utility,project data,-,act interest,adviser,allocation,staff,-,continue meet,need know,-,premium,regard organisation,context knowledge,market work,-,services product,law requirement,process services,standard health,include standard,-,data protection,facility accordance,-,take undertake,accordance company,damage supply,-,customer service,brief,asset network,-,example explanation,divide,-,revenue,behaviour provide,-,dismantle,organise,drink operations,food business,operations supply,-,procedure systems,customer service,-,people adult,support people,-,production ensure,ledger,edit,-,option,project requirement,risk opportunity,standard competence,-,conservation,person person,supplier,know project,-,skill implicit,team member,implicit content,tourism sport,practice aspect,-,work inside,inert gas,standard installation,removal use,tunnel work,inside plant,shipyard tunnel,result case,authorisation remain,installation explosive,work grind,onshore installation,-,work task,installation activity,-,riddor reporting,approve organisation,type signal,approve organisation,rule,-,difficulty,malfunction,-,bsen,sheer impact,-,engineering process,write type,subordinate underpin,report problem,produce draw,use computer,-,carry installation,dismantle,commissioning process,sensor,switch,device,-,manufacturing,thick,-,production,aerospace,-,loom,ensure machine,diameter,grind wheel,casting,precaution,line supervision,dismantle,directive,carry currency,machine operations,safety regulation,progression education,education employment,-,context circumstance,version industry,contract manager,-,comply building,systems cover,-,record information,safety procedure,-
24,assessment method,drive vehicle,-,workforce,utility provider,measuring record,-,invest,pension legislation,pension legislation,volunteer,-,tolerance,explain client,-,responsibility party,contract term,extension limitation,consequence,-,explain,requirement relating,law requirement,policy code,pay attention,-,accounts,discrepancy inconsistency,-,damage supply,damage supply,unit design,-,setback,atmosphere,work energy,-,describe,lay surface,-,meeting,food service,-,air,deployment,operations supply,manage task,purchasing,-,pollution,equality diversity,-,example context,people provision,-,production team,spreadsheet,need production,-,maker,construction installation,carbon,stakeholder client,-,project work,wound,contingency,wider context,-,code conduct,information knowledge,content unit,fitness occupation,policy project,-,installation designate,make variation,require sequence,plant systems,work inside,atmosphere shaft,shaft shipyard,practice preparation,adhere health,shaft shipyard,environment work,site onshore,-,renewal line,test plan,-,access restriction,isolation,control system,isolation,voltage,-,advice others,maintain workplace,-,vacuum,ray thermography,-,manufacture,departure,assurance process,engineering method,inspection activity,flaw detection,-,conjunction,motor,sensor,cable,train control,precaution,-,discharge,circuitry,-,ministry,ministry,-,weld,knowledge demonstrate,machining activity,machining,component produce,roll,welding activity,power transmission,directive guideline,wire,perform,quality accuracy,supervision whilst,prepare entry,-,environment manufacturer,contract manager,system associate,-,installation work,hazard use,-,need know,position material,-
25,programme work,stakeholder,-,project data,facility waste,method work,-,challenge,funding,arrangement work,commit,-,investment objective,client include,-,code law,understand others,amendment,carry understand,-,cash,authority action,documentation information,relationship client,relating application,-,accounts accordance,impact activity,-,employee health,job role,excavation work,-,specify method,installation construction,relationship colleague,-,consolidate,edge,-,ensure staff,use resource,-,operations see,monitor work,provide governance,operations involve,agency staff,-,feature environment,cover competence,-,require achievement,preference,-,production process,bank,negotiate,-,marketing,survey process,energy,report decision,-,implementing,obligation organisation,work breakdown,development construction,-,leader,conflict,skill implicit,recreation sport,public sector,-,shaft shipyard,construction need,sequence isolation,term include,installation designate,work inside,installation designate,installation explosive,management plan,installation designate,method technique,onshore,-,access procedure,equipment service,-,procedure approve,relevant activity,equipment test,telephone,telecom bearer,-,need report,case accident,-,production tooling,sheer,-,matrix,engineering requirement,transfer control,manufacture,carry follow,minimum supervision,-,information job,follow maintenance,carry commission,documentation complete,log report,shock,-,quality accuracy,component manufacture,-,loom,overhauling,-,assemble,safety mechanism,mount,component use,datum,consumables,instruction minimum,safety precaution,rope,overhauling,program,report problem,create progression,progression education,-,manufacturer instruction,implementing,regulation specification,-,job specification,equipment information,-,problem occur,need follow,-
26,component equipment,address risk,-,delivery schedule,fault problem,produce record,-,act accordance,trust,understand investment,law,-,review client,know understand,-,application code,relating application,towards,business,-,transfer,need pay,advice authority,impact activity,code law,-,function organisation,authorise application,-,responsibility job,employee health,policy approve,-,define competence,operations maintenance,work role,-,part give,part part,-,refurbishment,customer staff,-,apply maintenance,culture,equality,production food,practitioner,-,circulate,supervisor line,-,apply regard,community,-,viability,insurer,monitor production,-,expenditure,supplier,tender requirement,feedback,-,officer,effectiveness project,stakeholder,work project,-,consult,context knowledge,implicit,travel tourism,unit use,-,responsibility interpret,tunnel work,identify isolation,safety legislation,shipyard tunnel,tunnel work,tunnel work,protection device,remain identify,tunnel work,procedure specification,authorisation remain,-,torque,renew,-,safety work,safety certificate,management system,safety certificate,telephone switch,-,employment provide,event,-,temperature,inspection moulding,-,depth,type report,maintain area,computer presentation,circuit,cable,-,carry follow,isolate,ensure tool,instrument,replace 'lifed,train control,-,rotor,compliance checking,-,team take,report problem,-,refit,report problem,milling,safety precaution,hole,weld material,arc,provide basis,welding,directive guideline,realise system,machine set,prepare entry,employment provide,-,verify job,pipework,air,-,floor,shape size,-,obligation,problem occur,-
27,implement monitor,road use,-,influence factor,waste management,identify record,-,revise,custody,law relate,board member,-,change client,extent,-,show understand,code law,relating application,responsibility party,-,fund,receive information,maximise business,pay attention,application code,-,customer query,detail work,-,excavation work,carry site,leader,-,engineering principle,data information,contribute quality,-,trench,accord manufacturer,-,linen,feedback staff,-,meat,address problem,commitment,production schedule,goods material,-,individual,navigation,-,promote communication,standard guidance,-,ensure time,expenditure control,marketing,-,income,chain,budget,consultant,-,requirement project,appropriate project,project schedule,part area,-,list information,budget,list,leisure travel,equality diversity,-,explosive atmosphere,shaft shipyard,terminology technique,drawing specification,inside plant,shaft shipyard,responsibility interpret,tunnel work,context responsibility,atmosphere shaft,material consumables,solve standard,-,record reporting,torque,-,relevant activity,possession,maintenance test,possession,allow transmission,-,colleague supervisor,face mask,-,catalyst,hand measure,-,knowledge provide,contingency plan,organisation action,requirement engineering,software,material structure,-,iee,unit component,equipment instal,fluid power,check sight,apply maintenance,-,strap,report problem,-,team activity,connection,-,mould,collection systems,electrode,milling,workpiece,mag,bending,quality accuracy,pipe,replace,procedure realise,overhauling,competence working,difficulty problem,-,design work,industry standard,perform work,-,name,deal information,-,way prevent,material accord,-
28,regulation guidance,relate data,-,work method,carriageway,issue concern,-,meeting,fund manager,know implication,conflict interest,-,know method,set client,-,law requirement,application code,services knowledge,product type,-,policy code,service procedure,sales process,attention detail,deal complaints,-,grant,standard health,-,direction member,govern work,unit apply,-,standard define,procedure systems,feedback,-,describe knowledge,manufacturer instruction,-,housekeeping,store retrieve,-,process controller,knowledge need,diversity,quality compliance,colleague agency,-,finding,feedback,-,achievement standard,accountability,-,include people,production budget,develop idea,-,summarise,design solution,settle,feedback information,-,work location,consumer,appreciation,stakeholder project,-,human,engage people,recruitment selection,tourism,idea,-,ensure care,area component,include authorisation,installation explosive,shaft shipyard,explosive atmosphere,explosive atmosphere,inside plant,decision standard,shipyard tunnel,variation achieve,context responsibility,-,earth,tool plant,-,safety legislation,pt track,safety certificate,cos,communications railway,-,workplace dress,location aid,-,bond,strength compression,-,require comply,report problem,engineering problem,decommission,fabrication,responsibility require,-,adjustment,victim,cable,currency,carry follow,vehicle,-,film circuitry,use check,-,involve demonstrate,precaution,-,carry follow,precaution,steel,electrode,saw,distortion,cutting,welding equipment,shape,carry overhaul,report problem,tooling,education employment,sector create,-,services establishment,regulation specification,equipment accessory,-,fire safety,transport handle,-,material information,obligation,-
29,implement traffic,partner,-,traffic,contractor information,record equipment,-,prepare meet,prepare statement,statement investment,executive,-,strategy,investment instrument,-,relating application,responsibility party,requirement relating,accordance policy,-,include standard,respect others,policy code,systems process,law requirement,-,monies,industry regulation,-,approach take,act health,water quality,-,engineering solution,safety issue,initiate action,-,protect others,prepare instal,-,production,payment,-,relate food,allocate work,success,manage product,work food,-,navigation,operations supervisor,-,engage,advocacy,-,shoot,idea,dispute,-,product process,project design,supplier,quality standard,-,list building,voltage,information data,relation project,-,link,others comply,equality diversity,sport fitness,promote,-,inside plant,work inside,arrangement gas,ensure care,designate work,shipyard tunnel,work inside,atmosphere shaft,monitoring activity,support activity,welding process,decision standard,-,rail,steelwork component,-,sign regulation,cos,isolation,regulation cos,bearer carry,-,process machinery,aiders,-,mould technique,compression sheer,-,part team,cad,decommission,directive code,system produce,file,-,make check,minimise reduce,fluid power,carry start,sound smell,isolate,-,shock,print,-,coat finish,carry test,-,body,machine operate,angle,knowledge demonstrate,woodwork,electrode,regulation disposal,mag,carry follow,carry maintenance,follow operating,procedure realise,entry engineering,vehicle,-,implementing monitoring,environment manufacturer,design work,-,ancillaries,glass glaze,-,procedure need,fabrication equipment,-
30,criterion interpretation,time day,-,activity property,welfare protection,workplace condition,-,support trustee,administration,principle sip,policy relevant,-,responsibility authority,monitor security,-,deal manner,law requirement,deal example,renewal,-,facility,organisational policy,impact activity,industry regulation,affect activity,-,bank,decline,-,resolve problem,select wear,candidate demonstrate,-,incident,commission,cost control,-,unit divide,material accord,-,housekeep,staff member,-,follow maintenance,provide feedback,governance,production management,purchase,-,finding recommendation,action reduce,-,risk management,ensure worker,-,production communicate,learning,contingency,-,contractor,welfare,option,application record,-,constraint,tender bid,requirement project,understanding standard,-,knowledge understand,link standard,list generic,area responsibility,communications,-,atmosphere shaft,responsibility interpret,people need,work inside,care security,site exist,inside plant,ensure care,case expect,inside plant,station installation,remain identify,-,direction include,system work,-,roll stock,regulation cos,rule,theme standard,signal circuit,-,aiders appoint,malfunction equipment,-,core material,lay imperial,-,process procedure,process engineering,reduction method,company information,report problem,supervision take,-,coshh equipment,sensor,currency,commission activity,connection,stock system,-,earth,design meet,-,bond,safety regulation,-,panel,repair modification,produce component,angle,assembly activity,bending,resolve report,shape,deck,work minimum,component combine,realise system,enable apply,entry engineering,-,contract manager,soundness test,environment environment,-,glaze systems,use safety,-,procedure time,equipment machinery,-
31,selection resource,performance indicator,-,plan schedule,sub,encourage,-,time span,asset include,investment principle,document set,-,organisation standard,client investment,-,deal complaints,affect activity,renewal,requirement structure,-,relating application,code law,promote product,service delivery,requirement relating,-,applicant,pay,-,company procedure,data information,plan company,-,work manner,specify method,incident,-,divide part,unit prepare,-,stock,reservation,-,work food,area food,operations involve,management suite,cover skill,-,cooperate,locate use,-,work setting,individual,-,execute,credit,post,-,budget,accounts,consultant,application ensure,-,engineering operations,requirement tender,curve,customer group,-,suite standard,support others,generic skill,principle method,encourage,-,tunnel work,inside plant,aspect information,atmosphere shaft,site exist,security tool,atmosphere shaft,responsibility interpret,others authorisation,explosive atmosphere,account consideration,configuration,-,equipment regulation,currency,-,traction roll,cos controller,circuit axle,certificate riddor,circuit telecom,-,location return,warning sign,-,spray,safety precaution,-,comply policy,draw produce,ensure implementation,framework area,checking test,device,-,servicing,iee,carry start,equipment instal,sight,repair modification,-,regulation directive,quality accuracy,-,defence,defence,-,resin,guard,maintenance activity,precaution,produce draw,convention,requirement hasawa,precaution,gas,currency issue,instruction minimum,precaution,joint,supervision whilst,-,accessory component,environment environment,manufacturer instruction,-,glass panel,method position,-,cover need,quality material,-
32,work surround,medium,-,deployment,feedback,circumstance condition,-,account agree,responsibility prepare,sip,director,-,depend,provide risk,-,business,requirement relating,party impact,procedure relevant,-,deal manner,organisation customer,standard health,requirement industry,regard communicate,-,supply organisation,requirement industry,-,traffic control,construction operations,company procedure,-,utility,design process,sewage,-,exist services,hazard unit,-,service area,staff follow,-,standard knowledge,standard work,business strategy,drink operations,stock,-,standard cover,idea,-,risk taking,right,-,post,vat,requirement production,-,information exchange,control production,project stakeholder,people work,-,procedure practice,include contractor,model,individual affect,-,sponsor,learn,list information,leisure recreation,learn,-,steelwork,atmosphere shaft,fault,inside plant,height confine,care security,site exist,installation designate,expect refer,work inside,engineering,procedure specification,-,electricity electric,describe,-,safety management,theme standard,authorise train,equipment pt,railway information,-,eye protection,act legislation,-,mould incorporate,convention,-,maintenance team,site preparation,part decision,engineering support,assist produce,produce draw,-,method technique,switch,documentation complete,wire,passenger freight,use applies,-,job order,power circuit,-,contribution team,regulation directive,-,component use,quality accuracy,depth,quality accuracy,competency need,mig mag,competency need,assembly,vessel,test equipment,bsen standard,mechanism,wiring,enable apply,-,ensure variation,water storage,customer client,-,drainage,use record,-,use importance,procedure need,-
33,work damage,partner stakeholder,-,project work,guidance material,scope range,-,play part,ensure trustee,adviser,strategy,-,client identify,recommendation client,-,others deal,show understand,policy cover,placement,-,requirement relating,organisation systems,business relationship,complaint,responsibility party,-,invoice,inform customer,-,recording reporting,accordance code,apparatus structure,-,term maintenance,commissioning,strategy,-,word use,turf,-,sales,encourage,-,device,cross,knowledge need,diagnosis,goods services,-,operations activity,accident emergency,-,statement require,inspection requirement,-,budget schedule,stage production,contract production,-,circulate,project stage,proposal,engineering,-,systems operating,machine,commitment,customer relevant,-,unit skill,standard area,product services,occupation leisure,technology,-,fabrication workshop,ensure care,drawing specification,shaft shipyard,fabrication workshop,designate work,height confine,shaft shipyard,implement decision,activity engineering,need segregate,area engineering,-,electric train,protection equipment,-,procedure law,standard ground,axle counter,cos controller,circuit telephone,-,progression education,evacuation,-,film,moulding defect,-,chart,mail,design process,engineering principle,sales market,unit identify,-,dismantle,carry fault,make check,obstruction,use applies,passenger freight,-,component use,thick film,-,activity undertaken,directive guideline,-,quality control,moulding,knowledge demonstrate,produce component,identify competency,pipe,identify competency,fault location,understand safety,directive,accuracy leave,cut tool,manufacturing sector,basis development,-,version,manufacturer instruction,access equipment,-,check window,battery,-,safety operations,fabrication work,-
34,need occupation,cctv,-,utility,progress check,safety practice,-,relating stock,deed rule,meeting,aim,-,portfolio,inform client,-,requirement relating,deal manner,regard action,service standard,-,information services,standard information,authority competence,account performance,straightforward,-,procedure grant,term condition,-,procedure handle,guidance govern,emergency contingency,-,asset network,information systems,stakeholder management,-,backfill,ensure surface,-,training,customer service,-,hazard analysis,information technology,plan food,problem resolution,source supply,-,consultation stakeholder,organisation legislation,-,work agency,outcome people,-,aspect production,management team,production budget,-,negotiate,submit tender,application identify,result commission,-,option,programme work,cash,cycle,-,apply unit,diversity,sector knowledge,occupation,interest,-,respect work,installation designate,plant requirement,shipyard tunnel,security tool,action area,action area,work inside,input,site exist,area return,regard report,-,footwear glove,equipment regulation,-,rule book,equipment pt,train detection,pt track,exchange concentrators,-,preparing tidy,follow event,-,activity use,contribute type,-,responsibility action,modification,ensure working,engineering process,market material,controller,-,maintenance record,realise system,commission activity,installation include,sop document,passenger,-,circuit design,board,-,carry follow,service bulletin,-,minimise reduce,gauge,safety precaution,mount,cad,weld weld,steel,overhaul,resolve authority,set test,accuracy meeting,angle,sector create,manufacturing sector,-,personnel site,water heat,introduce,-,demonstrate compliance,equipment access,-,safety hazard,record information,-
35,criterion selection,maintain health,-,improvement feedback,people plant,breakdown communication,-,risk return,trust deed,contribution,day,-,extent,information need,-,term condition,authority action,standard health,impact activity,-,organisational,authority organisation,information regard,organisation requirement,cover provide,-,understand organisation,authorise,-,report designate,recording reporting,continuity supply,-,procedure obtain,reduction method,standard systems,-,accommodation,installation maintenance,-,market,underpin performance,-,valve,method communication,area responsibility,standard work,export,-,authorise,maintain others,-,theory,language,-,investor,computerise,manage selection,-,community,standard guidance,bid,evaluation,-,industry standard,industry approve,contractor,project review,-,knowledge identify,interest,link,need goal,knowledge understand,-,height confine,shipyard tunnel,maintain isolation,tunnel work,respect work,condition dispose,designate work,explosive atmosphere,whilst adhere,designate work,workshop power,installation explosive,-,switch station,system design,-,instruction task,controller site,movement train,standard ground,gsm system,-,entry engineering,help advice,-,consumables,scan,-,computer,implementation,company form,requirement framework,problem resolve,draw produce,-,follow maintenance,procedure realise,shock,ha instal,instruction vehicle,unit component,-,processing,report completion,-,order satisfy,realise system,-,coshh equipment,completion press,set machine,fault,use woodworking,symbol,hasawa coshh,pipe,precaution require,minimum supervision,perform component,operations perform,device,wire,-,circumstance identify,plan programme,system information,-,resistant,systems problem,-,use work,confirm specification,-
36,situation maintenance,manoeuvre,-,cost data,quantity cost,criterion monitor,-,relationship sponsor,deed,minute,invest,-,agree client,include option,-,include extension,others deal,advice support,requirement comply,-,contract provide,payment procedure,industry regulation,pay,information documentation,-,system function,repayment,-,highway work,procedure handle,highway work,-,regulation guideline,people finance,record determine,-,link,material work,-,contractor,demonstrate understanding,-,gas,procedure adhere,prioritise risk,adhere,analysis method,-,hm,target group,-,child people,practice conduct,-,contribute decision,make payment,production maintain,-,judgement,specify control,judgement,consultant contractor,-,estimate tender,client contractor,method systems,project environment,-,meeting,involve others,recruitment,recreation,partner,-,care security,specification engineering,task risk,installation designate,waste storage,requirement respect,respect work,shipyard tunnel,technique make,height confine,scaffold work,practice preparation,-,part contribute,specification work,-,coshh control,ground rail,train movement,ground rail,systems pa,-,competence working,protection procedure,-,spray lay,draw lay,-,involve team,production,problem arising,direct take,safety precaution,software use,-,pressure,instrument,installation include,load check,maintenance traction,ha fit,-,work minimum,ensure tool,-,demonstrate contribution,procedure realise,-,quality accuracy,jig fixture,quality accuracy,run,machine tool,shape,joining,join,knowledge provide,coat,prism,iso,wire,importance leave,-,access equipment,access equipment,refrigeration,-,classify,handle type,-,requirement procedure,coating,-
37,carry performance,respond incident,-,traffic management,machinery material,criterion performance,-,pension matter,allocation,pension trust,organisation purpose,-,provide service,scope services,-,market,term condition,responsibility party,work insurer,-,industry regulation,policy code,manner promote,include organisational,quotation,-,refer matter,offer,-,construction activity,highway,report team,-,atmosphere,engineering product,develop work,-,installation maintenance,generation,-,business activity,reception,-,precaution,encourage,success food,process control,understand show,-,organisation concern,place individual,-,partnership,model practice,-,select idea,custom,aspect production,-,application identify,consultant,market,engineering systems,-,site manager,project include,control purpose,industry context,-,skill need,link,develop network,vision,industry sector,-,security tool,structure scaffold,tool terminology,explosive atmosphere,action area,fabrication workshop,structure scaffold,equipment tool,control monitor,fabrication workshop,power station,case expect,-,associate access,part contribute,-,track work,certificate riddor,transfer responsibility,controller site,service allow,-,supervision whilst,carrying,-,laminate technique,moulding mould,-,graph,workplace carry,mail write,recognise compliance,detection,owe others,-,lock,gas,wire,make check,smell,stock use,-,directive guideline,inspection checking,-,undertaken appropriate,fuel,-,method technique,trial,taper,report problem,taper,mig,procedure requirement,plasma gas,preparation activity,provide basis,make adjustment,produce component,importance leave,development skill,-,perform,soundness,facility public,-,timber,film,-,systems comply,procedure time,-
38,estimate time,geography,-,decision maker,maintain resource,communicate report,-,discussion take,strategy,nature pension,conflict,-,employ,associate risk,-,include deal,requirement impact,standard extension,understand requirement,-,error,deal payment,opportunity organisation,structure investment,include deal,-,management policy,show fairness,-,asset,communicate data,policy client,-,investigation,expertise,determine option,-,unit link,clear,-,recruitment,industry regulation,-,unit component,success,implementation,staff,standard standard,-,consultation,incident emergency,-,right,life,-,research,insurance cover,production cost,-,promotion,measure survey,selection criterion,record work,-,supervisor site,efficiency,allowance,lifecycle,-,communications,marketing,unit recommend,outdoors,business plan,-,waste storage,waste storage,need supply,action area,condition dispose,respect work,fabrication workshop,variation achieve,rule procedure,whilst adhere,contamination,others authorisation,-,communication safety,footwear glove,-,include organisation,system etcs,connection,installation activity,cctv close,-,prepare entry,seek help,-,consolidation,application correct,-,methodology,resource require,design strategy,compliance agency,manufacture,responsibility owe,-,others take,coshh equipment,obstruction,move part,shock,system etcs,-,minimum supervision,manufacturing process,-,identify piece,standard procedure,-,location completion,device,wire,depth,cnc machine,assembly,line procedure,cable,problem resolve,supervision take,adjustment order,set activity,basis development,determine implement,-,identification use,trade,condensate,-,product component,shape,-,type equipment,ha identify,-
39,risk damage,action appropriate,-,sub,tunnel activity,associate work,-,balance interest,arrangement work,adviser supplier,promote value,-,standard involve,services offer,-,regulation affect,regulation policy,condition relevant,work systems,-,understand others,impact activity,business opportunity,investigate resolve,attention detail,-,pursue,include organisational,-,company report,review accordance,environment workplace,-,evaluation,information client,update,-,part part,specification store,-,payroll,make staff,-,item include,plan food,influence,downtime,provide result,-,determine need,area responsibility,-,language,regulation inspection,-,people contribute,cash flow,select idea,-,model,optimise,decision maker,certification,-,commissioning,develop estimate,purpose project,project schedule,-,participant,culture,directive,standard centre,market,-,select technique,requirement respect,environment work,site exist,environment work,height confine,condition dispose,condition dispose,give specification,exist plant,construction need,installation designate,-,equipment section,avoid injury,-,vicinity line,installation activity,railway operations,regulation working,pa cctv,-,evacuation premise,protection safety,-,iso,humidity fume,-,directive code,extent,authority need,methodology,basis work,fault,-,schedule maintenance,specification remain,check installation,report problem,safety precaution,wire,-,directive,interconnection,-,control procedure,iso bsen,-,component vehicle,thread,dy,discharge machine,workholding,extract information,extent authority,shaft,responsibility require,issue check,wear obtain,minimise reduce,heat,solution work,-,circulation,design work,verify job,-,wall systems,resource regulation,-,work procedure,cause variation,-
40,practice select,manage incident,-,use plant,work progress,supervision use,-,specification knowledge,adviser supplier,definition nature,organisation recognise,-,feature benefit,range instrument,-,regulation policy,market,person set,standard carry,-,requirement industry,debt,requirement industry,attention,business alteration,-,accordance policy,facility organisation,-,traffic,assessment review,utility,-,process health,risk reduction,work relationship,-,divide,sand,-,profit margin,retrieve information,-,repair overhaul,activity food,adhere,relevant colleague,display,-,extent,bridge,-,child person,weigh,-,make involve,tax credit,production identify,-,evaluation ensure,meeting,amendment,competence development,-,services product,submission tender,quality assurance,include client,-,leadership management,take decision,generic,feedback,conjunction,-,designate work,action area,supply supply,height confine,include return,area engineering,area engineering,fabrication workshop,specification select,structure fabrication,result case,code standard,-,avoid injury,communication safety,-,occurrence regulation,replacement,others railway,contract selfemployed,concentrators railway,-,create progression,assistance,-,join,basis deal,-,calibration,engineering solution,engineering method,agency body,particle,data information,-,communication systems,escalator,ha instal,clearance carry,replace,freight,-,manufacture,film circuit,-,quality accuracy,mould,-,documentation job,workpiece,precaution,operating program,modification,joining,coshh work,material structure,require comply,quality accuracy,draw quality,bsen standard,waste work,initiative seek,-,ventilate systems,variation plan,issue implementing,-,panel,ensure component,-,importance use,comply health,-
41,identification hazard,safety road,-,monitor communication,defect problem,operator,-,investment performance,trustee pension,administration,information value,-,client need,client regard,-,requirement impact,deal complaints,matter authority,activity organisation,-,law,organisation requirement,goodwill,detail work,standard health,-,customer record,fairness consistency,-,job role,behaviour underpin,others emergency,-,team member,installation principle,supply distribution,-,clear site,interpret plan,-,budget,promote,-,animal,manage team,business policy,control production,distribution supply,-,produce document,industry guidance,-,use services,achievement,-,editing,discrepancy feature,brief,-,services resource,plan measure,marketing,client user,-,expenditure,comply term,project requirement,plan deliver,-,sponsorship,knowledge industry,vision,learn,partner stakeholder,-,action area,height confine,use reporting,respect work,exist plant,exist plant,structure fabrication,requirement respect,interpret work,guideline rule,make variation,explosive atmosphere,-,protocol relate,injury injury,-,restriction track,rail transportation,system etcs,selfemployed,switch systems,-,education employment,eye protection,-,treatment,method trim,-,decommissioning,solve engineering,arising,business improvement,monitoring activity,resolve authority,-,equipment function,maintain access,clearance carry,connect,overhaul specification,safety precaution,-,ensure component,associate check,-,satisfy requirement,directive,-,sub assembly,carry follow,cutter,slot,moulding,competency need,procedure line,join material,identify competence,equipment systems,machine ensure,coshh equipment,initiative seek,competence working,-,documentation plant,pressure test,minimum impact,-,build regulation,window,-,comply health,requirement procedure,-
42,specification schedule,risk associate,-,maker,heritage,environment performance,-,investment risk,training log,liability,principle organisation,-,transaction,client circumstance,-,authority action,regulation affect,limit authority,organisation policy,-,payment,require action,relations,discrepancy,organisation policy,-,interact,debt,-,consist,employer,procedure risk,-,framework procedure,client requirement,type situation,-,use unit,withdrawal service,-,train staff,housekeeping,-,circuit,relevant people,body,food safety,knowledge need,-,practice statutory,marine,-,preference,manage provision,-,person people,order prepare,ensure party,-,valuation,supply requirement,client adviser,project handover,-,income,commencement project,assurance,process industry,-,unit link,skill competence,licence,culture,expectation,-,site exist,condition dispose,instruction product,security tool,structure fabrication,environment tool,guideline rule,site exist,construction site,shipyard,responsibility interpret,inside plant,-,earth bond,electric train,-,sheet rule,type signal,controller site,selfemployed rule,concentrators,-,range competence,hazard workplace,-,use resin,take understand,-,provide basis,management client,transfer,design process,conjunction,accuracy work,-,wire,carry follow,connect,obtain permit,etcs,maintenance area,-,print circuit,checking technique,-,importance marking,secure device,-,place risk,grind,hole,hole,core,responsibility owe,hasawa,transmission,action quality,carry follow,minimise reduce,machine tool,servicing,control seek,-,work accordance,service accident,pre building,-,fix installation,method wet,-,material operations,systems cover,-
43,statement manufacturer,operations role,-,supplier,record work,point line,-,issue consider,reference committee,office,set principle,-,client information,provide explanation,-,policy code,deal person,understand organisation,authority action,-,requirement include,others deal,regard organisation,comply requirement,pay,-,consumer,customer business,-,component asset,wear ppe,environment company,-,procedure systems,framework,management plan,-,drainage,site deal,-,privacy,behaviour,-,term use,team member,provide feedback,evaluation,procure,-,statutory,plant equipment,-,practice conduct,transition,-,appeal,control production,personnel involve,-,proposal,opportunity constraint,facility asset,contractor,-,project brief,statement risk,procedure project,project manager,-,link unit,inspire,business,unit management,project programme,-,requirement respect,care security,safety method,designate work,consequence action,consequence action,consequence action,waste storage,practice context,include height,whilst adhere,tunnel work,-,procedure need,instruction risk,-,injury disease,haswa health,cos controller,safety theme,systems bearer,-,supervisor,access egress,-,ha set,check strength,-,depth provide,mail computer,evaluation process,obtain resource,others take,connect,-,carry fault,valve,load check,flow,ha fit,reduce risk,-,rubber matting,connector,-,marking identify,bsen,-,return tool,move part,feed,mould,modification repair,owe others,convention,carry follow,basis carry,check specification,consumables,machining activity,cast,fault,-,pressure,verify job,leisure entertainment,-,safety glass,answer detail,-,machinery,use use,-
44,operative,weather condition,-,meet project,project data,circumstance deviation,-,part discussion,operate scheme,scheme employer,authority exercise,-,need know,client understand,-,straightforward,policy code,matter,comply work,-,accounts customer,complaints limit,knowledge organisation,quality service,authority action,-,know understand,limit authority,-,site operations,approve procedure,team supervision,-,participant,asset work,unit involve,-,safeguard,deal dispose,-,establishment,link,-,instrument,information management,govern,chain,import,-,group,lock,-,way protect,group,-,crew,discrepancy,delegate,-,risk management,register record,negotiate,application review,-,contractor trade,bid,claim,manager work,-,leadership,encourage,rule govern,provider finance,marketing,-,condition dispose,site exist,include permit,whilst adhere,guideline rule,guideline rule,environment tool,respect work,execution plan,authorisation remain,waste storage,atmosphere shaft,-,describe,protocol relate,-,reporting injury,transportation systems,equipment pt,riddor reporting,pa address,-,work regulation,appoint,-,bag,technique defect,-,recognise compliance,set draw,relate engineering,colleague subordinate,sales marketing,carry underpin,-,place risk,lifed,obtain permit,malfunction,system etcs,classification voltage,-,matting isolate,phase,-,relation documentation,technique procedure,-,assessment coshh,tooling,cut tool,die,supervision take,thickness,minimum supervision,mig mag,disconnection removal,understand safety,iso,coil,development skill,removing,-,associate equipment,risk personnel,establishment pre,-,provide installation,requirement industry,-,packaging,use work,-
45,surround area,impact area,-,monitor project,client customer,know performance,-,skill council,offer,scheme wind,officer documentation,-,service provide,standard cover,-,relevant work,relevant work,authority action,standard work,-,show understand,work involve,pay attention,law,policy code,-,resolution,condition apply,-,approve procedure,mm,approve material,-,people finance,resource management,create record,-,pre cast,accept industry,-,handle systems,recipe,-,analysis control,value culture,standard work,performance indicator,despatch,-,safety management,standard cover,-,inspector,people include,-,talent,transaction,appeal,-,monitor design,evaluate project,life,supervisor,-,manager contractor,tender information,assurance procedure,project fit,-,suite,business plan,consult,driver change,style,-,whilst adhere,designate work,safety engineering,structure scaffold,shape,structure fabrication,exist plant,action area,site waste,adhere health,select technique,work inside,-,approve safety,electricity electric,-,disease occurrence,riddor reporting,cos,transportation systems,system communications,-,manufacturing sector,egress,-,cycle,variety resin,-,compliance agency,capability study,need involve,subordinate underpin,control machine,owe,-,ensure isolation,dispose waste,precaution,obtain comply,stock use,voltage authority,-,matting,voltage,-,activity order,management standard,-,connection,check assembly,chuck,machine tool,owe others,identify competency,responsibility owe,bear,responsibility action,fire incident,area machine,depth,pipe,core,-,introduce hazard,facility public,voltage hand,-,hole,method transport,-,deal information,salvage,-
46,workplace tool,deploy,-,waste management,team member,range performance,-,class,board,scheme document,trustee know,-,loss,sales,-,amend information,include deal,liability,premium,-,customer record,pay attention,administration,requirement include,detail work,-,file,inconsistency,-,undertake work,safety guidance,demonstrate competence,-,master budget,incident,electricity gas,-,unit unit,select need,-,ensure food,drink service,-,sub,objective area,deploy,suite standard,distribution,-,management system,type hazard,-,indicator,group community,-,member production,currency,resolve problem,-,income expenditure,work construction,energy use,manage systems,-,plant labour,obligation client,breakdown structure,project standard,-,context knowledge,sector requirement,promote,innovation,promote equality,-,engineering drawing,fabrication workshop,onshore installation,care security,equipment consequence,include return,procedure completion,care security,refer others,space control,mig mag,shipyard tunnel,-,safety footwear,task instruction,-,book regulation,safety theme,regulation cos,rail transportation,system work,-,completion engineering,duty,-,play,defect bond,-,idea,responsibility owe,work policy,lead direct,mould,provide approach,-,pas person,permit work,move part,site obstruction,document procedure,dismantle,-,solder,inductor,-,return tool,safety precaution,-,realise,mould machine,report problem,diameter,responsibility owe,convention appropriate,owe others,steam,rig,method evacuate,associate device,gear,cable,drawing,-,instrument access,site contract,entertainment facility,-,bead,type shape,-,location material,cover need,-
47,security procedure,safety systems,-,attendance,work method,programme method,-,take advice,memorandum article,review sfp,ha capacity,-,instrument,advice client,-,insurer organisation,authorise,premium,underwriter,-,safety impact,accounts identify,services customer,complaints,record amend,-,finance,attention,-,reinstatement,procedure range,individual others,-,agenda,term maintenance,resource colleague,-,method protect,others environment,-,laundry,supervisor,-,distribution,communication information,receive feedback,knowledge need,pack,-,inspection maintenance,hazard risk,-,regard range,centre,-,script,production cost,delivery schedule,-,goodwill trust,resource cost,maker,information construction,-,configuration,report understand,production,management team,-,need apply,way promote,interest,fitness,product services,-,exist plant,select technique,site onshore,fabrication workshop,authorisation remain,maintain plant,solve standard,height confine,regard report,remain identify,condition dispose,shaft shipyard,-,visibility clothing,layout instruction,-,task risk,pt,certificate riddor,voltage,safety certificate,-,lifting carrying,follow lay,-,lay laminate,moulding material,-,equipment system,owe others,competency need,evaluation,carry underpin,aid technique,-,assessment coshh,provide basis,flow,ensure isolation,function specification,instruction vehicle,-,resolve authority,work minimum,-,member team,circuit,-,work provide,jig,tooling,wire,unit identify,produce component,treatment,mig,others workplace,resolve authority,appropriate iso,job instruction,servicing schedule,guidance people,-,practice work,environment leisure,instrument access,-,installers,question concern,-,occur type,minimise wastage,-
48,work material,determine response,-,machinery material,highway,supplier,-,trustee need,need review,properness,response staff,-,subject,check client,-,alteration,amend information,reserve,comply policy,-,explain others,industry regulation,include organisational,reconcile,regulation affect,-,trade,comply requirement,-,work act,engineering product,relate individual,-,safety issue,record data,project stakeholder,-,sign,installers,-,margin,goods,-,responsibility relationship,address,policy development,production process,vehicle,-,recommendation stakeholder,requirement place,-,practice legislation,people adult,-,scene,pay,contract agreement,-,production,check approval,team resource,offer advice,-,regulation control,organisation contractor,recur,range stakeholder,-,feedback,redundancy,plan customer,idea,communications strategy,-,environment tool,whilst adhere,product worksheet,device,adhere health,method technique,shipyard,designate work,construction principle,access structure,mag,ensure care,-,industry protocol,switch station,-,traction,compliance rule,method authorise,relevant activity,isolation,-,carrying technique,use work,-,machine,equipment extract,-,provide understanding,mould,activity organisation,subordinate,unit identify,programming software,-,switch,log report,malfunction,condition debris,follow maintenance,sop document,-,circuit board,calibration date,-,undertaken,overhauling activity,-,fuel,demonstrate understanding,machine tool,steel,work supervision,steel,spot weld,depth,accuracy work,basis carry,extract use,quality control,difficulty,guideline plan,-,job information,communication client,context circumstance,-,seal,concern completion,-,transport,prepare material,-
49,quantity quality,stakeholder organisation,-,guidance material,workforce visitor,practice safeguard,-,funding,nominate,sfp scheme,need read,-,administration,require client,-,underwrite,fall organisation,negotiation demand,fall,-,style people,organisation organisation,follow organisation,organisational policy,deal request,-,money,regulation affect,-,legislation company,define competence,implication constraint,-,energy,product process,outcome plan,-,footing,understanding part,-,customer feedback,provide guidance,-,principle equipment,solve technique,responsibility food,adhere requirement,transportation,-,response plan,use maintain,-,framework,model,-,audience,supplier,right,-,research,inconsistency,investigate,specification comply,-,engineer,adjudication,project outcome,group project,-,manager leader,marketing plan,skill need,industry sector,commitment,-,include return,respect work,variation achieve,structure fabrication,procedure completion,include height,adhere health,security tool,regulation work,context responsibility,wire brush,expect refer,-,road rail,installation line,-,unit consist,systems train,standard ground,pt,controller site,-,sector create,observe,-,instruction supervision,moulding contribute,-,agency body,unit identify,identify competency,maintain understand,precaution,require demonstrate,-,basis work,power source,resolve scope,isolation,permit work,risk shock,-,area protocol,specification check,-,require knowledge,work provide,-,regulation procedure,stroke,fault,set machine,computer,resolve authority,weld equipment,circuit,understand responsibility,require demonstrate,documentation job,speed,heat treatment,activity start,-,risk personnel,issue implementing,management implementing,-,problem occur,safety equipment,-,type material,deal information,-
