,pension scheme trusteeship,pension trustee board secretaryship,secretary to the trustees of pension funds,trustee and management committee,stop0,providing advice on securities or derivatives in the non retail market,providing advice on securities or derivatives in the retail market,stop1,customer payments for financial products and services,"life, pensions and investments",stop2,investment operations,investment strategy and management,providing financial advice and financial planning,stop3,anti money laundering,bank accounts,stop4,credit management,financing and credit,stop5,financial services core competences,utilities control centre operations,stop6,precast and prestressed concrete operations,precast concrete operations,stop7,harbour masters,supervision of port operations,stop8,engineering maintenance in food manufacture,food business operational management,food business strategic leadership,hospitality management,hospitality supervision and leadership,production management,supply chain management,stop9,directors,live events and promotions management,production accounting,senior producers,stop10,cctv strategic and operational management,security management,stop11,branch management and business and customer commercial relationship management,business continuity management 2014,financial services sales process,land based operations,risk management for the financial sector,stop12,general insurance,general takaful,insurance technicians supervisors,london market,stop13,sport and play surfaces level 2,sport and play surfaces level 3,stop14,leisure management,leisure management l3 2005,managing sport and active leisure 2006,outdoor sector senior roles,stop15,"inspectors of health, social care, children and young peoples services",leadership and management for care services,long term conditions case management,stop16,mechanical fire protection,securing void properties,stop17,building services engineering technology and project management,built environment design and consultancy practice,construction contracting operations management,construction senior management,construction site management,electrotechnical services electrotechnical technology and project management,emergency fire services management,industrial design,integrated logistic support ils management suite 4 2003,"project control, estimating, planning and cost engineering",project management,site inspection,stop18,building products leadership,expedition leadership and management,management and leadership,managing in road passenger transport,professional skills for government psg,stop19,fibreboard operations,"health, safety and environmental management in the extractive and mineral processing industries",watch management,stop20,"fenestration, installation and surveying",glazing,stop21,electricity network control engineer,gas network construction,gas networks engineering management,leakage detection and control,multi utility network construction,network construction operations,utilities network planning and management,utility infrastructure management,stop22,rail engineering overhead line equipment construction suite 2,rail engineering overhead line equipment construction suite 3,stop23,heating and ventilating,plumbing and domestic heating,refrigeration and air conditioning,stop24,rail engineering,rail engineering signalling suite 2,rail engineering signalling suite 3,rail engineering telecoms suite 2,rail engineering telecoms suite 3,stop25,constructing capital plant steel structures erecting,fabricating steel structures plating,"installation, testing and commissioning of electrical systems and equipment plant",installing plant and systems mechanical,installing plant and systems pipefitting,maintaining plant and systems electrical,maintaining plant and systems instrument and controls,maintaining plant and systems mechanical,monitoring engineering construction activities,supporting activities in engineering construction,stop26,performing engineering operations suite 1 2006,performing engineering operations suite 2 2006,stop27,design and draughting,engineering and manufacture suite 4,engineering leadership and management suite 3,engineering leadership and management suite 4,engineering leadership and management suite 5,engineering leadership suite 3,engineering technical support suite 2 2007,engineering technical support suite 3 2009,stop28,aeronautical engineering suite 2,aeronautical engineering suite 3,stop29,composite engineering suite 2,composite engineering suite 3,stop30,automotive engineering suite 3,engineering toolmaking level 3,engineering toolmaking suite 3,engineering toolmaking suite 3 2005,"engineering woodworking, pattern and model making suite 3 2002",marine engineering,marine engineering suite 2,marine engineering suite 3,mechanical manufacturing engineering suite 2 2008,mechanical manufacturing engineering suite 3 2008,performing engineering operations suite 1,performing engineering operations suite 2,stop31,fabrication and welding engineering suite 3,fabrication and welding suite 2,welding pipework,welding plate and pipework,welding supervision,stop32,electrical and electronic engineering suite 3,electrical and electronic engineering suite 3 2004,stop33,mechanical engineering services,oil fired technical services,stop34,engineering maintenance and installation suite 2 2008,engineering maintenance suite 3 2008,installation and commissioning suite 3,installation and commissioning suite 3 2003,rail engineering traction and rolling stock suite 2,rail engineering traction and rolling stock suite 3,stop35,combined working practices,electrical and electronic servicing,stop36,temporary traffic management construction,traffic management,stop37,"installation of domestic fascias, soffits and bargeboards",removal of hazardous and non hazardous waste construction,stop38,applied waterproof membranes construction,construction operations construction,roofing occupations construction,waterproof membrane roofing systems,waterproof membrane roofing systems construction,stop39,cladding occupations construction,solar thermal photovoltaic panel installation and surveying,stop40,accessing operations and rigging construction,construction design management coordination level 4 nos,stop41,highways maintenance construction,stonemasonry construction,stop42,associated industrial services occupations construction,construction and civil engineering operations,construction operations and civil engineering services construction,construction using off site manufactured assemblies,erection of precast concrete construction,innovative modern methods of construction,insulation and building treatments construction,interior systems construction,refractory installation construction,site logistics operations construction,specialist concrete occupations,specialist concrete occupations construction,specialist installation occupations construction,sub structure work occupations construction,super structure work occupations construction,trowel occupations construction,wood occupations construction,stop43,building maintenance multi trade repair and refurbishment operations,heritage skills construction,plastering construction,senior crafts construction,wall and floor tiling construction,stop44,construction plant or machinery maintenance,construction site supervision,controlling lifting operations construction,occupational work supervision construction,plant operations construction,road building and maintenance,stop45,engineered wood,woodmachining construction sawmilling extrusion furniture,stop46,wood merchants,wood preserving industrial pre treatment construction,stop47
0,trustee,trustee,trustee,trustee,-,derivative,firm,-,payment,pension,-,investor,portfolio,investment,-,laundering,accounts,-,credit,financing,-,assistance,caller,-,precast,precast,-,port,port,-,food,drink,drink,food,staff,food,chain,-,production,venue,production,production,-,disaster,confidentiality,-,business,strategy,business,business,protocol,-,claims,claims,insurance,market,-,foundation,sport,-,sport,strategy,sport,outdoor,-,scrutiny,child,wellbeing,-,quotation,audit,-,project,project,tender,project,project,project,project,simulation,il,project,project,project,-,workforce,describe,stakeholder,project,stakeholder,-,feedback,implementation,ability,-,window,glaze,-,network,excavation,network,network,excavation,apparatus,network,apparatus,-,steelwork,steelwork,-,ventilate,plumbing,accessory,-,riddor,signal,signal,telecom,telecom,-,steel,weld,isolation,engineering,pipework,reinstate,instrument,engineering,engineering,engineering,-,engineering,engineering,-,engineering,engineering,drawing,engineering,engineering,engineering,engineering,program,-,aircraft,aircraft,-,moulding,moulding,-,vehicle,try,machine,machine,machine,weld,yacht,marine,machine,machine,assembly,machine,-,weld,weld,mma,weld,weld,-,circuit,circuit,-,fault,oil,-,fault,fault,commissioning,commissioning,traction,traction,-,fault,fault,-,traffic,road,-,asbestos,asbestos,-,torch,roof,roof,roof,membrane,-,cladding,panel,-,scaffold,ladder,-,stone,stone,-,resist,excavation,pavement,erect,precast,erect,insulation,ceiling,refractory,occupation,substrate,occupation,shutter,occupation,masonry,masonry,timber,-,plaster,heritage,plaster,occupation,tile,-,machinery,demolition,welfare,machinery,machinery,machinery,-,wood,wood,-,timber,timber,-
1,scheme,scheme,pension,charity,-,firm,derivative,-,query,payment,-,investment,investment,tax,-,financing,till,-,payment,credit,-,caller,mail,-,manufacturing,manufacturing,-,marine,vessel,-,drink,food,food,beverage,food,production,food,-,producer,production,expenditure,contributor,-,recovery,asset,-,banking,business,agency,law,appetite,-,claim,holder,claims,insurance,-,sport,textile,-,community,sales,leisure,sector,-,child,worker,carers,-,commission,void,-,engineering,synthesis,project,tender,machinery,tender,implementation,project,project,engineering,stakeholder,synthesis,-,stakeholder,stakeholder,sector,stakeholder,project,-,suggestion,suggestion,events,-,glaze,glass,-,engineering,network,utility,valve,network,excavation,utility,utility,-,direction,ole,-,accessory,heat,pump,-,track,etcs,etcs,railway,railway,-,engineering,fabrication,cable,machine,engineering,engineering,engineering,asset,drawing,onshore,-,dress,occurrence,-,convention,research,computer,drawing,research,research,cad,software,-,moulding,aviation,-,mould,resin,-,assembly,press,workholding,program,model,machine,boat,overhaul,setter,spring,weld,program,-,welding,machine,tig,appreciation,welding,-,assembly,cad,-,commission,tank,-,device,servicing,device,commission,roll,roll,-,production,precaution,-,motorway,traffic,-,bargeboards,license,-,roof,heritage,slate,extinguisher,layer,-,sheeting,roof,-,erect,crawler,-,flag,cladding,-,occupation,excavate,occupation,floor,cladding,occupation,wall,partition,fibre,traffic,overlay,floor,door,install,fibre,brick,frame,-,tile,conserve,occupation,conserve,floor,-,occupation,tunnel,suspend,welfare,occupation,operator,-,production,machinery,-,goods,treatment,-
2,pension,pension,scheme,board,-,investment,investment,-,entry,investment,-,market,fund,attitude,-,money,transaction,-,query,facility,-,law,call,-,efficiency,obligation,-,master,casualty,-,fault,business,business,menu,hospitality,manufacture,drink,-,designer,theatre,cash,talent,-,cctv,disaster,-,lending,campaign,promote,reputation,business,-,insurance,claim,claim,claims,-,example,play,-,facility,sell,strategy,sport,-,abuse,abuse,individual,-,sprinkler,quotation,-,tender,stakeholder,synthesis,synthesis,contractor,workforce,stakeholder,scenario,sow,uncertainty,phrase,stakeholder,-,culture,sector,feedback,equality,sector,-,period,feedback,feedback,-,glass,glazing,-,asset,apparatus,engineering,trace,utility,network,sector,proposal,-,ole,wire,-,weld,appliance,heat,-,haswa,train,train,bearer,bearer,-,reinstate,reinstate,enclosure,fitter,reinstate,onshore,reinstate,reinstate,technician,shipyard,-,tidy,malfunction,-,option,directive,software,computer,evaluation,directive,program,engineering,-,assembly,engine,-,resin,mould,-,engine,die,workpiece,workholding,program,gas,marine,yacht,machining,workpiece,welding,assembly,-,machine,welding,root,join,engineering,-,inductor,manufacture,-,legacy,commission,-,circuit,circuit,commission,device,stock,stock,-,run,reception,-,carriageway,tunnel,-,fascia,occupation,-,layer,slate,ridge,occupation,bitumen,-,roof,photovoltaic,-,occupation,erect,-,restraint,operative,-,operative,occupation,road,cladding,erect,frame,treatment,install,install,vehicle,occupation,concrete,occupation,operative,resin,occupation,occupation,-,floor,occupation,operative,tile,wall,-,consumables,contractor,occupation,vehicle,requisition,occupation,-,pick,machine,-,stock,chemical,-
3,employer,fund,investment,community,-,competency,competency,-,transaction,alteration,-,transaction,asset,framework,-,counter,bank,-,dispute,accounts,-,gap,message,-,state,machinery,-,vessel,diversity,-,instrumentation,delegate,strategy,staff,drink,drink,logistics,-,director,project,payment,script,-,strategy,business,-,strategy,amongst,sales,decide,strategy,-,insurer,renewal,business,quotation,-,substructure,grass,-,staff,face,driver,stakeholder,-,adult,promote,patient,-,mist,confidentiality,-,consultant,evaluation,survey,stakeholder,welfare,contractor,incident,interaction,tender,learn,context,verify,-,encourage,explain,perform,diversity,diversity,-,individual,processing,element,-,door,infill,-,belongs,gas,asset,hygiene,apparatus,candidate,energy,infrastructure,-,wire,section,-,heating,heating,pressure,-,asset,track,track,gsm,circuit,-,section,steel,engineering,reinstate,drawing,shipyard,shipyard,hvac,relations,inside,-,occurrence,event,-,designer,sigma,cad,scheduling,decommissioning,computer,modify,computer,-,coat,overhaul,-,production,machine,-,leisure,machine,device,workpiece,pattern,marine,coat,boat,cnc,program,machine,circuit,-,plate,plate,join,welding,consumables,-,transformer,film,-,rectification,appliance,-,fluid,replace,fault,fault,fluid,fault,-,fibreboard,diagnosis,-,road,incident,-,soffit,enclosure,-,bitumen,replace,hip,layer,ply,-,wall,mount,-,anchor,suspend,-,sett,occupation,-,install,operative,traffic,occupation,floor,autoclave,occupation,occupation,occupation,extinguisher,stain,operative,gate,anchor,occupation,block,door,-,replace,conservation,mould,wall,occupation,-,replace,machinery,machinery,project,operative,ironwork,-,saw,tooling,-,purchase,extinguisher,-
4,investment,investment,fund,mission,-,obligation,market,-,pay,life,-,fund,currency,taxation,-,staff,banking,-,debt,business,-,organisational,field,-,package,packaging,-,stakeholder,passenger,-,haccp,productivity,culture,hospitality,wine,changeover,goods,-,contributor,rig,claims,budget,-,business,vulnerability,-,sector,continuity,offer,cycling,profile,-,renewal,business,insurer,amendment,-,skac,prefabricate,-,participation,sport,obstacle,leisure,-,provider,carers,intervention,-,certification,aim,-,contractor,business,evaluation,tenderers,tunnel,labour,sponsor,stakeholder,configuration,tender,group,maker,-,productivity,budget,behaviour,budget,inclusion,-,encourage,encourage,authorise,-,glazing,battery,-,electricity,employer,setback,section,gas,highway,asset,locate,-,renewal,wiring,-,ductwork,accessory,implementing,-,rule,swl,swl,circuit,gsm,-,erect,assembly,disconnection,drawing,onshore,inside,inside,onshore,perform,tunnel,-,difficulty,aiders,-,catalogue,project,modification,manufacture,implementation,decommissioning,machine,machine,-,aviation,wing,-,cure,consumables,-,moulding,prove,program,device,machining,welding,paint,weld,lens,overhaul,circuit,weld,-,joint,section,weld,welder,parent,-,coil,precaution,-,leakage,fault,-,isolation,diagnosis,connection,connection,isolation,replace,-,machine,appliance,-,install,vehicle,-,cement,encapsulate,-,upstands,sarking,tile,ply,vapour,-,panel,kit,-,dismantle,rope,-,edge,mould,-,ceiling,drainage,operative,frame,occupation,steel,install,relocate,blockwork,coordinate,acid,substrate,blind,grout,reinforce,erect,extinguisher,-,decorate,plaster,render,operative,drainage,-,operative,conservation,accessory,deviation,shut,pave,-,difficulty,occupation,-,custody,occupation,-
5,interest,asset,sfp,trust,-,market,advise,-,accounts,underwrite,-,stakeholder,sector,explain,-,diligence,laundering,-,sales,appraise,-,fulfil,email,-,cement,transport,-,traffic,equality,-,replace,feedback,leadership,payment,feedback,resolution,model,-,studio,describe,budget,producer,-,option,threat,-,network,raise,goodwill,lessen,architecture,-,settlement,provider,market,insurer,-,excavation,undercarriage,-,agency,implementing,community,goal,-,agency,family,community,-,extinguish,replacement,-,workforce,dispute,tenderers,evaluation,sustainability,circuit,strategy,implementation,alteration,breakdown,individual,commissioning,-,production,research,business,sector,equality,-,someone,training,investigation,-,conservatory,film,-,meeting,highway,professionalism,meter,designate,traffic,stakeholder,construct,-,bond,bond,-,pipework,implementing,air,-,engineering,ssow,ssow,cctv,cctv,-,onshore,engineering,wire,device,shape,tunnel,tunnel,engine,culture,explosive,-,supervisor,evacuation,-,draught,fault,copy,software,assurance,manufacturing,model,programming,-,mould,fastener,-,fibre,thermography,-,device,mould,grind,press,assembly,fault,machine,machine,production,assembly,treatment,device,-,arc,gas,cap,oxidation,welder,-,precaution,checking,-,liaise,decommission,-,connection,cable,fluid,fluid,'lifed,cable,-,sample,module,-,mobile,caller,-,installer,operative,-,gutter,stone,reclaim,operative,roof,-,seam,bracket,-,operative,roof,-,ironwork,machinery,-,ductwork,concrete,kerb,steel,platform,operative,operative,operative,brickwork,operative,cure,saw,shade,soil,operative,mortar,operative,-,panelling,thatch,platform,masonry,stone,-,portable,restoration,sling,maker,accessory,machine,-,treatment,list,-,wrap,operative,-
6,deed,contribution,funding,functioning,-,ascertain,depend,-,debt,insurer,-,settlement,market,consumer,-,institution,counter,-,export,decline,-,difficulty,worker,-,production,salvage,-,enforcement,learn,-,pressure,adhere,thinking,room,supervise,handover,theory,-,performer,performer,accounting,funding,-,confidentiality,stakeholder,-,sales,interruption,relations,enhance,culture,-,premium,settlement,audit,consequence,-,edge,install,-,equality,leisure,maker,strategy,-,carers,adult,promote,-,fault,survey,-,labour,procurement,procurement,dispute,feedback,obligation,commitment,aim,autonomy,variance,wider,commission,-,engage,welfare,engage,market,business,-,constraint,negligence,availability,-,aperture,shape,-,commission,designate,evaluation,pipe,highway,supervision,project,devise,-,registration,earthing,-,air,pipework,introduce,-,traction,haswa,leader,riddor,riddor,-,steelwork,section,termination,shipyard,shipyard,explosive,explosive,shipyard,uphold,atmosphere,-,hair,carrying,-,rule,production,title,departure,authorise,assurance,flaw,cnc,-,servicing,flight,-,tooling,sheraography,-,cable,assembly,press,grind,wood,thread,assembly,device,assembly,device,mould,cable,-,section,joint,fill,reinstate,onshore,-,film,device,-,refrigeration,pipework,-,air,device,air,air,device,isolation,-,packaging,etc,-,speed,network,-,premise,decontamination,-,pour,occupation,occupation,waterproof,outlet,-,occupation,installers,-,lightning,anchor,-,occupation,rpe,-,wall,adaptability,highway,cabin,propping,install,proof,suspend,erect,signage,etch,screed,operative,membrane,install,operative,metal,-,occupation,mould,plasterwork,stone,operative,-,restore,welfare,signal,craft,consumables,road,-,efficiency,enquiry,-,sell,transfer,-
7,fund,class,asset,beneficiary,-,appetite,employ,-,complaints,business,-,asset,strategy,trust,-,strategy,currency,-,collection,pay,-,failure,send,-,stock,stock,-,incident,berth,-,diagnosis,deploy,feedback,profit,hygiene,productivity,procurement,-,idea,appear,film,idea,-,stakeholder,weakness,-,address,concept,administration,employee,law,-,business,market,settlement,business,-,play,layer,-,diversity,evaluation,stakeholder,practitioner,-,harm,discrimination,medication,-,install,consist,-,commission,market,contractor,procurement,meeting,illumination,feedback,idea,introduction,practitioner,cycle,welfare,-,leadership,learn,project,eu,vision,-,explain,incident,rescue,-,curtain,window,-,budget,employee,brief,distribution,employer,sub,contingency,network,-,conductor,registration,-,version,soundness,refrigeration,-,element,leader,railway,track,fault,-,shipyard,onshore,drawing,inside,inside,atmosphere,scaffold,exchanger,project,confine,-,eye,assistance,-,drawing,welding,connect,cad,facility,manufacture,drawing,save,-,cable,device,-,core,sheer,-,refitting,dy,machining,assembly,mould,propulsion,weld,fastener,distortion,workholding,leave,engineering,-,metal,bend,steel,segregation,configuration,-,core,manufacturing,-,connect,combustion,-,precaution,isolation,fastener,fastener,overhaul,lock,-,learner,replacement,-,occupation,address,-,preparatory,install,-,edge,underlay,valley,membrane,install,-,skin,connect,-,fall,board,-,background,lev,-,cavity,formwork,excavation,precast,operative,cladding,preservation,wall,spray,erect,membrane,machinery,install,pile,locate,cavity,joinery,-,renew,operative,cornice,plaster,coshh,-,workshop,maker,signalling,organise,attachment,tanker,-,assemble,operative,-,pick,treat,-
8,matter,content,employer,object,-,tolerance,instrument,-,reconcile,straightforward,-,accounts,tax,money,-,training,money,-,recovery,authorise,-,commitment,search,-,energy,summon,-,applies,baggage,-,controller,organise,deployment,reservation,cellar,diagnosis,transport,-,budget,rigging,insurance,financier,-,accounts,harm,-,towards,awareness,law,loans,events,-,market,authorise,amendment,renewal,-,concrete,describe,-,barrier,staffing,vision,suite,-,promote,harm,consent,-,riser,business,-,bim,strategy,production,feedback,workforce,wound,assurance,capability,contractor,bid,lifecycle,feedback,-,efficiency,list,vision,network,strategy,-,commitment,evaluation,incident,-,learner,question,-,expertise,asset,atmosphere,fitting,mm,leader,option,implementation,-,escalation,conductor,-,perform,trade,condensate,-,rail,riddor,haswa,swl,telephone,-,inside,gas,reinstate,tunnel,tunnel,confine,asset,inside,input,scaffold,-,malfunction,egress,-,library,manufacturing,digitiser,mail,subordinate,decommission,computer,flaw,-,resin,lock,-,ply,convention,-,fastener,injection,fixture,cnc,face,wire,precaution,assembly,bsen,wire,sand,workpiece,-,gas,fabrication,pipe,finishing,gas,-,semiconductor,thick,-,ventilate,flue,-,fastener,fluid,pressure,pressure,sensor,etcs,-,adjustment,outlet,-,operative,escort,-,rainwater,segregation,-,occupation,tile,install,division,gutter,-,cement,text,-,rope,platform,-,operative,exhaust,-,coat,behaviour,machinery,prefabricate,fall,wall,technician,floor,operative,liaise,machinery,resin,pallet,tensioning,chase,wall,ironmongery,-,drainage,restore,cast,craft,mosaic,-,braze,workforce,workforce,workforce,organise,traffic,-,blade,cnc,-,wood,spillage,-
9,trust,sfp,content,govern,-,strategy,extent,-,organisational,quotation,-,price,class,affordability,-,encompass,finance,-,department,repayment,-,organise,telephone,-,packaging,visitor,-,duty,incident,-,see,deployment,equality,kitchen,learn,adhere,freight,-,makeup,oversee,tax,expenditure,-,intelligence,contractor,-,loans,events,pay,shareholder,tolerance,-,straightforward,loss,towards,placement,-,cast,fill,-,pool,describe,goal,finance,-,individual,well,agency,-,modification,proposal,-,brief,settle,entitlement,welfare,traffic,consumer,goal,research,element,procurement,life,consultant,-,innovation,threat,leader,sponsor,leadership,-,day,audit,demand,-,bay,statutory,-,commissioning,traffic,commission,leakage,employee,utility,maintaining,mitigate,-,insulator,insulator,-,circulation,drainage,establishment,-,selfemployed,railway,testing,connection,track,-,tunnel,welding,fault,explosive,pressure,circuit,atmosphere,tunnel,definition,designate,-,event,appoint,-,database,weld,mouse,modification,decommission,methodology,sales,calibration,-,precaution,replace,-,laminate,scan,-,precaution,handover,jig,fixture,device,device,device,precaution,gear,cnc,gas,wiring,-,bend,roll,welding,engineering,shipyard,-,device,circuitry,-,conform,fill,-,replace,precaution,instrument,escalator,lock,diagnosis,-,sort,legacy,-,lev,flow,-,felt,public,-,vapour,operative,batten,bitumen,perimeter,-,install,aim,-,tie,tower,-,duct,respiratory,-,resurface,thinking,apparatus,economise,flooring,concrete,ventilation,flooring,anchor,logistics,operative,reinforcement,rack,excavate,anchor,mix,wall,-,paint,metalwork,cement,plasterwork,heat,-,heat,project,supervise,encourage,guide,kerb,-,usage,saw,-,pack,liquid,-
10,compensation,employer,class,committee,-,depend,sales,-,amount,pay,-,payment,equity,suitability,-,enforcement,explain,-,facility,offer,-,feedback,utility,-,concrete,transportation,-,facilitate,moor,-,fluid,culture,commitment,dish,linen,staff,meat,-,music,sound,accounts,project,-,enforcement,loss,-,selling,maker,maximise,enterprise,proportionate,-,alteration,alteration,renewal,underwriter,-,excavate,perimeter,-,venue,buy,option,link,-,achievement,leadership,independence,-,stakeholder,adjustment,-,budget,brief,investigation,strategy,deployment,voltage,shortfall,strategy,modification,business,sponsor,engineering,-,incentive,implicit,conflict,implicit,innovation,-,succeed,represent,event,-,doorsets,balustrade,-,professionalism,consist,commissioning,commission,joint,expectation,feedback,employer,-,competent,railway,-,pressure,establishment,version,-,disease,rule,riddor,leader,swl,-,explosive,shipyard,onshore,scaffold,worksheet,fabrication,station,explosive,promote,fabrication,-,aiders,duty,-,package,manufacture,tablet,implementation,arising,evaluation,circuit,drawing,-,production,assembly,-,bsen,lamination,-,machine,machining,cnc,toolroom,woodworking,dismantling,cable,welding,perform,grind,moulding,workholding,-,fabrication,join,stainless,contamination,inside,-,wire,print,-,soundness,fuel,-,cable,wire,escalator,run,switch,circuit,-,print,consumer,-,rpe,drive,-,rafter,dismantle,-,outlet,masonry,roofing,coat,insulation,-,spacer,mounting,-,tube,occupation,-,footways,enrichment,-,spray,hole,ironwork,prevention,arrest,membrane,cavity,glass,platform,machinery,compound,formwork,display,belonging,expose,joint,floor,-,wood,lime,background,project,cills,-,dismantle,utility,guide,operator,signalling,operative,-,obligation,machining,-,vehicle,powder,-
11,sponsor,sip,trust,governance,-,portfolio,charging,-,escalation,behalf,-,complaint,promotion,asset,-,transaction,cash,-,accounts,debt,-,prioritise,software,-,barrel,surrounding,-,pollution,craft,-,dismantle,cross,diversity,recipe,meeting,downtime,purchasing,-,project,legacy,project,negotiation,-,continuity,recovery,-,engage,option,appoint,sector,likelihood,-,underwrite,extension,matter,premium,-,describe,divide,-,user,recreation,influence,tourism,-,wellbeing,theory,carer,-,survey,integrate,-,conservation,entitlement,stakeholder,summarise,utility,machine,audit,experience,competency,forecast,deliver,evaluation,-,motivation,leader,budget,list,culture,-,confidentiality,defence,contribution,-,fixture,transport,-,setback,reinstatement,expertise,isolate,fusion,pavement,incident,designate,-,enhancement,jumper,-,trade,version,conditioning,-,railway,connection,fault,rule,testing,-,drawing,inside,worksheet,shape,atmosphere,shaft,confine,vessel,list,shaft,-,evacuation,observe,-,accept,matrix,plotter,production,transfer,subordinate,software,model,-,ministry,log,-,vacuum,precaution,-,prototype,mechanism,toolroom,jig,cnc,disconnection,wire,cable,program,machining,workpiece,leave,-,wire,metal,joining,mag,fabrication,-,fault,board,-,wire,pipe,-,conjunction,instrumentation,run,clearance,connection,controller,-,die,extent,-,exhaust,user,-,trestle,lev,-,flash,conservation,eaves,powder,junction,-,stand,leave,-,install,scaffold,-,bed,belonging,-,belonging,verbal,lev,shutter,tower,floor,damp,metal,background,hoard,screed,cure,belonging,slope,wrap,blockwork,install,-,screed,restoration,mix,timber,reveals,-,lev,carriageway,excavator,supplier,official,utility,-,laminate,moulder,-,dispatch,foam,-
12,asset,calculation,deed,title,-,extent,offer,-,despatch,complaints,-,pay,capital,inherent,-,ongoing,transfer,-,grant,inconsistency,-,legacy,communications,-,fault,rectification,-,circulate,learning,-,air,encourage,success,feedback,menu,evaluation,practitioner,-,funding,tour,tv,supplier,-,audit,someone,-,networking,event,organisational,incentive,stakeholder,-,extension,straightforward,liability,fall,-,consolidate,edge,-,engage,objection,research,occupation,-,taking,preference,discrimination,-,confidentiality,restore,-,implementing,option,maker,offer,sub,efficiency,option,goal,offs,coding,initiate,certification,-,society,consult,learn,link,government,-,quantitative,conform,confidentiality,-,wall,answer,-,incident,general,framework,street,asset,individual,sewage,land,-,section,layout,-,implementing,boiler,liquid,-,vicinity,isolation,isolation,isolation,leader,-,atmosphere,inert,shipyard,atmosphere,confine,fault,shaft,drawing,execution,workshop,-,machinery,mask,-,context,depth,scanner,extent,reduction,facility,fabrication,precaution,-,loom,replacement,-,temperature,production,-,sub,precaution,thread,thread,drawing,pipework,pipework,fault,prism,production,joint,mould,-,join,heat,appreciation,mig,qualification,-,voltage,interconnection,-,decommission,adaptation,-,iee,pressure,clearance,sensor,sight,fluid,-,shut,competency,-,respiratory,signal,-,foot,respiratory,-,cap,clay,thatch,foam,occupation,-,insulation,attach,-,faceted,seat,-,road,avoidance,-,cladding,conform,rpe,fall,net,cabin,platform,plasterboard,vault,compound,inspect,lev,enclosure,timetable,mortar,damp,curvature,-,background,plasterwork,dado,paint,render,-,soldering,sub,visitor,perform,manoeuvre,pavement,-,stock,compatibility,-,chain,belonging,-
13,contribution,myners,allocation,interest,-,employ,explain,-,pursue,amend,-,attention,investor,suspicion,-,business,fund,-,monies,attention,-,demand,address,-,manufacture,exchange,-,individual,address,-,meat,success,governance,supplier,payment,chain,purchase,-,theme,plot,loss,investor,-,aim,exchange,-,competitor,professional,etc,energy,staff,-,loss,complaints,premium,collate,-,trench,turf,-,leisure,expectation,trend,recreation,-,dignity,community,partnership,-,testing,install,-,officer,maker,supplier,contractor,maker,bid,meeting,learn,tenderers,budget,convey,contractor,-,community,human,diversity,recruitment,reflect,-,morale,trend,constraint,-,frame,panel,-,utility,leadership,incident,isolation,wear,intend,strategy,locating,-,wiring,cross,-,welding,pump,evaporators,-,telecom,possession,rule,telephone,transmission,-,confine,tunnel,inside,fabrication,explosive,workshop,fabrication,atmosphere,shipyard,matter,-,education,qualify,-,remain,chart,engineering,mould,mail,production,detection,cable,-,bond,mod,-,catalyst,ray,-,fault,guard,face,wheel,shape,cutting,directive,lock,consumables,turbine,wiring,welding,-,production,shape,gas,detection,production,-,armature,connector,-,disruption,capacity,-,adjustment,dismantle,sensor,cable,smell,overhaul,-,crease,replace,-,belonging,scenario,-,polythene,rpe,-,extinguisher,timber,lap,thatch,penetration,-,aluminium,overcome,-,rig,lightning,-,relocate,demonstration,-,jet,pour,belonging,operative,deck,fabric,inject,demonstration,gun,receptacle,concrete,rpe,demonstration,demonstration,grout,proof,roof,-,operative,metal,lath,conservation,background,-,rpe,feedback,truck,ordinate,conjunction,accessory,-,sustainability,extraction,-,restriction,demonstration,-
14,version,adviser,sip,regulator,-,transaction,crime,-,money,extension,-,discrepancy,correlation,cpd,-,regime,facility,-,bank,fairness,-,relates,list,-,usage,assistance,-,finding,navigation,-,device,address,implementation,leadership,reservation,liaise,stock,-,character,hire,producer,crew,-,threat,implementation,-,loan,implementation,attention,investor,evaluation,-,complaints,law,reserve,underwrite,-,backfill,generation,-,individual,divide,evaluation,vision,-,engage,accountability,philosophy,-,device,availability,-,constraint,marketing,chain,entitlement,supplier,adjudication,evaluation,inspire,bid,expenditure,appear,supervisor,-,business,link,interest,directive,idea,-,ability,section,project,-,floor,curtain,-,atmosphere,excavate,incorporate,pressure,recording,engineering,update,enter,-,renew,drawing,-,establishment,context,refrigerant,-,ohle,cos,connection,possession,connection,-,weight,scaffold,tunnel,station,adhere,designate,device,compressor,adhere,adhere,-,oil,facility,-,software,computer,template,trialling,behalf,owe,manufacture,file,-,defence,fault,-,bond,peel,-,loom,moulding,wheel,face,precaution,propeller,rope,vessel,iso,lens,device,vehicle,-,cylinder,precaution,slope,mma,tunnel,-,wind,phase,-,diagnosis,install,-,servicing,motor,cable,instrument,shock,voltage,-,learn,depth,-,timetable,stakeholder,-,scaffold,transit,-,vent,watching,verge,torch,coat,-,operative,tight,-,demonstration,dismantle,-,drainage,template,-,demonstration,shape,vehicle,install,stair,prefabricate,spray,belonging,formwork,supervisor,floor,ventilation,screen,deadline,tie,install,staircase,-,glaze,render,belonging,sustainability,cement,-,operational,heritage,attaching,quantify,vehicle,extinguisher,-,roof,belonging,-,sales,moisture,-
15,adviser,funding,adviser,staff,-,loss,gather,-,accounting,market,-,law,rating,class,-,conflict,organisational,-,applicant,law,-,offer,conversation,-,pack,sustainability,-,navigation,feedback,-,valve,challenge,influence,maximise,encourage,challenge,export,-,hire,staff,ledger,proposal,-,submit,consultant,-,trend,gain,referral,enforce,framework,-,authorise,fall,recovery,query,-,accommodation,clear,-,shut,implementation,sector,outdoors,-,theory,advocacy,encourage,-,powder,propose,-,option,expenditure,welfare,carbon,attendance,legacy,allocation,behaviour,trade,supplier,realisation,regulate,-,influence,sponsor,link,generic,promote,-,update,individual,sponsor,-,name,consumables,-,investigation,road,finance,tracing,engineering,sign,refers,propose,-,jumper,switch,-,steam,entertainment,perform,-,consist,replacement,cos,cos,rule,-,shaft,atmosphere,explosive,piece,shaft,adhere,fault,rotate,inside,remain,-,carrying,sign,-,read,graph,pen,contingency,strategy,generate,particle,device,-,undertaken,moulding,-,spray,imperial,-,weld,gauge,assembly,profile,resin,lock,welding,wire,diameter,mount,wire,wire,-,precaution,supervision,initiation,consumables,explosive,-,assemble,voltage,-,routine,air,-,dismantle,isolate,currency,currency,replace,device,-,stack,premise,-,avoidance,partner,-,tile,belonging,-,roll,fauna,operative,belonging,flash,-,fibre,expose,-,belonging,decking,-,carriageway,deadline,-,steel,equality,channel,formwork,erection,crane,lev,timetable,illuminate,respiratory,rebound,exhaust,deadline,spillage,spacers,drainage,cladding,-,timber,mortar,casting,brick,sand,-,belonging,highway,fault,measuring,lev,requisition,-,floor,guard,-,wrapping,deadline,-
16,invest,trust,meeting,volunteer,-,instrument,relative,-,law,insurance,-,complaints,cash,crime,-,jurisdiction,error,-,invoice,discrepancy,-,output,sector,-,tensioning,marking,-,cooperate,idea,-,gas,technology,adhere,portion,reception,collate,display,-,concept,fly,payroll,edit,-,protocol,medium,-,enhance,consulting,decline,profitability,interdependency,-,law,quotation,negotiation,claim,-,link,sand,-,evaluation,fitness,gain,feedback,-,partnership,individual,choice,-,foam,research,-,commissioning,income,accounts,energy,consultant,commencement,influence,execute,influence,contingency,software,user,-,behaviour,meeting,marketing,vision,communications,-,gain,achievement,word,-,ancillaries,stair,-,evaluation,sign,investigation,tightness,trench,statutory,initiate,read,-,earthing,renew,-,kitchen,leisure,decommission,-,book,pt,possession,selfemployed,voltage,-,fabrication,joining,ram,confine,fabrication,worksheet,workshop,transmission,id,context,-,electricity,dress,-,life,methodology,printer,fabrication,delegate,medium,conjunction,controller,-,cableforms,aerospace,-,film,patch,-,assemble,trial,mill,mill,profile,isolation,pipe,overhauling,grind,wheel,heat,fault,-,roll,arc,flow,tig,reinstate,-,circuitry,inductor,-,isolation,malfunction,-,pressure,victim,shock,wire,etcs,precaution,-,conversion,network,-,demonstration,medium,-,board,exhaust,-,division,sever,metal,demonstration,extinguisher,-,profile,debris,-,avoidance,lash,-,joint,spillage,-,avoidance,clay,spillage,machinery,mobile,storey,rpe,deadline,belonging,belonging,break,belonging,machinery,waterproof,mixer,concrete,window,-,render,fauna,demonstration,floor,rpe,-,exhaust,learn,error,breakdown,rpe,slurry,-,business,tenoner,-,unload,stack,-
17,challenge,custody,contribution,commit,-,subject,disclose,-,match,law,-,reconcile,employer,law,-,enhance,law,-,pursue,payment,-,discus,internet,-,obligation,processing,-,authorise,bridge,-,precaution,aim,body,business,promote,staffing,procure,-,interview,explain,spreadsheet,negotiate,-,day,incident,-,cpd,debate,interest,adviser,register,-,quotation,disclose,underwrite,placing,-,divide,installers,-,contingency,tourism,engage,culture,-,right,right,context,-,activation,premise,-,expenditure,summarise,consultant,budget,encourage,individual,investigation,phase,list,stakeholder,undertaken,summarise,-,goal,communications,culture,licence,encourage,-,assure,subordinate,debrief,-,drainage,heritage,-,participant,direction,ethic,prove,road,substructure,transmission,timeframes,-,switch,torque,-,steel,harvest,trade,-,signal,controller,handbook,voltage,concentrators,-,workshop,shape,scaffold,hold,extend,remain,designate,confine,rule,rule,-,assistance,machinery,-,brief,calibration,elevation,owe,framework,department,mould,fault,-,panel,ministry,-,consumables,pot,-,refit,device,profile,dy,casting,dismantle,shape,replace,face,bsen,servicing,removing,-,consumables,bending,oxidation,shipyard,scaffold,-,wiring,instrument,-,isolate,connect,-,lock,sensor,wire,obstruction,freight,shock,-,running,satellite,-,wastage,cctv,-,battery,avoidance,-,felt,metal,ventilation,deadline,roll,-,grp,covering,-,earth,operative,-,spread,ventilation,-,barrier,rpe,exhaust,model,scaffold,legacy,floor,relevance,timetable,timetable,belonging,respiratory,spillage,injection,reinforcement,lev,rpe,-,fence,watching,wastage,timetable,exhaust,-,weld,stock,operative,culture,formation,verbal,-,inefficiency,discrepancy,-,assemble,relevance,-
18,revise,administration,minute,law,-,administration,transaction,-,discrepancy,provider,-,custody,recognition,methodology,-,law,payment,-,interact,investigate,-,encounter,folder,-,wedge,business,-,hm,marine,-,animal,audience,govern,train,housekeeping,efficiency,import,-,vision,lighting,bank,marketing,-,operator,strategy,-,context,nothing,maintains,capital,audience,-,disclose,pay,negotiate,workflow,-,drainage,example,-,alarm,occupation,describe,learn,-,language,language,multiple,-,gas,liaise,-,income,contractor,optimise,settle,stakeholder,trade,aim,learning,supplier,appreciation,manufacturing,aim,-,stream,participant,inspire,business,learn,-,appraise,involvement,speak,-,resistant,enquiry,-,agenda,joint,contingency,recommissioning,excavate,footways,career,surveying,-,torque,currency,-,ventilation,pressure,diffuser,-,diagram,theme,selfemployed,pt,isolation,-,terminology,confine,cabling,worksheet,workshop,context,adhere,pressure,tunnel,terminology,-,progression,premise,-,sketch,decommissioning,dimension,difficulty,competency,discipline,precaution,connect,-,mod,overhauling,-,consolidation,bsen,-,mould,thread,slot,machining,datum,mag,deck,directive,adjustment,feed,cast,core,-,mag,cutting,electrode,cracking,atmosphere,-,manufacturing,owe,-,intend,ventilation,-,wire,iee,obstruction,connect,adjustment,isolate,-,glue,earth,-,sustainability,manoeuvre,-,discover,demonstration,-,operative,ridge,sand,spillage,termination,-,layer,bar,-,timetable,rigging,-,blind,relevance,-,sustainability,inclusion,avoidance,bim,bag,belonging,tie,spillage,demonstration,facility,dpm,demonstration,relevance,retaining,cure,rpe,lev,-,window,flora,reveals,mould,respiratory,-,demonstration,traffic,attach,induct,highway,speed,-,cassette,timetable,-,yard,malfunction,-
19,meeting,deed,administration,executive,-,open,reward,-,attention,attention,-,framework,interest,goal,-,culture,charge,-,consumer,activate,-,clarification,incident,-,staff,indication,-,consultation,lock,-,circuit,workload,deploy,revenue,behaviour,see,despatch,-,cast,list,insurer,dispute,-,treatment,breach,-,adviser,incorporate,questioning,think,owner,-,department,contribution,context,underwriting,-,safeguard,floor,-,temperature,selling,government,innovation,-,preference,life,behaviour,-,proposal,failure,-,configuration,budget,meeting,supplier,handover,phase,expenditure,intent,breakdown,curve,inter,opinion,-,success,sponsorship,encourage,consult,technology,-,pace,investigation,maximise,-,classify,transporting,-,energy,engineering,reduction,road,mobile,context,interest,lone,-,earth,describe,-,boiler,accelerator,exchanger,-,renewal,ohle,controller,replacement,scada,-,scaffold,shaft,atmosphere,shaft,designate,motor,detection,device,explosive,permit,-,disposing,exit,-,calculation,idea,circle,audit,direct,implementation,convention,owe,-,drawing,connection,-,iso,void,-,body,workpiece,diameter,milling,hole,shape,gas,coat,hole,overhauling,pipe,drawing,-,distortion,steel,arc,inside,electrode,-,discharge,strap,-,diagnose,valve,-,switch,switch,connect,flow,precaution,vehicle,-,idea,multimeter,-,deadline,geography,-,tape,skip,-,kerb,ventilator,platform,insulation,snag,-,glass,harm,-,deadline,erecting,-,excavate,wastage,-,door,exhaust,demonstration,manufacture,ladder,timetable,wood,chart,wastage,avoidance,seal,electric,motorise,relevance,polymer,barrier,erect,-,gate,earth,arch,belonging,belonging,-,respiratory,visitor,hoist,occupier,transport,street,-,sip,demonstration,-,grade,concentration,-
20,class,allocation,liability,director,-,assimilate,explanation,-,credit,fraud,-,organisational,explain,research,-,invest,open,-,resolution,consistency,-,pride,question,-,transport,wherever,-,extent,coordinate,-,instrument,sharing,adherence,meeting,link,suite,distribution,-,camera,light,idea,contingency,-,indicator,supplier,-,expectation,vulnerability,trading,emission,influence,-,settle,department,law,indicator,-,sign,laying,-,religion,sale,efficiency,fitness,-,inspector,weigh,right,-,body,goodwill,-,engineer,circulate,inconsistency,option,deviation,authorise,agency,visualise,group,model,progression,handover,-,worker,leadership,redundancy,promote,interest,-,briefing,statutory,definition,-,timber,shop,-,finance,recording,technology,presentation,govern,expose,presentation,impression,-,rail,renewal,-,chill,rainwater,entertainment,-,restriction,disconnection,signalling,controller,cos,-,designate,workshop,engineer,workshop,assembly,consequence,remain,fabrication,remain,note,-,egress,eye,-,vdu,fluid,text,purification,presentation,capability,owe,film,-,piece,precaution,-,join,workpiece,-,panel,grind,mount,electrode,workpiece,precaution,vessel,steam,device,tooling,cable,treatment,-,electrode,joining,radiography,tunnel,confine,-,rotor,mount,-,heat,input,-,motor,instrument,precaution,malfunction,vehicle,passenger,-,output,tester,-,replace,deploy,-,sheeting,seal,-,drip,abutment,mortar,addition,plinth,-,flash,survey,-,rigging,entertainment,-,tolerance,shape,-,spillage,diversity,respiratory,deck,rpe,demonstration,exhaust,around,deadline,foam,timetable,avoidance,cladding,pump,mix,walling,sash,-,glass,roof,deadline,erect,timetable,-,ancillaries,consultant,crane,option,belonging,furniture,-,coating,edge,-,loading,stacking,-
21,funding,strategy,office,strategy,-,approval,fee,-,settlement,authorise,-,reconciliation,option,context,-,issuing,enquiry,-,file,organisational,-,undertaking,word,-,nuisance,deliver,-,statutory,encourage,-,sub,milestone,challenge,refurbishment,recipe,indicator,pack,-,viability,brief,learning,post,-,privacy,project,-,perception,brand,update,motivation,exercise,-,amendment,amendment,extension,receipt,-,footing,sandwich,-,address,call,conclusion,idea,-,indicator,achievement,confidentiality,-,sector,contractor,-,trade,negotiate,appoint,consultant,survey,welfare,medium,model,model,commitment,meaning,witness,-,expectation,suite,strategy,interest,partner,-,feel,motivation,explain,-,panel,machinery,-,reduction,sub,assurance,investigation,sub,contingency,influence,impede,-,describe,cable,-,glossary,contractor,leisure,-,occurrence,handbook,pt,transmission,possession,-,adhere,consumables,confine,designate,query,rule,consumables,shaft,scaffold,reinstate,-,appoint,extraction,-,query,controller,layer,processing,proposal,presentation,assembly,modification,-,satisfy,defence,-,treatment,tolerancing,-,resin,tooling,milling,angle,saw,assembly,rig,depth,glass,precaution,difficulty,mount,-,bending,hasawa,torch,porosity,productivity,-,strap,track,-,air,contractor,-,sensor,gas,flow,isolation,cable,wire,-,manufacturing,diagnose,-,spillage,technology,-,ladder,deadline,-,install,deteriorate,cement,boiler,incorporate,-,fixing,finding,-,sustainability,conductor,-,formation,membrane,-,stone,listen,sustainability,around,trade,deadline,respiratory,timber,machinery,powder,insulation,deadline,around,formwork,strap,exhaust,exhaust,-,metal,wall,timetable,relevance,avoidance,-,fuel,fault,utility,equality,sketch,spray,-,angle,deadline,-,route,volume,-
22,default,board,properness,aim,-,continue,profile,-,recover,right,-,query,economics,promote,-,licensing,discrepancy,-,finance,valuation,-,bind,web,-,contamination,alert,-,group,applies,-,distribution,group,productivity,linen,supervisor,business,vehicle,-,shoot,sort,credit,brief,-,capability,officer,-,encourage,deliver,administer,premise,validate,-,fall,amend,trend,processing,-,underground,cushion,-,describe,participant,negotiate,workforce,-,framework,transition,abuse,-,calibrate,culture,-,consent,community,enquiry,proposal,influence,employment,trend,audience,agency,cash,sector,survey,-,buy,feedback,promote,operator,market,-,encouragement,conflict,concept,-,hole,cutting,-,contingency,electrofusion,feasibility,accessibility,reinstatement,employee,gap,emerge,-,railway,electric,-,museum,device,receiver,-,infrastructure,diagram,diagram,haswa,pa,-,context,join,diagnose,adhere,raise,consumables,context,workshop,context,gas,-,duty,fluid,-,office,replace,fabrication,subordinate,underpin,incident,checking,input,-,shape,fuel,-,bag,humidity,-,connection,jig,electrode,precaution,woodwork,overhaul,fastener,compartment,realise,mechanism,engineering,depth,-,convention,convention,grind,wire,post,-,shock,diagram,-,pipework,intend,-,bsen,escalator,malfunction,adjustment,sop,freight,-,ink,payment,-,ventilation,sign,-,ups,spillage,-,boiler,hip,abutment,deck,pipe,-,reinforce,fixing,-,spillage,securing,-,cure,background,-,deadline,respiratory,deadline,decommission,exhaust,chase,frame,installing,spillage,demonstration,demonstration,spillage,rpe,avoidance,bar,belonging,wooden,-,gradient,conjecture,sand,mortar,demonstration,-,avoidance,deviation,organise,diversity,exhaust,consumables,-,legacy,device,-,efficiency,content,-
23,lending,offer,myners,day,-,advise,administration,-,owe,underwriting,-,concept,trend,rule,-,encourage,branch,-,trade,release,-,participate,listen,-,restraint,consumption,-,prosecution,promote,-,sensor,motivate,making,housekeeping,goods,implementation,transportation,-,execute,designer,vat,delegate,-,consultation,agency,-,variance,feedback,sale,allowance,indicator,-,amend,interest,alteration,lloyd,-,locate,withdrawal,-,group,modifying,example,individual,-,involvement,group,group,-,reel,sub,-,obligation,judgement,model,bid,user,relations,definition,refine,evaluation,contractor,strategy,deviation,-,professional,challenge,think,satisfaction,conjunction,-,play,culture,context,-,bead,floor,-,note,making,implementation,metallic,appear,reinstatement,style,leave,-,electric,acceptance,-,instrument,pipe,contractor,-,roll,disease,axle,planner,selfemployed,-,consumables,designate,shaft,mount,remain,scaffold,consequence,fault,workshop,steelwork,-,employment,obligation,-,register,evaluation,paper,assurance,complies,extent,copy,calibrate,-,coshh,mould,-,cycle,compression,-,realise,stroke,steel,mount,cad,join,coating,fighting,texture,angle,fluid,fitting,-,pipe,treatment,confine,explosive,shaft,-,earth,minimum,-,cool,decommissioning,-,pas,valve,isolation,gas,installing,dismantle,-,slotting,cable,-,count,call,-,transport,relevance,-,opening,conjecture,belonging,liquid,vent,-,deck,question,-,relevance,rig,-,grade,restraint,-,relevance,productivity,street,joint,respiratory,beam,belonging,panel,relevance,wastage,mix,sustainability,panel,chart,belonging,respiratory,respiratory,-,lev,deteriorate,spillage,avoidance,wastage,-,replacement,influence,balance,briefing,sustain,status,-,veneer,spillage,-,label,trace,-
24,tend,nominate,announcement,invest,-,yield,suitability,-,consistent,organisational,-,behalf,allocation,justify,-,suspicion,rate,-,money,variance,-,judge,alarm,-,rectification,authorise,-,constraint,individual,-,contaminates,strategy,embed,production,retrieve,feedback,project,-,post,budget,computerise,appeal,-,availability,wish,-,trust,hierarchy,confidential,introduce,publish,-,underwriter,arrange,demand,send,-,explanation,leadership,-,promote,competitor,expectation,consult,-,belief,centre,belief,-,medium,continuity,-,model,promotion,constraint,judgement,decisionmakers,employee,confidentiality,realisation,dependency,allowance,intend,inspect,-,address,context,technology,road,expectation,-,motivation,commitment,applies,-,installers,wet,-,leadership,recognises,construct,locate,jointing,operative,coverage,language,-,cross,completing,-,introduce,exchanger,sensor,-,law,selfemployed,calibrate,theme,controller,-,remain,adhere,fabrication,remain,flanged,disconnection,rule,adhere,snag,consumables,-,intend,reaching,-,extract,extent,colour,treatment,brief,brief,modification,probe,-,injection,directive,-,play,reinforcement,-,fuel,checking,angle,fault,taper,pipe,furniture,circuit,combine,iso,fitting,controller,-,symbol,pipe,en,flux,purging,-,processing,semiconductor,-,restore,vent,-,replacement,lifed,adjustment,setting,voltage,switch,-,configuration,spectrum,-,govern,visibility,-,jacket,facility,-,powder,flora,timetable,separate,hip,-,metal,drawing,-,cantilever,tie,-,stockpile,volume,-,wastage,lev,timetable,beam,legacy,spillage,dampness,avoidance,installing,coshh,wastage,timetable,garage,locate,timetable,brickwork,powder,-,rpe,belonging,screed,demonstration,sustainability,-,timetable,facility,influence,legacy,respiratory,productivity,-,pack,govern,-,transportation,despatch,-
25,regulator,liability,booklet,conflict,-,explain,obligation,-,miss,entitle,-,error,prospect,course,-,finance,prohibit,-,subject,applicant,-,wider,book,-,retrieve,harm,-,employee,obstruction,-,drawing,behaviour,stakeholder,housekeep,gather,capacity,boundary,-,investor,constraint,custom,right,-,deliver,partner,-,exceed,devise,inappropriate,carbon,behaviour,-,interest,attention,settle,reflect,-,post,organise,-,strategy,offer,indicator,interest,-,registration,model,drug,-,aim,plasterboard,-,stakeholder,model,summarise,market,consent,theory,community,challenge,scale,assurance,phase,suggest,-,technology,negotiate,meeting,transport,marketing,-,validate,toxic,meeting,-,seal,wall,-,master,trench,software,read,commission,connection,electricity,engineering,-,footwear,footwear,-,college,electricity,fan,-,fault,coshh,disconnection,ohle,pt,-,sling,alloy,workshop,context,context,isolation,adjustment,designate,certification,reinstatement,-,training,warning,-,adhere,commission,manufacturing,fluid,finance,configuration,stock,project,-,series,bsen,-,machine,jig,-,coshh,depth,depth,run,workholding,cable,afloat,air,depth,coil,solder,education,-,shape,owe,polarity,segregate,workshop,-,directive,processing,-,ductwork,servicing,-,generation,controller,setting,align,passenger,assembly,-,replace,chassis,-,relevance,intervention,-,prop,ventilation,-,foam,drainage,demonstration,reinforcement,melt,-,clip,connection,-,chart,frame,-,earthwork,masonry,-,extinguisher,belonging,wastage,official,screed,wastage,timetable,substrate,chart,sustainability,flooring,flooring,official,wastage,substrate,demonstration,foam,-,brick,timetable,relevance,mosaic,deadline,-,fault,provider,facility,feedback,demonstration,rpe,-,engineer,relevance,-,degradation,lubricate,-
26,conflict,market,strategy,meeting,-,incur,warning,-,insurance,decide,-,investigate,valuation,cancellation,-,stakeholder,authorise,-,ledger,query,-,consequence,copyright,-,match,consequence,-,direction,escape,-,gasket,idea,resilience,stock,sector,link,supplier,-,research,stock,discrepancy,supervise,-,image,sub,-,stakeholder,attitude,reciprocate,look,event,-,payment,underwrite,making,department,-,word,kerb,-,research,coach,divide,travel,-,commissioner,partnership,participate,-,price,integration,-,micro,valuation,submit,amendment,aim,transformer,individual,technology,purchase,claim,listing,fall,-,play,country,leadership,recruit,style,-,motivate,pattern,freedom,-,debris,front,-,configuration,holder,patent,contamination,pressure,assistant,investigation,harm,-,cable,puwer,-,hairnet,thermal,compressor,-,stock,engineering,authorise,signal,signal,-,rule,arc,bearing,consequence,consequence,feasibility,worksheet,consequence,atmosphere,segregation,-,mask,constitute,-,concise,decommission,save,commission,body,underpin,measuring,back,-,depth,circuit,-,ester,injection,-,pipe,ejection,taper,depth,modification,shaft,compartment,currency,thread,depth,education,precaution,-,mig,consumables,alloy,scaffold,rule,-,manufacture,calibration,-,delaying,burner,-,securing,air,align,electricity,transmission,removing,-,operator,circuit,-,chart,paramount,-,pipe,hygiene,-,trim,eaves,deadline,timetable,operative,-,rescue,differ,-,erecting,belonging,-,surfacing,erect,-,platform,language,ventilation,platform,belonging,govern,avoidance,wastage,brick,rpe,electric,locate,wastage,sustainability,tent,ventilation,deck,-,door,endanger,run,deadline,spillage,-,deadline,learning,sketch,goodwill,platform,asphalt,-,joist,note,-,legacy,vessel,-
27,rule,office,law,stakeholder,-,accounts,charge,-,contains,assurance,-,expectation,duty,correlation,-,extend,disclose,-,transaction,trend,-,deliver,adapt,-,supervision,expiry,-,pilot,ship,-,overhaul,implementation,inspire,sales,dispense,gain,example,-,editing,accessory,transaction,demand,-,propose,entail,-,evaluation,culture,bank,pay,link,-,arrange,underwriter,loss,slip,-,bolt,vision,-,disinfection,discus,autonomy,marketing,-,investigation,complaints,participation,-,premise,ordinate,-,technology,proposal,payment,marketing,pass,supplier,advise,context,derive,production,milestone,independence,-,attitude,content,finance,discus,commitment,-,choose,recipient,deploy,-,fitting,manoeuvre,-,framework,jointing,project,route,pavement,lane,perspective,agency,-,goggles,fitting,-,prison,fuel,compression,-,section,certificate,engineering,concentrators,planner,-,consequence,joint,terminology,rule,rule,protector,feasibility,heat,station,read,-,qualify,oil,-,appreciation,fabrication,register,aerospace,computer,mould,underpin,minimum,-,marking,pressure,-,convention,mode,-,pipework,fixture,wire,slot,moulding,transmission,depth,minimum,cylinder,gear,core,fastener,-,assembly,competency,purge,top,shield,-,matting,wire,-,input,pressure,-,modification,pas,gas,guard,sound,warn,-,feedback,tv,-,ordinate,exceed,-,hear,official,-,pipe,valley,spillage,install,valley,-,formation,reinstate,-,conductor,metal,-,belonging,around,-,certification,around,stud,proximity,edge,relevance,demonstration,datum,curve,deadline,preparing,diamond,avoidance,gas,primer,avoidance,belonging,-,exhaust,timber,govern,spillage,ventilation,-,metal,prioritise,contractor,layout,avoidance,conform,-,expertise,chart,-,assembly,unload,-
28,council,memorandum,deficit,read,-,opening,assimilate,-,legacy,legacy,-,instance,benchmark,merit,-,body,forward,-,send,clarification,-,fill,exceed,-,minimize,pollute,-,business,prioritise,-,generation,mistake,input,training,ability,instrument,staff,-,appeal,supervise,currency,research,-,success,staff,-,feedback,interface,legacy,insurance,failure,-,negotiate,settle,address,pay,-,install,facility,-,stakeholder,equality,win,welfare,-,treat,belief,strategy,-,disruption,capability,-,employment,production,goodwill,negotiate,standardisation,adhere,delegate,evolve,study,recur,output,goodwill,-,rationale,learning,context,contingency,address,-,piece,element,achievement,-,install,block,-,contribution,appear,transport,loss,danger,join,distribution,finding,-,foundation,connection,-,soundness,transformer,temperature,-,coshh,axle,theme,disconnection,engineering,-,dismantle,shaping,designate,guard,consumables,adjustment,governor,context,pip,weight,-,disagreement,waist,-,strategy,facility,symbol,underpin,audit,contingency,press,circuit,-,coating,calibration,-,infusion,fume,-,torque,pressure,dy,hole,core,bear,pressure,shape,slot,speed,precaution,fluid,-,joining,drawing,rout,copper,designate,-,solder,depth,-,plumb,rectification,-,distribution,drawing,electricity,torque,pas,pressure,-,draft,soldering,-,cone,indicator,-,install,around,-,legacy,verge,relevance,pour,parapet,-,steel,sketch,-,tower,timetable,-,timetable,carve,-,substrate,timber,relevance,ventilation,timetable,chart,reinstate,barrier,respiratory,around,heat,relevance,respiratory,grouting,avoidance,deadline,manufacture,-,post,demonstration,chart,arch,lev,-,ventilation,attendance,brief,discus,timetable,shut,-,column,treatment,-,origin,ratio,-
29,correlation,booklet,safekeeping,stand,-,interval,continue,-,instance,title,-,hold,influence,valuation,-,feedback,exchange,-,deem,legacy,-,interact,principal,-,consumables,capacity,-,interaction,cargo,-,tpm,timeline,consultation,market,leadership,technology,agency,-,crew,consult,pay,viability,-,submission,investigation,-,achievement,chain,transaction,packaging,market,-,decline,payment,quotation,presentation,-,conduit,suitable,-,pressure,staff,agenda,staff,-,context,representation,wish,-,extinguisher,anomaly,-,flood,research,valuation,life,provider,motor,interest,workflow,life,achievement,governance,marker,-,emerge,promote,staff,think,workforce,-,allocation,making,gather,-,classification,interior,-,consult,utility,copyright,flush,hole,excavate,conflict,confidentiality,-,cantilever,enhancement,-,spectacle,representative,transformer,-,bearer,shock,disease,coshh,television,-,worksheet,remain,adhere,consumables,compression,device,replacement,remain,designate,reuse,-,facility,spotting,-,dimension,output,join,machining,patent,fabrication,menu,copy,-,fastener,machine,-,mandrel,trim,-,fitting,feed,precaution,mould,computer,steam,owe,pipework,message,cutter,forge,braze,-,thickness,assembly,post,clip,parameter,-,clothing,tube,-,commissioning,consist,-,instrument,connection,controller,precaution,permit,replacement,-,closing,analyser,-,lubricate,volume,-,arrest,sort,-,belonging,pave,govern,primer,eaves,-,laminate,happen,-,ladder,avoidance,-,bond,mortar,-,proximity,challenge,chart,productivity,avoidance,roof,wastage,sustainability,rpe,spillage,deadline,drill,device,mini,demonstration,trowel,avoidance,-,respiratory,wastage,skirtings,wastage,relevance,-,gas,disruption,amend,fail,idea,belonging,-,eg,sander,-,advise,receipt,-
30,auto,announcement,custody,officer,-,goal,framework,-,default,clause,-,business,play,gap,-,implementation,pay,-,launder,reveals,-,happen,routine,-,calibrate,manufacture,-,capital,discharge,-,isolation,research,prioritise,contractor,expectation,strategy,welfare,-,talent,automate,supplier,backer,-,disseminate,attack,-,indicator,disruption,preserve,trust,probability,-,fraud,proceed,evaluation,gather,-,clear,pad,-,child,example,professional,collaboration,-,judgement,viability,network,-,negotiate,body,-,architect,consultant,investigate,maker,recycle,feedback,propose,cad,milestone,rate,finance,notify,-,motivate,interest,consult,delegate,public,-,specific,air,conclusion,-,combustion,transportation,-,delegate,field,acquisition,conclusion,general,continuity,capability,observe,-,ear,escalation,-,architect,generator,commission,-,sign,precaution,coshh,scada,ssow,-,snag,profile,marshal,mechanism,screw,diagnose,diagnose,consumables,confine,disrupt,-,sign,eliminate,-,abbreviation,measurement,file,veneer,production,agency,marketing,convention,-,replace,modification,-,assembly,iso,-,welding,drawing,cutter,die,owe,mig,coshh,gas,owe,thread,bend,progression,-,steel,device,cable,atmosphere,remain,-,winding,wiring,-,heating,business,-,safeguard,lock,torque,speed,log,modification,-,stitch,servicing,-,vehicle,night,-,legacy,strip,-,addition,batten,shingle,isolate,torch,-,condensation,annotation,-,formula,demonstration,-,avoidance,letter,-,coating,avoidance,utility,lev,demonstration,joinery,sustainability,saw,expansion,stock,spillage,float,guide,ejector,wastage,spillage,carriage,-,floorcoverings,intervention,timber,enrichment,horizontal,-,sustainability,supervise,post,suggest,deadline,respiratory,-,timber,suitability,-,strength,lubricant,-
31,span,properness,rule,ethic,-,retain,strategy,-,stipulate,proceed,-,trade,economy,provider,-,behaviour,style,-,practitioner,gather,-,call,listening,-,strand,surplus,-,mitigation,innovation,-,calibration,react,style,recruitment,recur,ordinate,hygiene,-,script,events,department,publicity,-,law,research,-,research,offer,telephone,travel,reflect,-,submit,underwriting,word,clarify,-,pipe,body,-,filtration,obstacle,tourism,encourage,-,advocate,participation,assistance,-,utility,constraint,-,availability,interest,decide,investigate,correlate,capacitor,experience,mapping,scheme,learning,govern,organise,-,delay,market,individual,rule,future,-,achievement,enforce,priority,-,containment,assembly,-,incorporate,mobile,facility,flow,treat,machine,gas,project,-,suspend,goggles,-,university,liquid,split,-,switch,signalling,replacement,pa,theme,-,route,context,gas,parameter,prefabricate,exchanger,linkage,rule,leadership,stack,-,premise,electricity,-,discipline,assurance,curve,anodise,availability,business,depth,title,-,vacuum,bulletin,-,heat,currency,-,directive,operator,hole,diameter,cast,depth,air,setting,centre,realise,flame,profile,-,tube,tolerance,joint,fusion,filler,-,print,resistor,-,theory,complies,-,gas,permit,guard,controller,pipework,permit,-,encourage,distribution,-,maintaining,attend,-,consumables,deposit,-,timetable,board,chart,relevance,verge,-,goods,electrician,-,roof,fall,-,demonstration,curve,-,stop,plastic,sub,rpe,wastage,element,post,raise,around,fight,relevance,supervisor,lev,reinforcement,sustainability,oral,group,-,belonging,stone,coat,restore,outlet,-,relevance,priority,slinging,occupation,coshh,infrastructure,-,treat,sawn,-,rotation,dry,-
32,transaction,cessation,auditor,revenue,-,achievement,research,-,monies,disclose,-,legacy,share,verify,-,waiver,extend,-,receipt,recovery,-,exchange,participation,-,shut,incorrect,-,obligation,experience,-,isolate,project,encourage,payroll,technology,availability,combination,-,scene,liaise,revenue,revision,-,recording,press,-,fulfil,constraint,representative,recycle,devise,-,negotiation,negotiate,exceed,decline,-,kerb,governing,-,energy,note,occupation,provider,-,view,address,reflect,-,propose,entity,-,none,offer,choose,draft,facility,productivity,contribution,precise,owner,verify,capture,implementation,-,market,encourage,collaboration,context,behaviour,-,decide,rule,acquire,-,discover,door,-,ref,pavement,transfer,appear,behaviour,supervisor,budget,licence,-,helmet,foundation,-,compress,gas,vacuum,-,hasawa,voltage,certificate,disease,calibrate,-,distribution,rule,remain,complexity,tee,asset,motor,feasibility,fabrication,relevance,-,initiative,identifying,-,sort,pressure,convention,study,capability,drawing,trialling,fabrication,-,headset,torque,-,pressure,extraction,-,transmission,production,feed,wire,competency,circuit,extent,metal,moulding,forming,progression,bend,-,tig,depth,dry,station,adhere,-,diagnosis,supervision,-,prove,extend,-,align,actuator,speed,measuring,isolate,sop,-,computer,isolate,-,communications,liaise,-,fibre,container,-,fixing,salvage,fitting,irrigation,upstands,-,tray,installer,-,foundation,section,-,wastage,install,-,erect,demonstration,concrete,leak,preparing,erection,roof,proximity,joint,prevention,peg,coat,productivity,drill,deadline,sustainability,ventilation,-,significance,avoidance,panel,maker,chart,-,brake,wall,operator,trespass,spillage,friction,-,unload,wastage,-,weight,usage,-
33,publish,collection,borne,writing,-,notice,bring,-,priority,settlement,-,arrange,query,behaviour,-,breach,staff,-,trading,reveal,-,question,user,-,crop,strive,-,light,tide,-,steam,commitment,behaviour,budget,participant,volume,happen,-,audience,period,settlement,player,-,output,workforce,-,market,promote,introduce,happen,department,-,accept,firm,underwriter,timescale,-,anchorage,seam,-,deliver,facility,overarch,human,-,sense,independence,view,-,user,ability,-,advisor,feedback,approval,community,investigate,commission,constraint,constraint,negotiation,provider,chart,justify,-,trend,partner,motivation,address,creativity,-,meeting,officer,employment,-,sealant,workshop,-,refocus,wear,tender,consequence,leakage,road,utilisation,explain,-,visibility,insulation,-,pipe,apron,filter,-,example,traffic,shock,ssow,disease,-,chock,consequence,earth,asset,washer,back,disconnection,worksheet,shaft,cylinder,-,exit,slippery,-,feasibility,rail,please,infusion,weakness,complies,device,cad,-,pas,rotor,-,coshh,bonding,-,brake,plate,chuck,steel,tooling,replace,moulding,craft,restart,chuck,grind,manufacturing,-,owe,expert,permit,grind,wire,-,phase,assembly,-,locate,element,-,sight,realise,measuring,calibration,train,air,-,difficulty,safeguard,-,sign,day,-,rag,damp,-,insulation,lime,mix,ballast,rainwater,-,belonging,tolerance,-,stability,sustainability,-,pavement,timetable,-,timetable,proximity,formwork,grout,sustainability,insulation,deadline,opening,arch,relevance,locate,spray,vehicle,concrete,spillage,wastage,demonstration,-,textile,deadline,install,chart,slab,-,wastage,amend,induction,recording,relevance,avoidance,-,hold,planer,-,payment,close,-
34,accounts,business,discretion,call,-,authorise,launder,-,banking,automate,-,gather,profile,obligation,-,openness,equity,-,offs,explain,-,identifying,delete,-,coil,retrieve,-,land,precaution,-,motor,collating,lie,privacy,suite,organise,consignment,-,discussion,stakeholder,invoice,music,-,staff,option,-,accounts,content,indicate,save,vision,-,proceed,decline,underwriting,score,-,barrier,moisture,-,suggestion,motivation,quantitative,contingency,-,represent,multi,challenge,-,receipt,sure,-,recycle,payment,option,brief,culture,state,consult,insight,option,consequence,predetermine,conform,-,employee,agenda,seize,feedback,feedback,-,treat,scheme,vehicle,-,label,wastage,-,sector,guard,contractor,supplier,escape,hygiene,business,functionality,-,puwer,cantilever,-,electricity,vessel,representative,-,supervise,vicinity,adjustment,diagram,replacement,-,slinging,grind,context,hvac,nut,dismantle,gauge,adjustment,qualification,packaging,-,fume,observing,-,sure,failure,scale,changeover,staff,machining,assurance,manufacture,-,machine,testing,-,precaution,undertaken,-,jig,toolroom,tooling,drill,prove,workpiece,join,owe,overcome,making,face,moulding,-,workpiece,hole,thickness,confine,context,-,insulate,wave,-,presence,diagnose,-,permit,adjustment,calibration,actuator,lifed,train,-,contamination,minimum,-,consumables,diversity,-,amount,wastage,-,demonstration,peg,opening,legacy,pour,-,breather,surveying,-,suspension,deadline,-,sustainability,official,-,wool,wastage,operator,exhaust,deadline,cold,hatch,regime,official,transfer,chart,volume,exhaust,excavation,govern,lintel,deadline,-,timetable,spillage,plasterboard,mix,tiling,-,spillage,supplier,recurrence,trust,vessel,demonstration,-,label,profile,-,ce,label,-
35,finalise,privilege,duty,description,-,offer,mislead,-,chase,arrange,-,purchase,inclusion,afford,-,office,legacy,-,business,charge,-,regular,update,-,operative,treat,-,content,difficulty,-,cleaning,allocating,liability,establishment,supervision,group,aim,-,voice,arrange,agency,audience,-,evaluation,potential,-,realise,execution,office,harm,gap,-,attitude,grant,example,attention,-,tamp,bound,-,economy,diversity,stimulate,network,-,accountability,underpin,practitioner,-,demonstration,extension,-,payment,constraint,amendment,subcontractor,prioritise,deadline,negotiate,feedback,facility,finance,business,clarify,-,combat,style,commitment,goal,champion,-,staff,supervisor,aim,-,shape,summon,-,repeat,fusion,owner,distance,underpin,pipe,model,submit,-,install,ear,-,commission,public,regulate,-,testing,lock,voltage,acquisition,coshh,-,platework,roll,permit,connection,reuse,replacement,isolation,turbine,lesson,worker,-,entry,lower,-,st,subordinate,angle,eliminate,addition,scheduling,fluid,depth,-,connection,radar,-,curing,owe,-,depth,collection,fault,feed,electrode,joint,circuit,resuscitation,tidy,perform,employment,employment,-,device,perform,wheel,brush,cpd,-,isolate,switch,-,doe,tenant,-,extent,depth,motor,rope,bsen,mating,-,slot,alignment,-,shoulder,speed,-,transportation,proximity,-,sustainability,inappropriate,gauge,chart,pack,-,bespoke,measurement,-,beam,spillage,-,deadline,cavity,-,smoke,drilling,install,prop,air,connection,spillage,grille,block,conform,situ,chart,proximity,machinery,replacement,insulation,panel,-,avoidance,mix,reinforce,style,grout,-,user,influencing,drum,facility,weight,spread,-,fault,computer,-,licence,isolate,-
36,spirit,committee,offer,commission,-,remain,asset,-,rejection,word,-,offer,research,concise,-,advise,stand,-,ability,insurance,-,framework,centre,-,mix,inaccurate,-,side,style,-,dismantling,experience,engage,laundry,booking,checking,facility,-,executive,disability,receipt,judgement,-,balance,reputation,-,promote,excitement,accountant,commitment,appraisal,-,grant,submit,arrange,acceptance,-,put,efficient,-,sustain,maker,recreation,obstacle,-,field,direct,worker,-,remedy,profit,-,wind,exchange,trust,quantify,promote,submission,achievement,anticipate,impose,earn,lesson,heritage,-,budget,incident,inclusion,master,making,-,light,allocation,charge,-,fall,visitor,-,encourage,connection,trialled,thorough,day,signal,threat,installing,-,track,loler,-,contractor,hygiene,valve,-,circuit,rail,ohle,engineering,handbook,-,preform,connector,consequence,install,asset,meter,panel,diagnose,participate,adverse,-,extraction,hair,-,symbol,department,view,layout,medium,audit,purification,radiation,-,modification,wire,-,press,core,-,pressure,steel,mould,tooling,drill,plasma,wood,pipe,coshh,face,profile,angle,-,supervision,spot,per,arc,joint,-,insulation,die,-,disturbance,incident,-,connect,testing,directive,motor,instrumentation,victim,-,assurance,loss,-,ramp,official,-,visibility,segregate,-,deadline,belonging,cladding,roofing,plane,-,filler,post,-,sketch,relevance,-,arisings,sawn,-,duct,sustainability,collision,roof,spillage,bear,gas,cavity,blanket,chart,hammer,membrane,sustainability,lev,relevance,cladding,sustainability,-,concrete,sustainability,bond,survey,channel,-,viability,decoration,destination,pas,construct,sustainability,-,wall,router,-,fulfil,post,-
37,partnership,ad,memorandum,governor,-,update,signature,-,clarify,doe,-,stock,devise,articulate,-,assumption,business,-,note,finalise,-,style,confidentiality,-,moisture,malfunction,-,purchase,direction,-,temperature,training,creative,margin,learning,instrumentation,flow,-,edit,ordinate,employee,strategy,-,technology,irregularity,-,strength,evolve,retailer,idea,weakness,-,legacy,fraud,provider,debit,-,safeguarding,event,-,aim,query,put,research,-,triangulation,wellbeing,share,-,diagnose,reconfiguration,-,cash,goodwill,trade,partner,allocation,status,prioritise,discipline,verify,software,verify,proposal,-,reliable,partnership,question,variance,trend,-,influence,train,promote,-,surrounding,laminate,-,id,commission,consult,tight,traffic,holder,scenario,integrate,-,directive,suspend,-,receptacle,voltage,public,-,replacement,occurrence,lock,shock,adjustment,-,destination,plate,rule,exchanger,gasket,panel,valve,angle,training,calibration,-,fluid,cream,-,comah,focus,style,woodworking,commissioning,purification,extent,detection,-,supervision,cabin,-,trimming,ordinate,-,iso,distortion,drill,plate,depth,extent,iso,extent,precaution,coshh,shape,screw,-,depth,wire,asphyxiation,adhere,rod,-,sustain,extent,-,gas,prove,-,card,pump,actuator,pipework,motor,dismantling,-,checking,impedance,-,segregate,route,-,platform,installing,-,spillage,mortar,mitred,harvest,corner,-,suitability,phone,-,ducting,engineering,-,spillage,cement,-,fibre,soil,govern,respiratory,ventilation,basement,draught,rpe,compact,proximity,polymer,erect,govern,steel,profile,open,spillage,-,demonstration,relevance,moulding,stencil,staircase,-,chart,negotiate,discussion,retrieve,signal,deadline,-,coat,speak,-,softwood,pressure,-
38,participate,duty,underlie,behalf,-,sign,impose,-,correspondence,establishing,-,pride,comparators,step,-,evaluation,society,-,matter,selling,-,banking,accept,-,sustainability,debris,-,register,duty,-,shock,trust,content,presentation,production,encourage,stakeholder,-,discus,prop,package,maker,-,context,event,-,perceive,examination,matter,fail,reinforce,-,recovery,recording,investigation,philosophy,-,fixing,socket,-,collaborate,travel,feedback,put,-,meaning,behaviour,user,-,government,government,-,operative,negotiation,collate,cdm,quantify,context,negotiation,session,presentation,accounting,budget,dimension,-,contributes,implementation,equality,content,expert,-,gather,establishment,describe,-,resistance,canopy,-,technology,segregate,calculation,legacy,connection,precaution,necessity,choose,-,loler,helmet,-,suit,museum,voltage,-,locate,cable,transfer,television,shock,-,angle,asphyxiation,consumables,mill,reinforcement,light,moment,replace,instrumentation,distribution,-,obligation,coshh,-,operability,candidate,hidden,painting,decisionmaking,commission,cable,edit,-,trimming,iso,-,bio,symbol,-,chassis,coshh,run,cutter,edit,furnishing,metal,supervision,press,drawing,cutting,computer,-,heat,thickness,ozone,gouge,treatment,-,stator,capacitor,-,modify,agency,-,locate,safeguard,pipework,chain,consumables,pas,-,recur,energy,-,unload,patrol,-,harness,encapsulation,-,replace,endanger,open,roll,pitch,-,timetable,infestation,-,prop,install,-,relevance,proximity,-,lining,deadline,flag,cold,relevance,formwork,govern,frame,cure,departure,pull,burst,rat,exhaust,peel,angle,wastage,-,wastage,curve,lime,hardwood,angle,-,fasten,survey,certification,inadequate,ventilation,organise,-,output,sand,-,aim,govern,-
39,scenario,safekeeping,invest,recruitment,-,gather,interrelate,-,notification,propose,-,pricing,individual,option,-,vision,inconsistency,-,interaction,ambiguity,-,overcome,priority,-,post,package,-,enforce,route,-,connection,learn,workforce,cellar,agenda,increase,cook,-,film,look,total,launch,-,gather,indication,-,prioritise,execute,question,air,intend,-,offer,cancel,pricing,discrepancy,-,mass,wood,-,overcome,honest,delegation,community,-,advocacy,advocate,identifying,-,alarm,attack,-,heating,insurance,partnership,model,visitor,curve,supplier,play,achievement,approval,deliverable,meeting,-,contribution,success,achievement,commitment,core,-,explore,commit,diversity,-,infestation,scaffold,-,assurance,hole,agency,smoking,holder,zone,priority,worker,-,insulation,visibility,-,context,glossary,grill,-,train,fault,locate,certificate,displacement,-,facility,ozone,calibrate,sample,install,transfer,replace,disruption,operator,connection,-,clothes,surroundings,-,british,implementation,oblique,goods,propose,body,file,supervision,-,hole,realise,-,wind,measuring,-,bodywork,pierce,plate,taper,master,supervision,cutting,cleanliness,dome,grinding,initiative,cast,-,tolerance,distortion,comah,shaft,competency,-,owe,symbol,-,energy,corrosion,-,coshh,dismantling,rope,tester,actuator,applies,-,innovation,adjustment,-,radio,question,-,machinery,tape,-,relevance,avoidance,contractor,cushion,cap,-,background,face,-,plate,chart,-,locate,drill,-,board,spillage,sett,turn,pitch,dismantle,warranty,machinery,proximity,stream,ducting,wire,gutter,sub,spreader,machinery,machine,-,furnishing,govern,lev,evaluation,screed,-,periodic,carpentry,belonging,coordinate,brief,statutory,-,reseal,grinder,-,business,transport,-
40,law,cease,committee,regardless,-,exchanger,option,-,age,fairness,-,example,hold,business,-,consent,attention,-,compensation,sell,-,advise,image,-,verify,retrieval,-,recruitment,element,-,lock,delegation,trigger,complement,department,managing,presentation,-,backer,example,fund,output,-,sure,likelihood,-,explain,exclusion,decide,discussion,training,-,delay,cancellation,price,wish,-,fill,surplus,-,divide,club,fitness,participant,-,clarity,governance,treatment,-,capability,tenant,-,list,cash,decay,outline,contingency,decay,obstacle,convert,constraint,usage,perceive,community,-,strategy,speak,expectation,vehicle,model,-,excess,efficiency,anticipate,-,installer,assistance,-,transport,danger,study,manifest,proceed,consumables,goal,diagram,-,road,tensioning,-,joint,hairnet,museum,-,puwer,elevate,traffic,cable,acquisition,-,distribute,metal,telemetry,gauge,plate,heat,assembly,compare,commission,tackle,-,reaching,hear,-,inadequate,reduction,sub,lacquer,commission,trialling,dimension,underpin,-,contribution,air,-,hybrid,terminology,-,wire,mount,speed,discharge,angle,tester,fault,evacuate,error,run,brazing,joint,-,slag,electrode,definition,fabrication,consequence,-,minimum,plat,-,complies,chimney,-,depth,assembly,alignment,alignment,fastener,directive,-,period,ownership,-,coordinate,fault,-,erect,legacy,-,chart,demonstration,fixing,background,separation,-,demonstration,impede,-,multi,events,-,chart,sustainability,-,seal,trench,tanker,belonging,chart,deck,brick,junction,lev,fence,insulate,profile,scale,backfill,ply,bed,beam,-,sustainability,chart,rpe,joint,door,-,inspect,tiling,timetable,safeguard,compaction,scale,-,cross,morticer,-,diligence,inspect,-
41,mitigate,chair,portfolio,deed,-,exchange,propose,-,dispute,calculation,-,deliver,conclusion,hold,-,interest,exceed,-,settlement,arrange,-,barrier,attachment,-,breakage,aiders,-,exercise,vision,-,directive,organising,vision,house,contingency,demand,evaluation,-,writer,consultation,trial,expert,-,interval,trend,-,idea,examine,demand,step,implementation,-,recording,accept,gap,claimant,-,strip,choose,-,dose,listener,experience,behaviour,-,body,sharing,disease,-,discus,facility,-,electricity,preference,carbon,adviser,literature,qualification,encourage,collaborate,budget,implementation,income,deadline,-,gap,expectation,rephrase,negotiate,sponsor,-,excavator,meaning,welfare,-,walling,timber,-,clarify,carriageway,presentation,sample,legacy,learner,engage,adhere,-,station,prove,-,purchaser,prison,glossary,-,geometry,transportation,circuit,vicinity,disconnection,-,weld,electrocution,sequencing,vessel,grp,moment,terminology,proof,guarantee,accessibility,-,manufacturing,ejection,-,clarification,instrumentation,cable,preg,strength,investigation,inspect,nc,-,log,cable,-,corner,minimum,-,bond,recipient,distortion,chuck,supervision,turbine,berth,pressure,convention,wear,removing,face,-,extract,rail,pd,strike,supervisor,-,interconnection,logic,-,strength,body,-,leave,log,chain,iee,grime,lifed,-,supervisor,supervision,-,lose,element,-,possession,quantify,-,exchanger,intervention,course,sketch,reinforcement,-,wastage,explain,-,net,everyone,-,grout,spacers,-,masonry,ventilation,pave,scale,formwork,lattice,relevance,lev,concrete,welfare,polish,core,automate,govern,chart,relevance,list,-,deadline,inappropriate,lining,joinery,coat,-,advise,error,official,discussion,sweep,spillage,-,trend,band,-,picking,consumables,-
42,acquire,article,dispute,charter,-,excitement,preference,-,holder,providing,-,sale,taxation,compile,-,entitle,offer,-,escalate,viability,-,promote,probe,-,precaution,community,-,pollute,staff,-,switch,expertise,conflict,front,stock,adherence,legacy,-,market,anchorage,query,example,-,fulfil,death,-,identifying,exclude,confidentiality,put,dependency,-,confidential,recovery,broker,spreadsheet,-,reinstate,shock,-,put,market,strength,recruitment,-,culture,learn,ordinate,-,pass,brick,-,heat,investigation,interest,clause,production,speed,context,feasibility,reduction,technology,effort,collate,-,law,variance,share,undertaking,partnership,-,exceed,investigate,department,-,survey,aluminium,-,potential,element,configuration,state,electrofusion,guard,audience,presentation,-,glove,frame,-,school,college,hairnet,-,timeframes,locate,counter,handbook,ohle,-,accessory,preheat,pvc,engine,pipe,board,transference,diagnosis,learn,skate,-,warning,face,-,bomb,commissioning,hatching,depth,discipline,configure,symbol,activate,-,bonding,turbine,-,preg,extract,-,minimum,face,bore,speed,dimension,fitting,disconnection,iso,infra,press,entry,engine,-,mma,minimum,electrocution,workshop,tig,-,depth,mail,-,jointing,representative,-,iso,extent,install,diagnosis,placing,torque,-,learning,meter,-,ready,hardware,-,glove,weight,-,exchange,wastage,window,outlet,powder,-,membrane,note,-,suspend,exclusion,-,drain,tray,-,chart,statutory,stone,block,situ,manufacture,guarantee,respiratory,direct,exclusion,contraction,break,wall,rpe,compact,around,fixing,-,spillage,erect,exhaust,govern,lath,-,modify,formality,guiding,allocation,stability,relevance,-,expiry,spindle,-,sawn,everyone,-
43,strike,governance,sponsor,exercise,-,excess,disclosure,-,cash,claimant,-,feedback,administration,investigate,-,trend,credit,-,suspense,finance,-,ability,room,-,recording,diagnosis,-,exemption,sector,-,actuator,contribution,initiative,conference,underpin,fault,sell,-,encourage,contractor,performer,copyright,-,grading,anything,-,satisfaction,examining,aim,investigate,enforce,-,attention,delay,ethos,authorise,-,vibrate,texture,-,circulation,routine,address,challenge,-,safeguarding,choice,empower,-,constraint,masonry,-,life,adviser,register,sustainability,circulate,electricity,resolution,video,perspective,definition,period,offer,-,style,communicating,address,finance,implementation,-,excavation,liability,perform,-,edge,steel,-,contributory,locate,strategy,eat,street,vehicle,represent,aim,-,tension,harness,-,refrigeration,stakeholder,college,-,ole,book,displacement,precaution,diagram,-,chain,nickel,inspecting,machining,documentary,replace,dismantle,connector,handover,platework,-,harm,intend,-,scale,training,convenient,copy,status,processing,motor,configuration,-,debris,shock,-,heating,disadvantage,-,floor,clothing,directive,datum,file,weapon,joint,coshh,minimum,tolerancing,extraction,cad,-,plasma,profile,mismatch,alignment,root,-,balancing,software,-,eu,soundness,-,battery,generation,tester,oil,applies,prove,-,score,oscilloscope,-,faulty,race,-,exposure,significance,-,excitation,sustainability,lev,separation,foam,-,curve,content,-,shore,exclude,-,cement,insulation,-,film,relevance,locate,statutory,prop,inclement,chart,exhaust,panel,scheduling,primer,wastage,statutory,post,compaction,preparing,balustrade,-,ventilation,alteration,sustainability,carve,window,-,bulb,recipient,radio,induction,direct,combine,-,tolerance,complaints,-,hardwood,evolve,-
44,provider,borne,advise,vision,-,exclude,country,-,cod,cancellation,-,face,business,concept,-,tip,lease,-,claim,identity,-,listening,stay,-,leader,production,-,period,locate,-,chance,explore,address,style,style,shift,hold,-,judgment,rescue,float,suitability,-,counselling,director,-,continue,example,style,excellence,mitigation,-,quantum,explain,validity,arrange,-,contour,carpet,-,try,close,prioritise,address,-,infringe,leader,indication,-,costing,study,-,durability,image,community,promotion,notice,rectification,recipient,investor,reliability,life,expenditure,observation,-,priority,recruit,wellbeing,law,articulate,-,exploration,propose,cooperation,-,ce,jacket,-,outage,agency,organization,historic,decommission,agency,implementation,law,-,tensioning,testing,-,verify,direct,prison,-,gsm,confine,rail,lock,checking,-,phrase,tungsten,containment,flow,replace,drawing,transfer,replacement,vendor,moving,-,trainer,walkway,-,layout,downtime,precaution,plat,constraint,aerospace,light,assurance,-,extent,observe,-,aramid,agent,-,connector,completeness,blow,blow,underpin,motor,rigging,connection,hold,hole,assemble,machining,-,fume,platework,etc,cap,plasma,-,die,oscilloscope,-,prefabrication,insulation,-,lifed,coshh,plc,install,directive,motor,-,achievement,investigate,-,guard,timing,-,insulation,timetable,-,exclude,deadline,rpe,reed,trowel,-,crown,waterproof,-,instrument,everything,-,trim,statutory,-,penetration,presentation,incident,direct,concrete,joint,barrier,section,nozzle,segregate,penetration,timber,mount,ventilation,pad,frame,timetable,-,relevance,validate,respiratory,column,mix,-,serviceability,joinery,container,restore,discussion,official,-,panel,diagnose,-,knot,everything,-
45,lose,transfer,valuation,commissioner,-,excitation,fair,-,copy,lose,-,complainant,element,allocation,-,mitigate,closing,-,consent,fact,-,perception,incoming,-,innovation,promote,-,investigation,achievement,-,feed,style,contribution,turnaround,helpfulness,gather,benchmarking,-,matter,research,claim,propose,-,attach,constraint,-,obstacle,exchanger,verify,event,facilitate,-,clarify,confidential,decide,proceed,-,aperture,explanation,-,figure,duplication,output,promote,-,knowing,setting,dignity,-,margin,compromise,-,advise,cdm,draft,asset,update,double,emerge,brief,capability,driver,event,preventative,-,dialogue,address,valuing,vacancy,entity,-,excavating,nuisance,encourage,-,sash,float,-,implementation,signing,proceed,cable,reinstate,contractor,constraint,research,-,terminology,preserve,-,cleaning,university,minimum,-,arrive,room,occurrence,rail,lock,-,shape,pressure,junction,fabricate,assemble,reseal,calibration,assembly,stakeholder,swarf,-,constitute,walk,-,tolerance,underpin,parameter,capability,copyright,modification,wire,parameter,-,spray,piece,-,glass,bond,-,owe,wear,lathe,grinding,turn,assemble,supervision,valve,symbol,distortion,consumables,entry,-,competency,coshh,basic,file,procurement,-,coshh,housing,-,iee,leakage,-,torque,shock,undertaken,plc,compressor,disconnect,-,slit,diagram,-,notice,ability,-,eye,statutory,-,excitement,spillage,wastage,blockage,brush,-,deadline,answer,-,board,excitement,-,guard,straight,-,compound,machinery,extinguisher,avoidance,excitement,hr,ceiling,prevention,exhaust,unload,contaminant,gas,rainwater,underpin,preparing,bond,straight,-,resin,project,ceiling,curve,land,-,steer,notice,demonstration,example,crane,planing,-,storey,side,-,scheme,exclude,-
46,play,discretion,existence,accomplish,-,evolve,profitability,-,amendment,omission,-,processing,balance,propose,-,climate,balance,-,right,mislead,-,noncompliance,promote,-,supervisor,grievance,-,license,loading,-,pas,deadline,consult,promotion,leader,disruption,unload,-,fund,success,flow,market,-,succession,deviation,-,justify,excitation,prioritise,explore,profitability,-,liability,decide,cpd,miss,-,hole,solid,-,leader,reach,staff,leadership,-,leadership,culture,inclusion,-,clarify,modification,-,toxic,advance,permission,circulate,heritage,star,style,milestone,modelling,execution,facility,punctuation,-,leading,investigation,style,competitor,contingency,-,excavate,interval,match,-,ventilation,protector,-,corrective,stop,procurement,duty,locate,locate,disagreement,authorise,-,harness,install,-,scotland,architect,university,-,adjustment,counter,precaution,occurrence,haswa,-,release,assemble,terminate,pressure,isometric,connection,tightening,pump,revision,preform,-,designate,skin,-,presentation,study,forging,validation,resolution,study,modelling,measurement,-,consumables,clearance,-,bagging,assurance,-,competition,angle,erosion,message,extent,afloat,steam,earth,coat,engine,depth,drill,-,angle,rivet,slippery,remain,acceptance,-,enclosure,display,-,instrument,commissioning,-,clothing,decontamination,diagnosis,undertaken,performs,fastener,-,label,workshop,-,preparing,listening,-,debris,vehicle,-,zoom,stack,flash,sustainability,roller,-,spillage,rest,-,inspect,evolution,-,agent,profile,-,machinery,metal,light,demonstration,excellence,layer,vent,overlay,pump,park,crack,mix,ceiling,ancillaries,heater,prop,welfare,-,chart,lunette,vault,reject,ceramic,-,join,consent,shackle,supervision,status,drainage,-,occupation,joint,-,restrict,excitement,-
47,balance,instrument,profit,funders,-,excellence,classify,-,exceed,hold,-,monies,comparison,theory,-,board,close,-,court,interest,-,perceive,fitness,-,powder,tear,-,asset,group,-,permit,word,motivate,availability,brief,reduction,market,-,realise,entertainment,learn,creativity,-,retain,assignment,-,gap,everything,regularly,example,governance,-,pursue,quantum,shortfall,straightforward,-,compact,composite,-,project,overview,theory,driver,-,enhance,conflict,life,-,mount,sufficient,-,ecology,trust,tenderer,constraint,influencing,field,learn,self,shortfall,acquisition,bar,publication,-,distribution,share,network,govern,strength,-,excellence,table,self,-,damp,salvage,-,facility,legacy,content,precaution,testing,trench,sort,disruption,-,assembly,earth,-,visor,spectacle,spectacle,-,restore,law,constitute,displacement,certificate,-,intend,drawing,commissioning,compressor,branch,assembly,precaution,dismantle,logistics,winch,-,guard,group,-,incident,business,printout,title,extent,direct,veneer,goods,-,finishing,leave,-,honeycomb,depth,-,leave,shot,centre,distortion,wear,iso,substrate,propulsion,wear,diameter,manufacturing,initiative,-,extent,drill,wire,designate,participate,-,connector,clothing,-,joint,diagnosis,-,isolate,wear,oil,paperwork,connect,transformer,-,coach,theory,-,wear,wording,-,vehicle,dust,-,excess,flash,exhaust,vapour,lev,-,stone,discover,-,gantry,evolve,-,pattern,shim,-,preparing,scale,resin,vehicle,energy,pitch,conjecture,ironmongery,guide,barrier,reinforcement,preparing,significance,respiratory,gun,mixing,sharpening,-,block,vault,significance,colour,waterproof,-,pump,susceptibility,land,supervise,transfer,channel,-,selecting,jointing,-,drive,evolution,-
48,committee,underlie,willingness,diversity,-,everyone,literature,-,amend,consistency,-,computer,liquidity,bespoke,-,compliant,consistent,-,fail,maintaining,-,pace,close,-,diagnose,obstruction,-,replacement,transmission,-,calibrate,content,audit,trend,overcome,utility,collate,-,disadvantage,operator,contributor,director,-,continuation,aim,-,awareness,excavate,staff,exceed,assign,-,underwriting,offer,rationale,submit,-,compaction,word,-,staffing,question,weakness,experience,-,behaviour,something,age,-,exclusion,potential,-,consumables,revision,quantify,payment,saving,operative,making,anticipation,software,experience,learn,government,-,sustainability,focus,trend,expectation,deliver,-,expertise,implementing,learning,-,open,fluorescent,-,acquisition,remit,clarify,course,pipe,joint,proposal,verify,-,prove,methodology,-,ireland,please,architect,-,cross,circuit,detection,fault,rail,-,assembly,fold,box,rotate,loop,terminology,drawing,reuse,diagram,coolant,-,chemical,woodworking,-,research,budget,keyboard,manufacturing,contingency,veneer,anodise,symbol,-,trim,computer,-,incorporate,panel,-,oil,modification,turn,lathe,assemble,coshh,dock,weapon,engineering,pipework,mount,disposing,-,core,production,rate,context,initiation,-,thick,spark,-,positioning,option,-,wear,resuscitation,voltage,depth,pump,filter,-,match,gas,-,barrier,communications,-,surrounding,containment,-,excellence,cement,respiratory,upstands,rpe,-,govern,correspondence,-,pavement,examination,-,mix,employer,-,pat,body,compact,lining,exclude,fixing,window,fixing,statutory,official,exposure,tamp,ventilation,hole,element,proximity,vehicle,-,panel,cast,dash,hang,accessory,-,solder,pipejacking,conjunction,notification,chart,prevention,-,sawing,belt,-,usage,excitation,-
49,confidentiality,principal,article,otherwise,-,exceed,adviser,-,collection,ambiguity,-,holding,preference,advise,-,category,partner,-,offer,advance,-,consistent,complaints,-,recycle,worker,-,survey,supervisor,-,compromise,sense,disadvantage,wine,disrupt,timeframe,sale,-,input,contingency,computer,adherence,-,simulate,collate,-,weakness,excavating,proportion,excavator,concept,-,reserve,employer,option,ad,-,warn,link,-,minimum,incident,travel,describe,-,centre,context,privacy,-,handover,debris,-,gas,resolution,tenant,clarify,operator,loss,proceed,inspiration,tailor,forecasting,towards,conflicting,-,wellbeing,reliability,delegate,individual,appraisal,-,example,centralise,stock,-,text,deliver,-,feedback,organisational,disruption,drug,sign,segregate,individual,behaviour,-,attachment,directive,-,toe,suit,joint,-,complexity,public,insulation,locate,locate,-,permit,lens,basket,machinery,scaffold,positioning,connection,disconnection,version,restoration,-,waist,transporting,-,bulletin,direct,production,laminate,deviation,anodise,market,extent,-,fibre,card,-,extraction,coshh,-,trim,supervision,ream,centre,run,workholding,spray,dismantle,subject,hold,disposing,gauge,-,workshop,drilling,rutile,progression,matter,-,resistance,computer,-,commence,flow,-,actuator,replacement,victim,distribution,conjunction,connection,-,speed,expectation,-,replacement,shoulder,-,ready,bag,-,exceed,sand,suitability,tape,ballast,-,relevance,reveal,-,apparatus,excitation,-,sub,evacuation,-,around,prevention,friction,wastage,exclusion,tie,render,cradle,avoidance,zone,resin,aggregate,sealant,prevention,erect,style,relevance,-,reinstate,barrel,expand,glaze,plaster,-,belt,owner,susceptibility,attention,supervisor,apparatus,-,packaging,cutter,-,invoice,exclusion,-
