NOS file name,Developing organisation as per ActiveIS,Developing organisation extracted from pdf
asth416.pdf,asset skills,skills for health
ccsba105.pdf,skills cfa,cfa business skills @ work
ccsmt15.pdf,creative & cultural skills,empty
ccsmt25.pdf,creative & cultural skills,empty
cfaalf.pdf,skills cfa,cfa business skills @ work
cfabaa114.pdf,skills cfa,cfa business skills @ work
cfabaa115.pdf,skills cfa,cfa business skills @ work
cfabaa116.pdf,skills cfa,cfa business skills @ work
cfabaa117.pdf,skills cfa,cfa business skills @ work
cfabaa152.pdf,skills cfa,cfa business skills @ work
cfabaa531.pdf,skills cfa,cfa business skills @ work
cfabaa611.pdf,skills cfa,cfa business skills @ work
cfabac122.pdf,skills cfa,cfa business skills @ work
cfabad331.pdf,skills cfa,cfa business skills @ work
cfabad333.pdf,skills cfa,cfa business skills @ work
cfabag1212.pdf,skills cfa,cfa business skills @ work
cfabah112.pdf,skills cfa,cfa business skills @ work
cfabah113.pdf,skills cfa,cfa business skills @ work
cfabah124.pdf,skills cfa,cfa business skills @ work
cfabah125.pdf,skills cfa,cfa business skills @ work
cfabcf.pdf,skills cfa,cfa business skills @ work
cfabd1.pdf,skills cfa,cfa business skills @ work
cfabd10.pdf,skills cfa,cfa business skills @ work
cfabd12.pdf,skills cfa,cfa business skills @ work
cfabd2.pdf,skills cfa,cfa business skills @ work
cfabd3.pdf,skills cfa,cfa business skills @ work
cfabd4.pdf,skills cfa,cfa business skills @ work
cfabd5.pdf,skills cfa,cfa business skills @ work
cfabd6.pdf,skills cfa,cfa business skills @ work
cfabd7.pdf,skills cfa,cfa business skills @ work
cfabd8.pdf,skills cfa,cfa business skills @ work
cfabd9.pdf,skills cfa,cfa business skills @ work
cfabi1.pdf,skills cfa,cfa business skills @ work
cfabi2.pdf,skills cfa,cfa business skills @ work
cfabi3l.pdf,skills cfa,cfa business skills @ work
cfabi4l.pdf,skills cfa,cfa business skills @ work
cfabi5l.pdf,skills cfa,cfa business skills @ work
cfabi6l.pdf,skills cfa,cfa business skills @ work
cfabi7l.pdf,skills cfa,cfa business skills @ work
cfabi8l.pdf,skills cfa,cfa business skills @ work
cfabl1.pdf,skills cfa,cfa business skills @ work
cfabl2.pdf,skills cfa,cfa business skills @ work
cfabl3.pdf,skills cfa,cfa business skills @ work
cfabl4.pdf,skills cfa,cfa business skills @ work
cfablg3l.pdf,skills cfa,cfa business skills @ work
cfablg4l.pdf,skills cfa,cfa business skills @ work
cfablg5l.pdf,skills cfa,cfa business skills @ work
cfabs1.pdf,skills cfa,cfa business skills @ work
cfabs2.pdf,skills cfa,cfa business skills @ work
cfabssa1.pdf,skills cfa,cfa business skills @ work
cfabssb1.pdf,skills cfa,cfa business skills @ work
cfacc1.pdf,skills cfa,cfa business skills @ work
cfacc10.pdf,skills cfa,cfa business skills @ work
cfacc11.pdf,skills cfa,cfa business skills @ work
cfacc12.pdf,skills cfa,cfa business skills @ work
cfacc13.pdf,skills cfa,cfa business skills @ work
cfacc14.pdf,skills cfa,cfa business skills @ work
cfacc15.pdf,skills cfa,cfa business skills @ work
cfacc16.pdf,skills cfa,cfa business skills @ work
cfacc17.pdf,skills cfa,cfa business skills @ work
cfacc18.pdf,skills cfa,cfa business skills @ work
cfacc19.pdf,skills cfa,cfa business skills @ work
cfacc2.pdf,skills cfa,cfa business skills @ work
cfacc20.pdf,skills cfa,cfa business skills @ work
cfacc21.pdf,skills cfa,cfa business skills @ work
cfacc22.pdf,skills cfa,cfa business skills @ work
cfacc23.pdf,skills cfa,cfa business skills @ work
cfacc24.pdf,skills cfa,cfa business skills @ work
cfacc25.pdf,skills cfa,cfa business skills @ work
cfacc26.pdf,skills cfa,cfa business skills @ work
cfacc27.pdf,skills cfa,cfa business skills @ work
cfacc28.pdf,skills cfa,cfa business skills @ work
cfacc29.pdf,skills cfa,cfa business skills @ work
cfacc3.pdf,skills cfa,cfa business skills @ work
cfacc30.pdf,skills cfa,cfa business skills @ work
cfacc31.pdf,skills cfa,cfa business skills @ work
cfacc32.pdf,skills cfa,cfa business skills @ work
cfacc33.pdf,skills cfa,cfa business skills @ work
cfacc34.pdf,skills cfa,cfa business skills @ work
cfacc35.pdf,skills cfa,cfa business skills @ work
cfacc36.pdf,skills cfa,cfa business skills @ work
cfacc37.pdf,skills cfa,cfa business skills @ work
cfacc38.pdf,skills cfa,cfa business skills @ work
cfacc39.pdf,skills cfa,cfa business skills @ work
cfacc4.pdf,skills cfa,cfa business skills @ work
cfacc40.pdf,skills cfa,cfa business skills @ work
cfacc41.pdf,skills cfa,cfa business skills @ work
cfacc5.pdf,skills cfa,cfa business skills @ work
cfacc6.pdf,skills cfa,cfa business skills @ work
cfacc7.pdf,skills cfa,cfa business skills @ work
cfacc8.pdf,skills cfa,cfa business skills @ work
cfacc9.pdf,skills cfa,cfa business skills @ work
cfacs1.pdf,skills cfa,cfa business skills @ work
cfacsa5.pdf,skills cfa,cfa business skills @ work
cfacsa6.pdf,skills cfa,cfa business skills @ work
cfacsc1.pdf,skills cfa,cfa business skills @ work
cfae5.pdf,skills cfa,cfa business skills @ work
cfaee1.pdf,skills cfa,cfa business skills @ work
cfaee2.pdf,skills cfa,cfa business skills @ work
cfaee3.pdf,skills cfa,cfa business skills @ work
cfaee4.pdf,skills cfa,cfa business skills @ work
cfahr1.pdf,skills cfa,cfa business skills @ work
cfahr10.pdf,skills cfa,cfa business skills @ work
cfahr11.pdf,skills cfa,cfa business skills @ work
cfahr12.pdf,skills cfa,cfa business skills @ work
cfahr13.pdf,skills cfa,cfa business skills @ work
cfahr14.pdf,skills cfa,cfa business skills @ work
cfahr15.pdf,skills cfa,cfa business skills @ work
cfahr2.pdf,skills cfa,cfa business skills @ work
cfahr3.pdf,skills cfa,cfa business skills @ work
cfahr4.pdf,skills cfa,cfa business skills @ work
cfahr5.pdf,skills cfa,cfa business skills @ work
cfahr6.pdf,skills cfa,cfa business skills @ work
cfahr7.pdf,skills cfa,cfa business skills @ work
cfahr8.pdf,skills cfa,cfa business skills @ work
cfahr9.pdf,skills cfa,cfa business skills @ work
cfaint1.pdf,skills cfa,cfa business skills @ work
cfaint2.pdf,skills cfa,cfa business skills @ work
cfaint3.pdf,skills cfa,cfa business skills @ work
cfaint4.pdf,skills cfa,cfa business skills @ work
cfaiws1.pdf,skills cfa,cfa business skills @ work
cfaiws2.pdf,skills cfa,cfa business skills @ work
cfaiws3.pdf,skills cfa,cfa business skills @ work
cfaiws4.pdf,skills cfa,cfa business skills @ work
cfaiws5.pdf,skills cfa,cfa business skills @ work
cfaiws6.pdf,skills cfa,cfa business skills @ work
cfaiws7.pdf,skills cfa,cfa business skills @ work
cfalg1.pdf,skills cfa,cfa business skills @ work
cfalg2.pdf,skills cfa,cfa business skills @ work
cfalg3.pdf,skills cfa,cfa business skills @ work
cfalg4.pdf,skills cfa,cfa business skills @ work
cfalg5.pdf,skills cfa,cfa business skills @ work
cfalsa01.pdf,skills cfa,cfa business skills @ work
cfalsb02.pdf,skills cfa,cfa business skills @ work
cfalsc03.pdf,skills cfa,cfa business skills @ work
cfalsd04.pdf,skills cfa,cfa business skills @ work
cfam1.1.1.pdf,skills cfa,cfa business skills @ work
cfam1.1.2.pdf,skills cfa,cfa business skills @ work
cfam1.1.3.pdf,skills cfa,cfa business skills @ work
cfam1.2.1.pdf,skills cfa,cfa business skills @ work
cfam1.2.2.pdf,skills cfa,cfa business skills @ work
cfam1.2.3.pdf,skills cfa,cfa business skills @ work
cfam1.2.4.pdf,skills cfa,cfa business skills @ work
cfam1.2.5.pdf,skills cfa,cfa business skills @ work
cfam1.3.1.pdf,skills cfa,cfa business skills @ work
cfam1.3.2.pdf,skills cfa,cfa business skills @ work
cfam1.3.3l.pdf,skills cfa,cfa business skills @ work
cfam1.3.4.pdf,skills cfa,cfa business skills @ work
cfam2.1.1.pdf,skills cfa,cfa business skills @ work
cfam2.1.2.pdf,skills cfa,cfa business skills @ work
cfam2.1.3.pdf,skills cfa,cfa business skills @ work
cfam3.1.1.pdf,skills cfa,cfa business skills @ work
cfam3.2.1.pdf,skills cfa,cfa business skills @ work
cfam3.2.2.pdf,skills cfa,cfa business skills @ work
cfam3.2.3.pdf,skills cfa,cfa business skills @ work
cfam3.2.4.pdf,skills cfa,cfa business skills @ work
cfam3.3.1.pdf,skills cfa,cfa business skills @ work
cfam3.3.2.pdf,skills cfa,cfa business skills @ work
cfam3.4.1.pdf,skills cfa,cfa business skills @ work
cfam3.4.2.pdf,skills cfa,cfa business skills @ work
cfam3.4.3.pdf,skills cfa,cfa business skills @ work
cfam3.4.4.pdf,skills cfa,cfa business skills @ work
cfam4.1.1.pdf,skills cfa,cfa business skills @ work
cfam4.1.2.pdf,skills cfa,cfa business skills @ work
cfam4.2.1.pdf,skills cfa,cfa business skills @ work
cfam4.2.2.pdf,skills cfa,cfa business skills @ work
cfam4.2.3.pdf,skills cfa,cfa business skills @ work
cfam4.2.4.pdf,skills cfa,cfa business skills @ work
cfam4.2.5.pdf,skills cfa,cfa business skills @ work
cfam4.2.6.pdf,skills cfa,cfa business skills @ work
cfam4.3.1.pdf,skills cfa,cfa business skills @ work
cfam4.3.2.pdf,skills cfa,cfa business skills @ work
cfam4.3.3.pdf,skills cfa,cfa business skills @ work
cfam4.3.4.pdf,skills cfa,cfa business skills @ work
cfam4.3.5.pdf,skills cfa,cfa business skills @ work
cfam4.3.6.pdf,skills cfa,cfa business skills @ work
cfam4.3.7.pdf,skills cfa,cfa business skills @ work
cfam4.3.8.pdf,skills cfa,cfa business skills @ work
cfam4.4.1.pdf,skills cfa,cfa business skills @ work
cfam4.4.2.pdf,skills cfa,cfa business skills @ work
cfam4.4.3.pdf,skills cfa,cfa business skills @ work
cfam4.4.4.pdf,skills cfa,cfa business skills @ work
cfam4.4.5.pdf,skills cfa,cfa business skills @ work
cfam4.4.6.pdf,skills cfa,cfa business skills @ work
cfam4.4.7.pdf,skills cfa,cfa business skills @ work
cfam4.4.8.pdf,skills cfa,cfa business skills @ work
cfam4.4.9.pdf,skills cfa,cfa business skills @ work
cfam4.5.1.pdf,skills cfa,cfa business skills @ work
cfam4.5.2.pdf,skills cfa,cfa business skills @ work
cfam4.5.3.pdf,skills cfa,cfa business skills @ work
cfam4.6.1.pdf,skills cfa,cfa business skills @ work
cfam4.6.2.pdf,skills cfa,cfa business skills @ work
cfam4.6.3.pdf,skills cfa,cfa business skills @ work
cfam4.7.1.pdf,skills cfa,cfa business skills @ work
cfam4.7.2.pdf,skills cfa,cfa business skills @ work
cfam4.7.3.pdf,skills cfa,cfa business skills @ work
cfam5.1.1.pdf,skills cfa,cfa business skills @ work
cfam5.1.2.pdf,skills cfa,cfa business skills @ work
cfam5.3.1.pdf,skills cfa,cfa business skills @ work
cfam5.3.2.pdf,skills cfa,cfa business skills @ work
cfam5.3.3.pdf,skills cfa,cfa business skills @ work
cfam6.1.1.pdf,skills cfa,cfa business skills @ work
cfam6.1.2.pdf,skills cfa,cfa business skills @ work
cfam6.1.3.pdf,skills cfa,cfa business skills @ work
cfam6.1.4.pdf,skills cfa,cfa business skills @ work
cfam6.1.5.pdf,skills cfa,cfa business skills @ work
cfam6.1.6.pdf,skills cfa,cfa business skills @ work
cfam6.1.7.pdf,skills cfa,cfa business skills @ work
cfam6.1.8.pdf,skills cfa,cfa business skills @ work
cfam6.2.1.pdf,skills cfa,cfa business skills @ work
cfam6.2.2.pdf,skills cfa,cfa business skills @ work
cfam6.2.3.pdf,skills cfa,cfa business skills @ work
cfam6.3.1.pdf,skills cfa,cfa business skills @ work
cfam6.3.2.pdf,skills cfa,cfa business skills @ work
cfam7.1.1.pdf,skills cfa,cfa business skills @ work
cfam7.1.2.pdf,skills cfa,cfa business skills @ work
cfam7.1.4.pdf,skills cfa,cfa business skills @ work
cfam7.1.5.pdf,skills cfa,cfa business skills @ work
cfam7.1.6.pdf,skills cfa,cfa business skills @ work
cfam7.1.7.pdf,skills cfa,cfa business skills @ work
cfam7.2.1.pdf,skills cfa,cfa business skills @ work
cfam7.2.2.pdf,skills cfa,cfa business skills @ work
cfam7.2.3.pdf,skills cfa,cfa business skills @ work
cfam7.2.4.pdf,skills cfa,cfa business skills @ work
cfam7.3.1.pdf,skills cfa,cfa business skills @ work
cfam7.4.1.pdf,skills cfa,cfa business skills @ work
cfam7.4.2l.pdf,skills cfa,cfa business skills @ work
cfam7.4.3.pdf,skills cfa,cfa business skills @ work
cfam8.1.1.pdf,skills cfa,cfa business skills @ work
cfam8.1.2.pdf,skills cfa,cfa business skills @ work
cfam8.1.3.pdf,skills cfa,cfa business skills @ work
cfam8.1.4.pdf,skills cfa,cfa business skills @ work
cfam8.1.5.pdf,skills cfa,cfa business skills @ work
cfam8.2.1.pdf,skills cfa,cfa business skills @ work
cfam_laa1.pdf,skills cfa,cfa business skills @ work
cfam_laa2.pdf,skills cfa,cfa business skills @ work
cfam_laa3.pdf,skills cfa,cfa business skills @ work
cfam_lba1.pdf,skills cfa,cfa business skills @ work
cfam_lba3.pdf,skills cfa,cfa business skills @ work
cfam_lba4.pdf,skills cfa,cfa business skills @ work
cfam_lba7.pdf,skills cfa,cfa business skills @ work
cfam_lba9.pdf,skills cfa,cfa business skills @ work
cfam_lbb1.pdf,skills cfa,cfa business skills @ work
cfam_lbb2.pdf,skills cfa,cfa business skills @ work
cfam_lbb3.pdf,skills cfa,cfa business skills @ work
cfam_lbb4.pdf,skills cfa,cfa business skills @ work
cfam_lca1.pdf,skills cfa,cfa business skills @ work
cfam_lca3.pdf,skills cfa,cfa business skills @ work
cfam_lca5.pdf,skills cfa,cfa business skills @ work
cfam_lda2.pdf,skills cfa,cfa business skills @ work
cfam_lda3.pdf,skills cfa,cfa business skills @ work
cfam_lda4.pdf,skills cfa,cfa business skills @ work
cfam_lda5.pdf,skills cfa,cfa business skills @ work
cfam_lda6.pdf,skills cfa,cfa business skills @ work
cfam_lda7.pdf,skills cfa,cfa business skills @ work
cfam_ldb1.pdf,skills cfa,cfa business skills @ work
cfam_ldb2.pdf,skills cfa,cfa business skills @ work
cfam_ldb3.pdf,skills cfa,cfa business skills @ work
cfam_ldb4.pdf,skills cfa,cfa business skills @ work
cfam_ldb5.pdf,skills cfa,cfa business skills @ work
cfam_ldb6.pdf,skills cfa,cfa business skills @ work
cfam_ldb7.pdf,skills cfa,cfa business skills @ work
cfam_ldb8.pdf,skills cfa,cfa business skills @ work
cfam_ldb9.pdf,skills cfa,cfa business skills @ work
cfam_ldc1.pdf,skills cfa,cfa business skills @ work
cfam_ldc2.pdf,skills cfa,cfa business skills @ work
cfam_ldc3.pdf,skills cfa,cfa business skills @ work
cfam_ldc4.pdf,skills cfa,cfa business skills @ work
cfam_ldc5.pdf,skills cfa,cfa business skills @ work
cfam_ldd1.pdf,skills cfa,cfa business skills @ work
cfam_ldd3.pdf,skills cfa,cfa business skills @ work
cfam_ldd4.pdf,skills cfa,cfa business skills @ work
cfam_ldd5.pdf,skills cfa,cfa business skills @ work
cfam_ldd6.pdf,skills cfa,cfa business skills @ work
cfam_ldd7.pdf,skills cfa,cfa business skills @ work
cfam_lea1.pdf,skills cfa,cfa business skills @ work
cfam_lea2.pdf,skills cfa,cfa business skills @ work
cfam_lea3.pdf,skills cfa,cfa business skills @ work
cfam_lea4.pdf,skills cfa,cfa business skills @ work
cfam_leb1.pdf,skills cfa,cfa business skills @ work
cfam_leb2.pdf,skills cfa,cfa business skills @ work
cfam_leb5.pdf,skills cfa,cfa business skills @ work
cfam_lec1.pdf,skills cfa,cfa business skills @ work
cfam_lec2.pdf,skills cfa,cfa business skills @ work
cfam_lec5.pdf,skills cfa,cfa business skills @ work
cfam_led1.pdf,skills cfa,cfa business skills @ work
cfam_led2.pdf,skills cfa,cfa business skills @ work
cfam_lfa1.pdf,skills cfa,cfa business skills @ work
cfam_lfa2.pdf,skills cfa,cfa business skills @ work
cfam_lfa4.pdf,skills cfa,cfa business skills @ work
cfam_lfa5.pdf,skills cfa,cfa business skills @ work
cfam_lfb2.pdf,skills cfa,cfa business skills @ work
cfam_lfb3.pdf,skills cfa,cfa business skills @ work
cfam_lfb4.pdf,skills cfa,cfa business skills @ work
cfam_lfb5.pdf,skills cfa,cfa business skills @ work
cfam_lfc2.pdf,skills cfa,cfa business skills @ work
cfam_lfc3.pdf,skills cfa,cfa business skills @ work
cfam_lfd2.pdf,skills cfa,cfa business skills @ work
cfam_lfd3.pdf,skills cfa,cfa business skills @ work
cfam_lfe1.pdf,skills cfa,cfa business skills @ work
cfam_lfe2.pdf,skills cfa,cfa business skills @ work
cfam_lfe5.pdf,skills cfa,cfa business skills @ work
cfambca1.pdf,skills cfa,cfa business skills @ work
cfambca3.pdf,skills cfa,cfa business skills @ work
cfambcb1.pdf,skills cfa,cfa business skills @ work
cfambcb2.pdf,skills cfa,cfa business skills @ work
cfambcb3.pdf,skills cfa,cfa business skills @ work
cfambcb4.pdf,skills cfa,cfa business skills @ work
cfambcc1.pdf,skills cfa,cfa business skills @ work
cfambcc2.pdf,skills cfa,cfa business skills @ work
cfambcc3.pdf,skills cfa,cfa business skills @ work
cfambcd1.pdf,skills cfa,cfa business skills @ work
cfambcd2.pdf,skills cfa,cfa business skills @ work
cfambcd3.pdf,skills cfa,cfa business skills @ work
cfamcf.pdf,skills cfa,cfa business skills @ work
cfamla1.pdf,skills cfa,cfa business skills @ work
cfamla2.pdf,skills cfa,cfa business skills @ work
cfamla3.pdf,skills cfa,cfa business skills @ work
cfamlb1.pdf,skills cfa,cfa business skills @ work
cfamlb10.pdf,skills cfa,cfa business skills @ work
cfamlb11.pdf,skills cfa,cfa business skills @ work
cfamlb12.pdf,skills cfa,cfa business skills @ work
cfamlb2.pdf,skills cfa,cfa business skills @ work
cfamlb3.pdf,skills cfa,cfa business skills @ work
cfamlb4.pdf,skills cfa,cfa business skills @ work
cfamlb5.pdf,skills cfa,cfa business skills @ work
cfamlb6.pdf,skills cfa,cfa business skills @ work
cfamlb7.pdf,skills cfa,cfa business skills @ work
cfamlb9.pdf,skills cfa,cfa business skills @ work
cfamlba5.pdf,skills cfa,cfa business skills @ work
cfamlba8.pdf,skills cfa,cfa business skills @ work
cfamlc1.pdf,skills cfa,cfa business skills @ work
cfamlc2.pdf,skills cfa,cfa business skills @ work
cfamlc3.pdf,skills cfa,cfa business skills @ work
cfamlc4.pdf,skills cfa,cfa business skills @ work
cfamlc5.pdf,skills cfa,cfa business skills @ work
cfamlc6.pdf,skills cfa,cfa business skills @ work
cfamld10.pdf,skills cfa,cfa business skills @ work
cfamld11.pdf,skills cfa,cfa business skills @ work
cfamld12.pdf,skills cfa,cfa business skills @ work
cfamld13.pdf,skills cfa,cfa business skills @ work
cfamld14.pdf,skills cfa,cfa business skills @ work
cfamld15.pdf,skills cfa,cfa business skills @ work
cfamld16.pdf,skills cfa,cfa business skills @ work
cfamld17.pdf,skills cfa,cfa business skills @ work
cfamld2.pdf,skills cfa,cfa business skills @ work
cfamld3.pdf,skills cfa,cfa business skills @ work
cfamld4.pdf,skills cfa,cfa business skills @ work
cfamld5.pdf,skills cfa,cfa business skills @ work
cfamld6.pdf,skills cfa,cfa business skills @ work
cfamld8.pdf,skills cfa,cfa business skills @ work
cfamld9.pdf,skills cfa,cfa business skills @ work
cfamle1.pdf,skills cfa,cfa business skills @ work
cfamle10.pdf,skills cfa,cfa business skills @ work
cfamle11.pdf,skills cfa,cfa business skills @ work
cfamle12.pdf,skills cfa,cfa business skills @ work
cfamle13.pdf,skills cfa,cfa business skills @ work
cfamle14.pdf,skills cfa,cfa business skills @ work
cfamle15.pdf,skills cfa,cfa business skills @ work
cfamle16.pdf,skills cfa,cfa business skills @ work
cfamle17.pdf,skills cfa,cfa business skills @ work
cfamle2.pdf,skills cfa,cfa business skills @ work
cfamle3.pdf,skills cfa,cfa business skills @ work
cfamle4.pdf,skills cfa,cfa business skills @ work
cfamle5.pdf,skills cfa,cfa business skills @ work
cfamle6.pdf,skills cfa,cfa business skills @ work
cfamle7.pdf,skills cfa,cfa business skills @ work
cfamle8.pdf,skills cfa,cfa business skills @ work
cfamle9.pdf,skills cfa,cfa business skills @ work
cfamlf1.pdf,skills cfa,cfa business skills @ work
cfamlf10.pdf,skills cfa,cfa business skills @ work
cfamlf11.pdf,skills cfa,cfa business skills @ work
cfamlf12.pdf,skills cfa,cfa business skills @ work
cfamlf13.pdf,skills cfa,cfa business skills @ work
cfamlf14.pdf,skills cfa,cfa business skills @ work
cfamlf15.pdf,skills cfa,cfa business skills @ work
cfamlf16.pdf,skills cfa,cfa business skills @ work
cfamlf17.pdf,skills cfa,cfa business skills @ work
cfamlf18.pdf,skills cfa,cfa business skills @ work
cfamlf19.pdf,skills cfa,council for administration
cfamlf2.pdf,skills cfa,cfa business skills @ work
cfamlf3.pdf,skills cfa,cfa business skills @ work
cfamlf4.pdf,skills cfa,cfa business skills @ work
cfamlf9.pdf,skills cfa,cfa business skills @ work
cfamn1.pdf,skills cfa,cfa business skills @ work
cfamn10.pdf,skills cfa,cfa business skills @ work
cfamn11.pdf,skills cfa,cfa business skills @ work
cfamn2.pdf,skills cfa,cfa business skills @ work
cfamn3.pdf,skills cfa,cfa business skills @ work
cfamn4.pdf,skills cfa,cfa business skills @ work
cfamn5.pdf,skills cfa,cfa business skills @ work
cfamn6.pdf,skills cfa,cfa business skills @ work
cfamn7.pdf,skills cfa,cfa business skills @ work
cfamn8.pdf,skills cfa,cfa business skills @ work
cfamn9.pdf,skills cfa,cfa business skills @ work
cfamssns1.pdf,skills cfa,cfa business skills @ work
cfamssns10.pdf,skills cfa,cfa business skills @ work
cfamssns11.pdf,skills cfa,cfa business skills @ work
cfamssns12.pdf,skills cfa,cfa business skills @ work
cfamssns13.pdf,skills cfa,cfa business skills @ work
cfamssns14.pdf,skills cfa,cfa business skills @ work
cfamssns16.pdf,skills cfa,cfa business skills @ work
cfamssns17.pdf,skills cfa,cfa business skills @ work
cfamssns18.pdf,skills cfa,cfa business skills @ work
cfamssns19.pdf,skills cfa,cfa business skills @ work
cfamssns2.pdf,skills cfa,cfa business skills @ work
cfamssns20.pdf,skills cfa,cfa business skills @ work
cfamssns21.pdf,skills cfa,cfa business skills @ work
cfamssns3.pdf,skills cfa,cfa business skills @ work
cfamssns4.pdf,skills cfa,cfa business skills @ work
cfamssns5.pdf,skills cfa,cfa business skills @ work
cfamssns6.pdf,skills cfa,cfa business skills @ work
cfamssns7.pdf,skills cfa,cfa business skills @ work
cfamssns8.pdf,skills cfa,cfa business skills @ work
cfamssns9.pdf,skills cfa,cfa business skills @ work
cfaop11.pdf,skills cfa,cfa business skills @ work
cfaop1l.pdf,skills cfa,cfa business skills @ work
cfaop2.pdf,skills cfa,cfa business skills @ work
cfaop3.pdf,skills cfa,cfa business skills @ work
cfaop4.pdf,skills cfa,cfa business skills @ work
cfaop5.pdf,skills cfa,cfa business skills @ work
cfaop6.pdf,skills cfa,cfa business skills @ work
cfaop7.pdf,skills cfa,cfa business skills @ work
cfaop8.pdf,skills cfa,cfa business skills @ work
cfaop9.pdf,skills cfa,cfa business skills @ work
cfape1.pdf,skills cfa,cfa business skills @ work
cfape2.pdf,skills cfa,cfa business skills @ work
cfape3.pdf,skills cfa,cfa business skills @ work
cfarec1.pdf,skills cfa,cfa business skills @ work
cfarec2.pdf,skills cfa,cfa business skills @ work
cfarec3.pdf,skills cfa,cfa business skills @ work
cfarec4.pdf,skills cfa,cfa business skills @ work
cfarec5.pdf,skills cfa,cfa business skills @ work
cfarec6.pdf,skills cfa,cfa business skills @ work
cfarec7.pdf,skills cfa,cfa business skills @ work
cfarec8.pdf,skills cfa,cfa business skills @ work
cfas1.2l.pdf,skills cfa,cfa business skills @ work
cfas1.3l.pdf,skills cfa,cfa business skills @ work
cfas1.4.pdf,skills cfa,cfa business skills @ work
cfas2.1l.pdf,skills cfa,cfa business skills @ work
cfas2.2l.pdf,skills cfa,cfa business skills @ work
cfas2.3l.pdf,skills cfa,cfa business skills @ work
cfas2.4l.pdf,skills cfa,cfa business skills @ work
cfas2.5l.pdf,skills cfa,cfa business skills @ work
cfas2.6.pdf,skills cfa,cfa business skills @ work
cfas2.7l.pdf,skills cfa,cfa business skills @ work
cfas2.8l.pdf,skills cfa,cfa business skills @ work
cfas2.9l.pdf,skills cfa,cfa business skills @ work
cfas3.1l.pdf,skills cfa,cfa business skills @ work
cfas3.2l.pdf,skills cfa,cfa business skills @ work
cfas3.3l.pdf,skills cfa,cfa business skills @ work
cfas3.4l.pdf,skills cfa,cfa business skills @ work
cfas3.5.pdf,skills cfa,cfa business skills @ work
cfas4.1l.pdf,skills cfa,cfa business skills @ work
cfas4.3l.pdf,skills cfa,cfa business skills @ work
cfas4.4l.pdf,skills cfa,cfa business skills @ work
cfas4.6l.pdf,skills cfa,cfa business skills @ work
cfas4.7l.pdf,skills cfa,council for administration
cfas4.8l.pdf,skills cfa,cfa business skills @ work
cfas4.9l.pdf,skills cfa,cfa business skills @ work
cfas5.2l.pdf,skills cfa,cfa business skills @ work
cfas5.3l.pdf,skills cfa,cfa business skills @ work
cfas5.4l.pdf,skills cfa,cfa business skills @ work
cfas5.5l.pdf,skills cfa,council for administration
cfas5.7.pdf,skills cfa,cfa business skills @ work
cfas6.1l.pdf,skills cfa,cfa business skills @ work
cfas6.2l.pdf,skills cfa,cfa business skills @ work
cfas6.3l.pdf,skills cfa,cfa business skills @ work
cfas6.4l.pdf,skills cfa,cfa business skills @ work
cfas7.1l.pdf,skills cfa,cfa business skills @ work
cfas7.2l.pdf,skills cfa,cfa business skills @ work
cfas7.3l.pdf,skills cfa,cfa business skills @ work
cfas7.4l.pdf,skills cfa,cfa business skills @ work
cfas7.5l.pdf,skills cfa,cfa business skills @ work
cfas7.6l.pdf,skills cfa,cfa business skills @ work
cfas7.7l.pdf,skills cfa,cfa business skills @ work
cfas7.8l.pdf,skills cfa,cfa business skills @ work
cfas8.2l.pdf,skills cfa,cfa business skills @ work
cfas8.4l.pdf,skills cfa,cfa business skills @ work
cfas8.5l.pdf,skills cfa,cfa business skills @ work
cfas9.3l.pdf,skills cfa,cfa business skills @ work
cfas9.4l.pdf,skills cfa,cfa business skills @ work
cfas9.5l.pdf,skills cfa,cfa business skills @ work
cfas9.6l.pdf,skills cfa,cfa business skills @ work
cfas9.7l.pdf,skills cfa,cfa business skills @ work
cfasaa111.pdf,skills cfa,cfa business skills @ work
cfasaa212.pdf,skills cfa,cfa business skills @ work
cfasaa231.pdf,skills cfa,cfa business skills @ work
cfasaa411.pdf,skills cfa,cfa business skills @ work
cfasaa421.pdf,skills cfa,cfa business skills @ work
cfasab111.pdf,skills cfa,cfa business skills @ work
cfasad111.pdf,skills cfa,cfa business skills @ work
cfasma1.1v3.0.pdf,skills cfa,cfa business skills @ work
cfasma1.2v4.0.pdf,skills cfa,cfa business skills @ work
cfasma1.3v4.0.pdf,skills cfa,cfa business skills @ work
cfasma1.4v3.0.pdf,skills cfa,cfa business skills @ work
cfasma1.5v4.0.pdf,skills cfa,cfa business skills @ work
cfasma1.6v4.0.pdf,skills cfa,cfa business skills @ work
cfasmb1.1v3.0.pdf,skills cfa,cfa business skills @ work
cfasmb2.1v3.0.pdf,skills cfa,cfa business skills @ work
cfasmb2.2v3.0.pdf,skills cfa,cfa business skills @ work
cfasmb3.1v3.0.pdf,skills cfa,cfa business skills @ work
cfasmc1.1v3.0.pdf,skills cfa,cfa business skills @ work
cfasmc2.1v3.0.pdf,skills cfa,cfa business skills @ work
cfasmc2.2v3.0.pdf,skills cfa,cfa business skills @ work
cfasmd1.1v3.0.pdf,skills cfa,cfa business skills @ work
cfasmd1.2v3.0.pdf,skills cfa,cfa business skills @ work
cfasmd2.1v3.0.pdf,skills cfa,cfa business skills @ work
cfasmd2.2v3.0.pdf,skills cfa,cfa business skills @ work
cfasmd4.1v3.0.pdf,skills cfa,cfa business skills @ work
cfasme1.1v3.0.pdf,skills cfa,cfa business skills @ work
cfasme1.2v3.0.pdf,skills cfa,cfa business skills @ work
cfasme1.3v3.0.pdf,skills cfa,cfa business skills @ work
cfasme1.4v3.0.pdf,skills cfa,cfa business skills @ work
cfasme1.5v3.0.pdf,skills cfa,cfa business skills @ work
cfat2.pdf,skills cfa,cfa business skills @ work
cfat3.pdf,skills cfa,cfa business skills @ work
cfat4.pdf,skills cfa,cfa business skills @ work
cfaturc1.pdf,skills cfa,cfa business skills @ work
cfaturc10.pdf,skills cfa,cfa business skills @ work
cfaturc2.pdf,skills cfa,cfa business skills @ work
cfaturc3.pdf,skills cfa,cfa business skills @ work
cfaturc4.pdf,skills cfa,cfa business skills @ work
cfaturc5.pdf,skills cfa,cfa business skills @ work
cfaturc6.pdf,skills cfa,cfa business skills @ work
cfaturc7.pdf,skills cfa,cfa business skills @ work
cfaturc8.pdf,skills cfa,cfa business skills @ work
cfaturc9.pdf,skills cfa,cfa business skills @ work
cfaturl1.pdf,skills cfa,cfa business skills @ work
cfaturl2.pdf,skills cfa,cfa business skills @ work
cfaturl3.pdf,skills cfa,cfa business skills @ work
cfaturl4.pdf,skills cfa,cfa business skills @ work
cfaturo1.pdf,skills cfa,cfa business skills @ work
cfaturo2.pdf,skills cfa,cfa business skills @ work
cfaturo3.pdf,skills cfa,cfa business skills @ work
cfaturo4.pdf,skills cfa,cfa business skills @ work
cfaturr1.pdf,skills cfa,cfa business skills @ work
cfaturr10.pdf,skills cfa,cfa business skills @ work
cfaturr11.pdf,skills cfa,cfa business skills @ work
cfaturr2.pdf,skills cfa,cfa business skills @ work
cfaturr3.pdf,skills cfa,cfa business skills @ work
cfaturr4.pdf,skills cfa,cfa business skills @ work
cfaturr5.pdf,skills cfa,cfa business skills @ work
cfaturr7.pdf,skills cfa,cfa business skills @ work
cfaturr8.pdf,skills cfa,cfa business skills @ work
cfaturr9.pdf,skills cfa,cfa business skills @ work
cfaturs1.pdf,skills cfa,cfa business skills @ work
cfaturs2.pdf,skills cfa,cfa business skills @ work
cfaturs3.pdf,skills cfa,cfa business skills @ work
cfaturs4.pdf,skills cfa,cfa business skills @ work
cfauc1.pdf,skills cfa,cfa business skills @ work
cfauc2.pdf,skills cfa,cfa business skills @ work
cfauc3.pdf,skills cfa,cfa business skills @ work
cfauc4.pdf,skills cfa,cfa business skills @ work
cfauc5.pdf,skills cfa,cfa business skills @ work
cfauc6.pdf,skills cfa,cfa business skills @ work
cfauc7.pdf,skills cfa,cfa business skills @ work
cfauc8.pdf,skills cfa,cfa business skills @ work
cfauc9.pdf,skills cfa,cfa business skills @ work
cfaue1.pdf,skills cfa,cfa business skills @ work
cfaue2.pdf,skills cfa,cfa business skills @ work
cfaue3.pdf,skills cfa,cfa business skills @ work
cfaue4.pdf,skills cfa,cfa business skills @ work
cfaue5.pdf,skills cfa,cfa business skills @ work
cfaue6.pdf,skills cfa,cfa business skills @ work
cfaue7.pdf,skills cfa,cfa business skills @ work
cfaukols1.pdf,skills cfa,cfa business skills @ work
cfaukols2.pdf,skills cfa,council for administration
cfaukols4.pdf,skills cfa,council for administration
cfaukols5.pdf,skills cfa,council for administration
cfaul1.pdf,skills cfa,cfa business skills @ work
cfaul2.pdf,skills cfa,cfa business skills @ work
cfaul3.pdf,skills cfa,cfa business skills @ work
cfaul4.pdf,skills cfa,cfa business skills @ work
cfauo1.pdf,skills cfa,cfa business skills @ work
cfauo2.pdf,skills cfa,cfa business skills @ work
cfauo3.pdf,skills cfa,cfa business skills @ work
cfauo4.pdf,skills cfa,cfa business skills @ work
cfauo5.pdf,skills cfa,cfa business skills @ work
cfaur1.pdf,skills cfa,cfa business skills @ work
cfaur10.pdf,skills cfa,cfa business skills @ work
cfaur2.pdf,skills cfa,cfa business skills @ work
cfaur3.pdf,skills cfa,cfa business skills @ work
cfaur4.pdf,skills cfa,cfa business skills @ work
cfaur5.pdf,skills cfa,cfa business skills @ work
cfaur6.pdf,skills cfa,cfa business skills @ work
cfaur7.pdf,skills cfa,cfa business skills @ work
cfaur8.pdf,skills cfa,cfa business skills @ work
cfaur9.pdf,skills cfa,cfa business skills @ work
cfaus1.pdf,skills cfa,cfa business skills @ work
cfaus2.pdf,skills cfa,cfa business skills @ work
cfaus3.pdf,skills cfa,cfa business skills @ work
cfaus4.pdf,skills cfa,cfa business skills @ work
cfawb1.pdf,skills cfa,cfa business skills @ work
cfawb10.pdf,skills cfa,cfa business skills @ work
cfawb11.pdf,skills cfa,cfa business skills @ work
cfawb12.pdf,skills cfa,cfa business skills @ work
cfawb13.pdf,skills cfa,cfa business skills @ work
cfawb2.pdf,skills cfa,cfa business skills @ work
cfawb3.pdf,skills cfa,cfa business skills @ work
cfawb4.pdf,skills cfa,cfa business skills @ work
cfawb5.pdf,skills cfa,cfa business skills @ work
cfawb6.pdf,skills cfa,cfa business skills @ work
cfawb7.pdf,skills cfa,cfa business skills @ work
cfawb8.pdf,skills cfa,cfa business skills @ work
cfawb9.pdf,skills cfa,cfa business skills @ work
cfawrv1.pdf,skills cfa,cfa business skills @ work
cfawrv10.pdf,skills cfa,cfa business skills @ work
cfawrv11.pdf,skills cfa,cfa business skills @ work
cfawrv14.pdf,skills cfa,cfa business skills @ work
cfawrv2.pdf,skills cfa,cfa business skills @ work
cfawrv3.pdf,skills cfa,cfa business skills @ work
cfawrv4.pdf,skills cfa,cfa business skills @ work
cfawrv5.pdf,skills cfa,cfa business skills @ work
cfawrv6.pdf,skills cfa,cfa business skills @ work
cfawrv7.pdf,skills cfa,cfa business skills @ work
cfawrv8.pdf,skills cfa,cfa business skills @ work
cfawrv9.pdf,skills cfa,cfa business skills @ work
cfays1.pdf,skills cfa,cfa business skills @ work
cfays2.pdf,skills cfa,cfa business skills @ work
cfays3.pdf,skills cfa,cfa business skills @ work
cfays4.pdf,skills cfa,cfa business skills @ work
cfays5.pdf,skills cfa,cfa business skills @ work
cfays6.pdf,skills cfa,cfa business skills @ work
cfays7.pdf,skills cfa,cfa business skills @ work
cogblo8.pdf,opito,cogent
cogc4.pdf,opito,cogent
cogc6.pdf,opito,cogent
coger1.pdf,opito,cogent
coger10.pdf,opito,cogent
coger12.pdf,opito,cogent
coger13.pdf,opito,cogent
coger14.pdf,opito,cogent
coger15.pdf,opito,cogent
coger16.pdf,opito,cogent
coger17.pdf,opito,cogent
coger18.pdf,opito,cogent
coger19.pdf,opito,cogent
coger2.pdf,opito,cogent
coger20.pdf,opito,cogent
coger21.pdf,opito,cogent
coger22.pdf,opito,cogent
coger23.pdf,opito,cogent
coger24.pdf,opito,cogent
coger25.pdf,opito,cogent
coger3.pdf,opito,cogent
coger4.pdf,opito,cogent
coger5.pdf,opito,cogent
coger6.pdf,opito,cogent
coger7.pdf,opito,cogent
coger8.pdf,opito,cogent
coger9.pdf,opito,cogent
cogfpso1.pdf,opito,cogent
cogfpso10.pdf,opito,cogent
cogfpso11.pdf,opito,cogent
cogfpso12.pdf,opito,cogent
cogfpso13.pdf,opito,cogent
cogfpso14.pdf,opito,cogent
cogfpso15.pdf,opito,cogent
cogfpso16.pdf,opito,cogent
cogfpso17.pdf,opito,cogent
cogfpso18.pdf,opito,cogent
cogfpso2.pdf,opito,cogent
cogfpso20.pdf,opito,cogent
cogfpso22.pdf,opito,cogent
cogfpso23.pdf,opito,cogent
cogfpso24.pdf,opito,cogent
cogfpso25.pdf,opito,cogent
cogfpso27.pdf,opito,cogent
cogfpso29.pdf,opito,cogent
cogfpso3.pdf,opito,cogent
cogfpso33.pdf,opito,cogent
cogfpso34.pdf,opito,cogent
cogfpso35.pdf,opito,cogent
cogfpso36.pdf,opito,cogent
cogfpso38.pdf,opito,cogent
cogfpso39.pdf,opito,cogent
cogfpso5.pdf,opito,cogent
cogfpso6.pdf,opito,cogent
cogfpso7.pdf,opito,cogent
cogfpso8.pdf,opito,cogent
cogfpso9.pdf,opito,cogent
cogh2s1.pdf,opito,cogent
cogh2s2.pdf,opito,cogent
cogh2s3.pdf,opito,cogent
cogmp1.pdf,opito,cogent
cogmp3.pdf,opito,cogent
cogmp4.pdf,opito,cogent
cogmp5.pdf,opito,cogent
cogmp6.pdf,opito,cogent
cogmp8.pdf,opito,cogent
cogmwt1.pdf,opito,cogent
cogmwt2.pdf,opito,cogent
cogmwt3.pdf,opito,cogent
cognr2.pdf,opito,cogent
cogoc1.pdf,opito,cogent
cogoc2.pdf,opito,cogent
cogoc3.pdf,opito,cogent
cogoc4.pdf,opito,cogent
cogoc5.pdf,opito,cogent
cogodo3.pdf,opito,cogent
cogodo7.pdf,opito,cogent
cogodr1.pdf,opito,cogent
cogodr10.pdf,opito,cogent
cogodr11.pdf,opito,cogent
cogodr12.pdf,opito,cogent
cogodr13.pdf,opito,cogent
cogodr14.pdf,opito,cogent
cogodr15.pdf,opito,cogent
cogodr16.pdf,opito,cogent
cogodr17.pdf,opito,cogent
cogodr18.pdf,opito,cogent
cogodr19.pdf,opito,cogent
cogodr20.pdf,opito,cogent
cogodr21.pdf,opito,cogent
cogodr22.pdf,opito,cogent
cogodr23.pdf,opito,cogent
cogodr3.pdf,opito,cogent
cogodr5.pdf,opito,cogent
cogodr6.pdf,opito,cogent
cogodr7.pdf,opito,cogent
cogodr8.pdf,opito,cogent
cogodr9.pdf,opito,cogent
cogoesr1.pdf,opito,cogent
cogoesr2.pdf,opito,cogent
cogoesr3.pdf,opito,cogent
cogoesr4.pdf,opito,cogent
cogoesr5.pdf,opito,cogent
cogoesr6.pdf,opito,cogent
cogoesr7.pdf,opito,cogent
cogos1.pdf,opito,cogent
cogos10.pdf,opito,cogent
cogos11.pdf,opito,cogent
cogos2.pdf,opito,cogent
cogos3.pdf,opito,cogent
cogos4.pdf,opito,cogent
cogos5.pdf,opito,cogent
cogos6.pdf,opito,cogent
cogos7.pdf,opito,cogent
cogos8.pdf,opito,cogent
cogos9.pdf,opito,cogent
cogpm7.pdf,opito,cogent
cogpoh1.pdf,opito,cogent
cogpoh10.pdf,opito,cogent
cogpoh11.pdf,opito,cogent
cogpoh12.pdf,opito,cogent
cogpoh19.pdf,opito,cogent
cogpoh2.pdf,opito,cogent
cogpoh20.pdf,opito,cogent
cogpoh21.pdf,opito,cogent
cogpoh3.pdf,opito,cogent
cogpoh6.pdf,opito,cogent
cogpoh7.pdf,opito,cogent
cogpoh8.pdf,opito,cogent
cogpoh9.pdf,opito,cogent
cogpohcr1.pdf,opito,cogent
cogpohcr3.pdf,opito,cogent
cogpohcr4.pdf,opito,cogent
cogpohcr7.pdf,opito,cogent
cogss1.pdf,opito,cogent
cogss10.pdf,opito,cogent
cogss11.pdf,opito,cogent
cogss12.pdf,opito,cogent
cogss13.pdf,opito,cogent
cogss14.pdf,opito,cogent
cogss2.pdf,opito,cogent
cogss3.pdf,opito,cogent
cogss5.pdf,opito,cogent
cogss6.pdf,opito,cogent
cogss7.pdf,opito,cogent
cogss8.pdf,opito,cogent
cogss9.pdf,opito,cogent
cogto1.pdf,opito,cogent
cogto2.pdf,opito,cogent
cogto3.pdf,opito,cogent
cogto4.pdf,opito,cogent
cogto5.pdf,opito,cogent
cogto6.pdf,opito,cogent
cogto7.pdf,opito,cogent
cogto8.pdf,opito,cogent
cosbimd21.1.pdf,construction skills,empty
cs2 maintain registers and use of common sealsc.pdf,skills cfa,cfa business skills @ work
cs3 plan organise and conduct governing body and committee meetingssc.pdf,skills cfa,cfa business skills @ work
cs4 plan organise and conduct general meetingssc.pdf,skills cfa,cfa business skills @ work
cs5 communicate with key stakeholders.pdf,skills cfa,cfa business skills @ work
eciipsm02.pdf,ecitb,empty
gov 1 define the remit of a governing body.pdf,skills cfa,cfa business skills @ work
gov10 comply with the organisation’s legal responsibilities.pdf,skills cfa,cfa business skills @ work
gov12 manage relationships with stakeholders.pdf,skills cfa,cfa business skills @ work
gov13 provide information to user groups.pdf,skills cfa,cfa business skills @ work
gov2 define the composition of the governing body.pdf,skills cfa,cfa business skills @ work
gov3 appoint and oversee governing body.pdf,skills cfa,cfa business skills @ work
gov4 organise governing body meetings.pdf,skills cfa,cfa business skills @ work
gov5 monitor the performance of the governing body.pdf,skills cfa,cfa business skills @ work
gov6 determine and review the organisation’s purpose vision and values.pdf,skills cfa,cfa business skills @ work
gov7 determine the organisation’s strategyand its approach to risk.pdf,skills cfa,cfa business skills @ work
"gov8 ensure the organisation’s structure, resource allocation and remuneration systems align with its strategy.pdf",skills cfa,cfa business skills @ work
"gov9 establish and seek assurance that internal control, management and compliance procedures are in place.pdf",skills cfa,cfa business skills @ work
lanh53.pdf,lantra,empty
lsiyw3.3.3 v2.pdf,skillseffect,skills third sector
pplrec01  prepare to undertake duties.pdf,semta,people 1st
pplrec02  contribute to the security of the work environment in the rail industry.pdf,semta,people 1st
pplrec03  obtain and communicate information in the rail engineering industry.pdf,semta,people 1st
pplrec04  maintain effective working relationships with colleagues in the rail engineering industry.pdf,semta,people 1st
pplrec05  maintain and develop your knowledge understanding and skills in the rail engineering industry.pdf,semta,people 1st
pplrec06  plan for further professional development in the rail engineering industry.pdf,semta,people 1st
pplrec07  working in a rail engineering environment.pdf,semta,people 1st
pplrec08  support learners by mentoring  in the rail engineering workplace.pdf,semta,people 1st
pplrec09  support learners by coaching in the rail engineering workplace.pdf,semta,people 1st
pplrec10  contribute to safe working practices in the rail engineering industry.pdf,semta,people 1st
pplreep01  carry out maintenance on electrification and plant equipment and components.pdf,semta,people 1st
pplreep02  carry out maintenance on electrification and plant assets.pdf,semta,people 1st
pplreep03  establish the operational condition of electrification and plant assets.pdf,semta,people 1st
pplreep04  assist in preventative and corrective maintenance of traction cabling systems.pdf,semta,people 1st
pplreep05  carry out preventative and corrective maintenance of traction cabling systems.pdf,semta,people 1st
pplreep06  carry out installation of electrification and plant equipment and components.pdf,semta,people 1st
pplreep07  carry out installation of electrification and plant assets.pdf,semta,people 1st
pplreep08  plan electrification and plant engineering activities.pdf,semta,people 1st
pplreep09  transfer responsibility of electrification and plant equipment and components.pdf,semta,people 1st
pplreep10  assist in preparing resources for electrification and plant engineering activities.pdf,semta,people 1st
pplreep11  allocate and monitor resources for electrification and plant engineering activities.pdf,semta,people 1st
pplreep12  restore the contact systems to operational condition in the rail engineering industry.pdf,semta,people 1st
pplreep13  carry out technical assessment of electrification and plant.pdf,semta,people 1st
pplreep14.pdf,semta,people 1st
pplreep15  isolate and earth contact systems to meet defined isolation requirements in the rail engineering industry.pdf,semta,people 1st
pplrep01l.pdf,semta,people 1st
pplrep02l.pdf,semta,people 1st
pplrep03l.pdf,semta,people 1st
pplrep04l.pdf,semta,people 1st
pplrep05l.pdf,semta,people 1st
pplrep06l.pdf,semta,people 1st
pplrep07l.pdf,semta,people 1st
pplrep08l.pdf,semta,people 1st
pplrep09l.pdf,semta,people 1st
pplrep10l.pdf,semta,people 1st
pplrep11l.pdf,semta,people 1st
pplrep12l.pdf,semta,people 1st
pplrep13l.pdf,semta,people 1st
pplrep14l.pdf,semta,people 1st
pplrep15l.pdf,semta,people 1st
pplrep16l.pdf,semta,people 1st
pplrep17l.pdf,semta,people 1st
pplrep18l.pdf,semta,people 1st
pplrep19l.pdf,semta,people 1st
pplrep20l.pdf,semta,people 1st
pplrep21l.pdf,semta,people 1st
pplrep22l.pdf,semta,people 1st
pplrep23l.pdf,semta,people 1st
pplrep24l.pdf,semta,people 1st
pplrep25l.pdf,semta,people 1st
pplrep26l.pdf,semta,people 1st
pplrep27l.pdf,semta,people 1st
pplrep28l.pdf,semta,people 1st
pplrep29l.pdf,semta,people 1st
pplrep30l.pdf,semta,people 1st
pplrep31l.pdf,semta,people 1st
pplrep32l.pdf,semta,people 1st
pplrep33l.pdf,semta,people 1st
pplrep34l.pdf,semta,people 1st
pplrep35l.pdf,semta,people 1st
pplres01  establish information for signal engineering maintenance and or faultfinding.pdf,semta,people 1st
pplres02  establish information for signal engineering installation.pdf,semta,people 1st
pplres03  establish information for signal engineering testing.pdf,semta,people 1st
pplres04  plan signal maintenance testing activities.pdf,semta,people 1st
pplres05  determine requirements for safe access to work locations for signal engineering.pdf,semta,people 1st
pplres06  allocate and monitor resources for signal engineering activities.pdf,semta,people 1st
pplres07  reinstate the work area after signal engineering activities.pdf,semta,people 1st
pplres08  assist in the installation of signalling equipment.pdf,semta,people 1st
pplres09  carry out installation of signalling assets.pdf,semta,people 1st
pplres10  assist in planned maintenance of signalling equipment.pdf,semta,people 1st
pplres11  carry out planned maintenance of signalling assets.pdf,semta,people 1st
pplres12  adjust signalling components and equipment to meet operational requirements.pdf,semta,people 1st
pplres13  assist in the removal of signalling equipment.pdf,semta,people 1st
pplres14  carry out removal of components from signalling assets.pdf,semta,people 1st
pplres15  assist in the replacement of signalling equipment.pdf,semta,people 1st
pplres16  carry out the replacement of components from signalling assets.pdf,semta,people 1st
pplres17  assist in establishing compliance with specifications for signalling equipment.pdf,semta,people 1st
pplres18  establish compliance with specifications for signalling assets.pdf,semta,people 1st
pplres19  conduct specified testing of signalling systems.pdf,semta,people 1st
pplres20  conduct maintenance testing of signalling assets.pdf,semta,people 1st
pplres21  conduct specific testing of signalling electronic equipment.pdf,semta,people 1st
pplres22  diagnose faults in signalling assets.pdf,semta,people 1st
pplres23  transfer responsibility of signalling assets.pdf,semta,people 1st
pplres24  contribute to technical leadership of signal engineering activities.pdf,semta,people 1st
pplres25  organise local signal engineering activities.pdf,semta,people 1st
pplret01  establish information for telecoms engineering maintenance and or faultfinding.pdf,semta,people 1st
pplret02  establish information for telecoms engineering installation.pdf,semta,people 1st
pplret03  establish information for telecoms engineering testing.pdf,semta,people 1st
pplret04  plan telecoms maintenance testing activities.pdf,semta,people 1st
pplret05  determine requirements for the safe access to work locations for telecoms engineering.pdf,semta,people 1st
pplret06  allocate and monitor resources for telecoms engineering activities.pdf,semta,people 1st
pplret07  reinstate the work area after telecoms engineering activities.pdf,semta,people 1st
pplret08  assist in the installation of telecoms equipment.pdf,semta,people 1st
pplret09  carry out installation of telecoms assets.pdf,semta,people 1st
pplret10  assist in planned maintenance of telecoms equipment.pdf,semta,people 1st
pplret11  carry out planned maintenance of telecoms assets.pdf,semta,people 1st
pplret12  adjust telecoms components and equipment to meet operational requirements.pdf,semta,people 1st
pplret13  assist in the removal of telecoms equipment.pdf,semta,people 1st
pplret14  carry out removal of components from telecoms assets.pdf,semta,people 1st
pplret15  assist in the replacement of telecoms equipment.pdf,semta,people 1st
pplret16  carry out replacement of  components from telecoms assets.pdf,semta,people 1st
pplret17  assist with tests and checks of telecoms equipment.pdf,semta,people 1st
pplret18  establish compliance with specifications for maintainedtelecoms assets.pdf,semta,people 1st
pplret19  establish compliance with specifications for newly installed telecoms assets.pdf,semta,people 1st
pplret20  conduct specified testing of telecoms systems.pdf,semta,people 1st
pplret21  diagnose faults in telecoms assets.pdf,semta,people 1st
pplret22  transfer responsibility of telecoms assets.pdf,semta,people 1st
pplret23  contribute to technical leadership of telecoms engineering activities.pdf,semta,people 1st
pplret24  organise local telecoms engineering activities.pdf,semta,people 1st
pplretrs01  identify and deal with defects and discrepancies in trs.pdf,semta,people 1st
pplretrs02  carry out routine adjustments to traction and rolling stock.pdf,semta,people 1st
pplretrs03  carry out checks and tests to confirm that traction and rolling stock assets.pdf,semta,people 1st
pplretrs04  carry out planned maintenance of trs assets.pdf,semta,people 1st
pplretrs05  undertake the removal and replacement of trs components.pdf,semta,people 1st
pplretrs06  prepare and move trs assets components and equipment.pdf,semta,people 1st
pplretrs07  modify tsr components using tools.pdf,semta,people 1st
pplretrs08  overhaul trs components.pdf,semta,people 1st
pplretrs09  identify and assess defects and discrepancies in trs assets.pdf,semta,people 1st
pplretrs10  establish compliance with trs specifications.pdf,semta,people 1st
pplretrs11  diagnose faults in trs assets.pdf,semta,people 1st
pplretrs12  plan trs engineering activities.pdf,semta,people 1st
pplretrs13  allocate and supervise trs engineering resources.pdf,semta,people 1st
pplretrs14  supervise the movement of traction and rolling stock assets components and equipment.pdf,semta,people 1st
pplretrs15  diagnose faults in ancillary systems in trs.pdf,semta,people 1st
pplretrs16  install and test trs assets and components.pdf,semta,people 1st
pplretrs17  accept and return responsibility for the control of trs assets.pdf,semta,people 1st
pplretrs18  provide operational support to users of trs.pdf,semta,people 1st
prowpf17l.pdf,proskills,nsafd
semlab2_01.pdf,cogent,semta
semlab2_02.pdf,cogent,semta
semlab2_03.pdf,cogent,semta
semlab2_04.pdf,cogent,semta
semlab2_05.pdf,cogent,semta
semlab2_06.pdf,cogent,semta
semlab2_07.pdf,cogent,semta
semlab2_08.pdf,cogent,semta
semlab2_09.pdf,cogent,semta
semlab2_10.pdf,cogent,semta
semlab2_11.pdf,cogent,semta
semlab2_12.pdf,cogent,semta
semlab2_13.pdf,cogent,semta
semlab2_14.pdf,cogent,semta
semlab2_15.pdf,cogent,semta
semlab2_17.pdf,cogent,semta
semlab2_18.pdf,cogent,semta
semlab2_19.pdf,cogent,semta
semlabs3_03.pdf,cogent,semta
semlabs3_04.pdf,cogent,semta
semlabs3_05.pdf,cogent,semta
semlabs3_06.pdf,cogent,semta
semlabs3_07.pdf,cogent,semta
semlabs3_08.pdf,cogent,semta
semlabs3_09.pdf,cogent,semta
semlabs3_10.pdf,cogent,semta
semlabs3_11.pdf,cogent,semta
semlabs3_12.pdf,cogent,semta
semlabs3_13.pdf,cogent,semta
semlabs3_14.pdf,cogent,semta
semlabs3_16.pdf,cogent,semta
semlabs3_17.pdf,cogent,semta
semlabs3_18.pdf,cogent,semta
semlabs3_19.pdf,cogent,semta
semlabs3_20.pdf,cogent,semta
semlabs3_21.pdf,cogent,semta
semlabs3_22.pdf,cogent,semta
semlabs3_23.pdf,cogent,semta
semlabs4_03.pdf,cogent,semta
semlabs4_04.pdf,cogent,semta
semlabs4_05.pdf,cogent,semta
semlabs4_06.pdf,cogent,semta
semlabs4_07.pdf,cogent,semta
semlabs4_08.pdf,cogent,semta
semlabs4_09.pdf,cogent,semta
semlabs4_10.pdf,cogent,semta
semlabs4_11.pdf,cogent,semta
semlabs4_12.pdf,cogent,semta
semlata205.pdf,cogent,semta
semlata308.pdf,cogent,semta
semlata404.pdf,cogent,semta
sempeo117.pdf,semta,improve
sfj ab5.pdf,skillseffect,skills third sector
sfj hf7.pdf,skills cfa,cfa business skills @ work
sfjrm4.pdf,skills for justice,government skills
sfta3.pdf,skillseffect,skills third sector
sfta4.pdf,skillseffect,skills third sector
sfta5.pdf,skillseffect,skills third sector
sftag19.pdf,skillseffect,skills third sector
sftc1.pdf,skillseffect,skills third sector
sftc10.pdf,skillseffect,skills third sector
sftc11.pdf,skillseffect,skills third sector
sftc12.pdf,skillseffect,skills third sector
sftc13.pdf,skillseffect,skills third sector
sftc14.pdf,skillseffect,skills third sector
sftc2.pdf,skillseffect,uk workforce hub
sftc3.pdf,skillseffect,skills third sector
sftc4.pdf,skillseffect,skills third sector
sftc5.pdf,skillseffect,skills third sector
sftc6.pdf,skillseffect,skills third sector
sftc7.pdf,skillseffect,skills third sector
sftc8.pdf,skillseffect,skills third sector
sftc9.pdf,skillseffect,uk workforce hub
sftdw1.pdf,skillseffect,skills third sector
sftdw10.pdf,skillseffect,skills third sector
sftdw12.pdf,skillseffect,skills third sector
sftdw13.pdf,skillseffect,skills third sector
sftdw14.pdf,skillseffect,skills third sector
sftdw15.pdf,skillseffect,skills third sector
sftdw16.pdf,skillseffect,skills third sector
sftdw17.pdf,skillseffect,skills third sector
sftdw2.pdf,skillseffect,skills third sector
sftdw3.pdf,skillseffect,skills third sector
sftdw4.pdf,skillseffect,skills third sector
sftdw5.pdf,skillseffect,skills third sector
sftdw6.pdf,skillseffect,skills third sector
sftdw7.pdf,skillseffect,skills third sector
sftdw8.pdf,skillseffect,skills third sector
sftdw9.pdf,skillseffect,skills third sector
sftf1.pdf,skillseffect,skills third sector
sftf10.pdf,skillseffect,skills third sector
sftf11.pdf,skillseffect,skills third sector
sftf12.pdf,skillseffect,skills third sector
sftf13.pdf,skillseffect,skills third sector
sftf14.pdf,skillseffect,skills third sector
sftf15.pdf,skillseffect,skills third sector
sftf16.pdf,skillseffect,skills third sector
sftf17.pdf,skillseffect,skills third sector
sftf18.pdf,skillseffect,skills third sector
sftf19.pdf,skillseffect,skills third sector
sftf2.pdf,skillseffect,skills third sector
sftf20.pdf,skillseffect,skills third sector
sftf21.pdf,skillseffect,skills third sector
sftf22.pdf,skillseffect,skills third sector
sftf23.pdf,skillseffect,skills third sector
sftf25.pdf,skillseffect,skills third sector
sftf27.pdf,skillseffect,skills third sector
sftf3.pdf,skillseffect,skills third sector
sftf4.pdf,skillseffect,skills third sector
sftf5.pdf,skillseffect,skills third sector
sftf6.pdf,skillseffect,skills third sector
sftf7.pdf,skillseffect,skills third sector
sftf8.pdf,skillseffect,skills third sector
sftf9.pdf,skillseffect,skills third sector
sftfx2.pdf,skillseffect,skills third sector
sftfx3.pdf,skillseffect,skills third sector
sftmva1.pdf,skillseffect,skills third sector
sftmva2.pdf,skillseffect,skills third sector
sftmvb1.pdf,skillseffect,skills third sector
sftmvb2.pdf,skillseffect,skills third sector
sftmvc1.pdf,skillseffect,skills third sector
sftmvc2.pdf,skillseffect,skills third sector
sftmvc3.pdf,skillseffect,skills third sector
sftmvc4.pdf,skillseffect,skills third sector
sftmvc5.pdf,skillseffect,skills third sector
sftmvd1.pdf,skillseffect,skills third sector
sftmvd2.pdf,skillseffect,skills third sector
sftmvd3.pdf,skillseffect,skills third sector
sftmvd4.pdf,skillseffect,skills third sector
sftmvd5.pdf,skillseffect,skills third sector
sftmvd6.pdf,skillseffect,skills third sector
sftmvd7.pdf,skillseffect,skills third sector
sftmvd8.pdf,skillseffect,skills third sector
sftmve1.pdf,skillseffect,skills third sector
sftmve2.pdf,skillseffect,skills third sector
sftmve3.pdf,skillseffect,skills third sector
sftmve4.pdf,skillseffect,skills third sector
sftmve5.pdf,skillseffect,skills third sector
sftmve6.pdf,skillseffect,skills third sector
sftmvf1.pdf,skillseffect,skills third sector
sftmvf10.pdf,skillseffect,skills third sector
sftmvf11.pdf,skillseffect,skills third sector
sftmvf3.pdf,skillseffect,skills third sector
sftmvf4.pdf,skillseffect,skills third sector
sftmvf5.pdf,skillseffect,skills third sector
sftmvf6.pdf,skillseffect,skills third sector
sftmvf7.pdf,skillseffect,skills third sector
sftmvf8.pdf,skillseffect,uk workforce hub
sftmvf9.pdf,skillseffect,skills third sector
sftt1.pdf,skillseffect,skills third sector
sftt2.pdf,skillseffect,skills third sector
sftt3.pdf,skillseffect,skills third sector
sftt4.pdf,skillseffect,skills third sector
skaah19.pdf,skillsactive,habia
skaah21.pdf,skillsactive,habia
skaah33.pdf,skillsactive,habia
skaah34.pdf,skillsactive,habia
skaath19.pdf,skillsactive,habia
skaath28.pdf,skillsactive,skillsadvice
skab34.pdf,skillsactive,habia
skab35.pdf,skillsactive,habia
skab36.pdf,skillsactive,habia
skab37.pdf,skillsactive,habia
skab38.pdf,skillsactive,habia
skabt09b15.pdf,skillsactive,habia
skag17 (2).pdf,skillsactive,habia
skag19 (2).pdf,skillsactive,habia
skagh13 (2).pdf,skillsactive,habia
skagh20 (2).pdf,skillsactive,habia
skagh20.pdf,skillsactive,habia
skagh24.pdf,skillsactive,habia