,Validity,Validity_2
assess-the-configuration-of-metered-areas-eusldc1.pdf,current,legacy
astfm311.pdf,legacy,current
astfm503.pdf,legacy,current
astfm505.pdf,legacy,current
astfm506.pdf,legacy,current
astfm510.pdf,legacy,current
astfm514.pdf,legacy,current
astfm516.pdf,legacy,current
ccsca10l.pdf,legacy,current
ccsca11l.pdf,legacy,current
ccsca12l.pdf,legacy,current
ccsca14l.pdf,legacy,current
ccsca15l.pdf,legacy,current
ccsca16l.pdf,legacy,current
ccsca17l.pdf,legacy,current
ccsca18l.pdf,legacy,current
ccsca19l.pdf,legacy,current
ccsca1l.pdf,legacy,current
ccsca20l.pdf,legacy,current
ccsca21l.pdf,legacy,current
ccsca22l.pdf,legacy,current
ccsca23l.pdf,legacy,current
ccsca24l.pdf,legacy,current
ccsca25l.pdf,legacy,current
ccsca26l.pdf,legacy,current
ccsca27l.pdf,legacy,current
ccsca28l.pdf,legacy,current
ccsca2l.pdf,legacy,current
ccsca3l.pdf,legacy,current
ccsca4l.pdf,legacy,current
ccsca5l.pdf,legacy,current
ccsca6l.pdf,legacy,current
ccsca7l.pdf,legacy,current
ccsca8l.pdf,legacy,current
ccsca9l.pdf,legacy,current
ccsccs10l.pdf,legacy,current
ccsccs11l.pdf,legacy,current
ccsccs12l.pdf,legacy,current
ccsccs13l.pdf,legacy,current
ccsccs14l.pdf,legacy,current
ccsccs15l.pdf,legacy,current
ccsccs16l.pdf,legacy,current
ccsccs17l.pdf,legacy,current
ccsccs18l.pdf,legacy,current
ccsccs1l.pdf,legacy,current
ccsccs2l.pdf,legacy,current
ccsccs3l.pdf,legacy,current
ccsccs4l.pdf,legacy,current
ccsccs7l.pdf,legacy,current
ccsccs8l.pdf,legacy,current
ccscv10l.pdf,legacy,current
ccscv11l.pdf,legacy,current
ccscv12l.pdf,legacy,current
ccscv13l.pdf,legacy,current
ccscv14l.pdf,legacy,current
ccscv15l.pdf,legacy,current
ccscv16l.pdf,legacy,current
ccscv17l.pdf,legacy,current
ccscv18l.pdf,legacy,current
ccscv19l.pdf,legacy,current
ccscv1l.pdf,legacy,current
ccscv20l.pdf,legacy,current
ccscv21l.pdf,legacy,current
ccscv22l.pdf,legacy,current
ccscv23l.pdf,legacy,current
ccscv24l.pdf,legacy,current
ccscv25l.pdf,legacy,current
ccscv26l.pdf,legacy,current
ccscv27l.pdf,legacy,current
ccscv2l.pdf,legacy,current
ccscv3l.pdf,legacy,current
ccscv4l.pdf,legacy,current
ccscv7l.pdf,legacy,current
ccscv8l.pdf,legacy,current
ccscv9l.pdf,legacy,current
ccsle11l.pdf,legacy,current
ccsle2l.pdf,legacy,current
ccsmt19.pdf,current,empty
ccssl10l.pdf,legacy,current
ccssl11l.pdf,legacy,current
ccssl12l.pdf,legacy,current
ccssl14l.pdf,legacy,current
ccssl15l.pdf,legacy,current
ccssl16l.pdf,legacy,current
ccssl17l.pdf,legacy,current
ccssl18l.pdf,legacy,current
ccssl19l.pdf,legacy,current
ccssl1l.pdf,legacy,current
ccssl20l.pdf,legacy,current
ccssl21l.pdf,legacy,current
ccssl22l.pdf,legacy,current
ccssl23l.pdf,legacy,current
ccssl24l.pdf,legacy,current
ccssl25l.pdf,legacy,current
ccssl26l.pdf,legacy,current
ccssl27l.pdf,legacy,current
ccssl28l.pdf,legacy,current
ccssl29l.pdf,legacy,current
ccssl2l.pdf,legacy,current
ccssl31l.pdf,legacy,current
ccssl32l.pdf,legacy,current
ccssl33l.pdf,legacy,current
ccssl35l.pdf,legacy,current
ccssl36l.pdf,legacy,current
ccssl3l.pdf,legacy,current
ccssl4l.pdf,legacy,current
ccssl5l.pdf,legacy,current
ccssl6l.pdf,legacy,current
ccssl7l.pdf,legacy,current
ccssl8l.pdf,legacy,current
ccssl9l.pdf,legacy,current
ccstp10l.pdf,legacy,current
ccstp11l.pdf,legacy,current
ccstp15l.pdf,legacy,current
ccstp16l.pdf,legacy,current
ccstp17l.pdf,legacy,current
ccstp18l.pdf,legacy,current
ccstp19l.pdf,legacy,current
ccstp20l.pdf,legacy,current
ccstp22l.pdf,legacy,current
ccstp24l.pdf,legacy,current
ccstp25l.pdf,legacy,current
ccstp26l.pdf,legacy,current
ccstp27l.pdf,legacy,current
ccstp28l.pdf,legacy,current
ccstp29l.pdf,legacy,current
ccstp2l.pdf,legacy,current
ccstp30l.pdf,legacy,current
ccstp31l.pdf,legacy,current
ccstp32l.pdf,legacy,current
ccstp33l.pdf,legacy,current
ccstp34l.pdf,legacy,current
ccstp35l.pdf,legacy,current
ccstp36l.pdf,legacy,current
ccstp37l.pdf,legacy,current
ccstp38l.pdf,legacy,current
ccstp39l.pdf,legacy,current
ccstp3l.pdf,legacy,current
ccstp40l.pdf,legacy,current
ccstp41l.pdf,legacy,current
ccstp42l.pdf,legacy,current
ccstp43l.pdf,legacy,current
ccstp44l.pdf,legacy,current
ccstp45l.pdf,legacy,current
ccstp46l.pdf,legacy,current
ccstp47l.pdf,legacy,current
ccstp48l.pdf,legacy,current
ccstp49l.pdf,legacy,current
ccstp4l.pdf,legacy,current
ccstp50l.pdf,legacy,current
ccstp51l.pdf,legacy,current
ccstp52l.pdf,legacy,current
ccstp53l.pdf,legacy,current
ccstp54l.pdf,legacy,current
ccstp55l.pdf,legacy,current
ccstp5l.pdf,legacy,current
ccstp60l.pdf,legacy,current
ccstp62l.pdf,legacy,current
ccstp66l.pdf,legacy,current
ccstp67l.pdf,legacy,current
ccstp68l.pdf,legacy,current
ccstp69l.pdf,legacy,current
ccstp71l.pdf,legacy,current
ccstp72l.pdf,legacy,current
ccstp73l.pdf,legacy,current
cfabes010l.pdf,legacy,current
cfabi3l.pdf,legacy,current
cfabi4l.pdf,legacy,current
cfabi5l.pdf,legacy,current
cfabi6l.pdf,legacy,current
cfabi7l.pdf,legacy,current
cfabi8l.pdf,legacy,current
cfablg3l.pdf,legacy,current
cfablg4l.pdf,legacy,current
cfablg5l.pdf,legacy,current
cfam1.3.3l.pdf,legacy,current
cfam7.4.2l.pdf,legacy,current
cfaop1l.pdf,legacy,current
cfas1.2l.pdf,legacy,current
cfas1.3l.pdf,legacy,current
cfas2.1l.pdf,legacy,current
cfas2.2l.pdf,legacy,current
cfas2.3l.pdf,legacy,current
cfas2.4l.pdf,legacy,current
cfas2.5l.pdf,legacy,current
cfas2.7l.pdf,legacy,current
cfas2.8l.pdf,legacy,current
cfas2.9l.pdf,legacy,current
cfas3.1l.pdf,legacy,current
cfas3.2l.pdf,legacy,current
cfas3.3l.pdf,legacy,current
cfas3.4l.pdf,legacy,current
cfas4.1l.pdf,legacy,current
cfas4.3l.pdf,legacy,current
cfas4.4l.pdf,legacy,current
cfas4.6l.pdf,legacy,current
cfas4.7l.pdf,legacy,current
cfas4.8l.pdf,legacy,current
cfas4.9l.pdf,legacy,current
cfas5.2l.pdf,legacy,current
cfas5.3l.pdf,legacy,current
cfas5.4l.pdf,legacy,current
cfas5.5l.pdf,legacy,current
cfas6.1l.pdf,legacy,current
cfas6.2l.pdf,legacy,current
cfas6.3l.pdf,legacy,current
cfas6.4l.pdf,legacy,current
cfas7.1l.pdf,legacy,current
cfas7.2l.pdf,legacy,current
cfas7.3l.pdf,legacy,current
cfas7.4l.pdf,legacy,current
cfas7.5l.pdf,legacy,current
cfas7.6l.pdf,legacy,current
cfas7.7l.pdf,legacy,current
cfas7.8l.pdf,legacy,current
cfas8.2l.pdf,legacy,current
cfas8.4l.pdf,legacy,current
cfas8.5l.pdf,legacy,current
cfas9.3l.pdf,legacy,current
cfas9.4l.pdf,legacy,current
cfas9.5l.pdf,legacy,current
cfas9.6l.pdf,legacy,current
cfas9.7l.pdf,legacy,current
cogdo13.pdf,legacy,current
cogdo14.pdf,legacy,current
cogdo18.pdf,legacy,current
cogdo26.pdf,legacy,current
cogdo28.pdf,legacy,current
cogdo7.pdf,legacy,current
cogdo8.pdf,legacy,current
cogdo9.pdf,legacy,current
cogls207.pdf,current,empty
cogls209.pdf,current,empty
cogls215.pdf,current,empty
cogls326.pdf,current,empty
cogod20.pdf,legacy,current
cogpem28.pdf,current,empty
cogpio2.6.pdf,current,legacy
contribute to the provison of customer service for multidrop activities legacy.pdf,legacy,current
cosvr100l.pdf,legacy,current
cosvr101l.pdf,legacy,current
cosvr102l.pdf,legacy,current
cosvr103l.pdf,legacy,current
cosvr104l.pdf,legacy,current
cosvr105l.pdf,legacy,current
cosvr106l.pdf,legacy,current
cosvr107l.pdf,legacy,current
cosvr108l.pdf,legacy,current
cosvr109l.pdf,legacy,current
cosvr111l.pdf,legacy,current
cosvr112l.pdf,legacy,current
cosvr114l.pdf,legacy,current
cosvr118l.pdf,legacy,current
cosvr119l.pdf,legacy,current
cosvr124l.pdf,legacy,current
cosvr125l.pdf,legacy,current
cosvr127l.pdf,legacy,current
cosvr128l.pdf,legacy,current
cosvr129l.pdf,legacy,current
cosvr130l.pdf,legacy,current
cosvr133l.pdf,legacy,current
cosvr134l.pdf,legacy,current
cosvr135l.pdf,legacy,current
cosvr136l.pdf,legacy,current
cosvr137l.pdf,legacy,current
cosvr138l.pdf,legacy,current
cosvr139l.pdf,legacy,current
cosvr13l.pdf,legacy,current
cosvr140l.pdf,legacy,current
cosvr147l.pdf,legacy,current
cosvr14l.pdf,legacy,current
cosvr15l.pdf,legacy,current
cosvr16l.pdf,legacy,current
cosvr174l.pdf,legacy,current
cosvr175l.pdf,legacy,current
cosvr176l.pdf,legacy,current
cosvr177l.pdf,legacy,current
cosvr178l.pdf,legacy,current
cosvr180l.pdf,legacy,current
cosvr181l.pdf,legacy,current
cosvr182l.pdf,legacy,current
cosvr187l.pdf,legacy,current
cosvr188l.pdf,legacy,current
cosvr191l.pdf,legacy,current
cosvr192l.pdf,legacy,current
cosvr193l.pdf,legacy,current
cosvr194l.pdf,legacy,current
cosvr195l.pdf,legacy,current
cosvr196l.pdf,legacy,current
cosvr197l.pdf,legacy,current
cosvr198l.pdf,legacy,current
cosvr199l.pdf,legacy,current
cosvr200l.pdf,legacy,current
cosvr201l.pdf,legacy,current
cosvr202l.pdf,legacy,current
cosvr203l.pdf,legacy,current
cosvr204l.pdf,legacy,current
cosvr205l.pdf,legacy,current
cosvr206l.pdf,legacy,current
cosvr207l.pdf,legacy,current
cosvr208l.pdf,legacy,current
cosvr212l.pdf,legacy,current
cosvr213l.pdf,legacy,current
cosvr214l.pdf,legacy,current
cosvr215l.pdf,legacy,current
cosvr216l.pdf,legacy,current
cosvr217l.pdf,legacy,current
cosvr218l.pdf,legacy,current
cosvr219l.pdf,legacy,current
cosvr227l.pdf,legacy,current
cosvr228l.pdf,legacy,current
cosvr229l.pdf,legacy,current
cosvr230l.pdf,legacy,current
cosvr231l.pdf,legacy,current
cosvr233l.pdf,legacy,current
cosvr240l.pdf,legacy,current
cosvr241l.pdf,legacy,current
cosvr242l.pdf,legacy,current
cosvr243l.pdf,legacy,current
cosvr244l.pdf,legacy,current
cosvr245l.pdf,legacy,current
cosvr25l.pdf,legacy,current
cosvr267l.pdf,legacy,current
cosvr268l.pdf,legacy,current
cosvr269l.pdf,legacy,current
cosvr28.pdf,legacy,current
cosvr287l.pdf,legacy,current
cosvr288.pdf,legacy,current
cosvr288l.pdf,legacy,current
cosvr289.pdf,legacy,current
cosvr289l.pdf,legacy,current
cosvr290l.pdf,legacy,current
cosvr291l.pdf,legacy,current
cosvr292l.pdf,legacy,current
cosvr293l.pdf,legacy,current
cosvr294l.pdf,legacy,current
cosvr296l.pdf,legacy,current
cosvr297l.pdf,legacy,current
cosvr299l.pdf,legacy,current
cosvr312l.pdf,legacy,current
cosvr319l.pdf,legacy,current
cosvr320l.pdf,legacy,current
cosvr321l.pdf,legacy,current
cosvr346.pdf,legacy,current
cosvr347.pdf,legacy,current
cosvr350l.pdf,legacy,current
cosvr351l.pdf,legacy,current
cosvr352l.pdf,legacy,current
cosvr353l.pdf,legacy,current
cosvr354l.pdf,legacy,current
cosvr355l.pdf,legacy,current
cosvr356l.pdf,legacy,current
cosvr357l.pdf,legacy,current
cosvr358l.pdf,legacy,current
cosvr360l.pdf,legacy,current
cosvr361l.pdf,legacy,current
cosvr362l.pdf,legacy,current
cosvr363l.pdf,legacy,current
cosvr366l.pdf,legacy,current
cosvr36l.pdf,legacy,current
cosvr372l.pdf,legacy,current
cosvr374l.pdf,legacy,current
cosvr375l.pdf,legacy,current
cosvr376l.pdf,legacy,current
cosvr377l.pdf,legacy,current
cosvr378l.pdf,legacy,current
cosvr37l.pdf,legacy,current
cosvr383l.pdf,legacy,current
cosvr39l.pdf,legacy,current
cosvr402l.pdf,legacy,current
cosvr403l.pdf,legacy,current
cosvr40l.pdf,legacy,current
cosvr41l.pdf,legacy,current
cosvr42l.pdf,legacy,current
cosvr44l.pdf,legacy,current
cosvr462l.pdf,legacy,current
cosvr463l.pdf,legacy,current
cosvr464l.pdf,legacy,current
cosvr465l.pdf,legacy,current
cosvr466l.pdf,legacy,current
cosvr467l.pdf,legacy,current
cosvr493l.pdf,legacy,current
cosvr494l.pdf,legacy,current
cosvr499l.pdf,legacy,current
cosvr49l.pdf,legacy,current
cosvr503l.pdf,legacy,current
cosvr504l.pdf,legacy,current
cosvr505l.pdf,legacy,current
cosvr506l.pdf,legacy,current
cosvr507l.pdf,legacy,current
cosvr509l.pdf,legacy,current
cosvr50l.pdf,legacy,current
cosvr510l.pdf,legacy,current
cosvr536l.pdf,legacy,current
cosvr537l.pdf,legacy,current
cosvr538l.pdf,legacy,current
cosvr568l.pdf,legacy,current
cosvr569l.pdf,legacy,current
cosvr570l.pdf,legacy,current
cosvr571l.pdf,legacy,current
cosvr572l.pdf,legacy,current
cosvr573l.pdf,legacy,current
cosvr574l.pdf,legacy,current
cosvr617l.pdf,legacy,current
cosvr618l.pdf,legacy,current
cosvr619l.pdf,legacy,current
cosvr620l.pdf,legacy,current
cosvr628l.pdf,legacy,current
cosvr631l.pdf,legacy,current
cosvr632l.pdf,legacy,current
cosvr634l.pdf,legacy,current
cosvr637l.pdf,legacy,current
cosvr638l.pdf,legacy,current
cosvr639l.pdf,legacy,current
cosvr640l.pdf,legacy,current
cosvr641l.pdf,legacy,current
cosvr663l.pdf,legacy,current
cosvr676l.pdf,legacy,current
cosvr677l.pdf,legacy,current
cosvr678l.pdf,legacy,current
cosvr679l.pdf,legacy,current
cosvr680l.pdf,legacy,current
cosvr681l.pdf,legacy,current
cosvr681v2l.pdf,legacy,current
cosvr682l.pdf,legacy,current
cosvr683l.pdf,legacy,current
cosvr684l.pdf,legacy,current
cosvr761l.pdf,legacy,current
cosvx07l.pdf,legacy,current
drive the tanker on public roads in a fuel effieicent manner legacy.pdf,legacy,current
eciipsm03.pdf,current,empty
eciml05.pdf,current,empty
eciml06.pdf,current,empty
ecipmd12.pdf,current,empty
ensure the tanker is loaded correctly legacy.pdf,legacy,current
ensure the tanker is unloaded correctly legacy.pdf,legacy,current
ensure the vehicle is loaded correctly for multidrop activities legacy.pdf,legacy,current
ensure the vehicle is unloaded correctly for multidrop activities legacy.pdf,legacy,current
eusdco1.pdf,legacy,current
eusdco4.pdf,legacy,current
eusdco5.pdf,legacy,current
eusdco6.pdf,legacy,current
eusdco7.pdf,legacy,current
eusdco8.pdf,legacy,current
eusdco9.pdf,legacy,current
eusdsg3-10l.pdf,legacy,current
eusdsg3-11l.pdf,legacy,current
eusdsg3-12l.pdf,legacy,current
eusdsg3-13l.pdf,legacy,current
eusdsg3-14l.pdf,legacy,current
eusdsg3-15l.pdf,legacy,current
eusdsg3-16l.pdf,legacy,current
eusdsg3-17l.pdf,legacy,current
eusdsg3-1l.pdf,legacy,current
eusdsg3-2l.pdf,legacy,current
eusdsg3-3l.pdf,legacy,current
eusdsg3-4l.pdf,legacy,current
eusdsg3-5l.pdf,legacy,current
eusdsg3-60l.pdf,legacy,current
eusdsg3-70l.pdf,legacy,current
eusdsg3-80l.pdf,legacy,current
eusdsg30-9l.pdf,legacy,current
eusdsg3_18l.pdf,legacy,current
eusence21.pdf,current,legacy
eusepus001l.pdf,legacy,current
eusepus002l.pdf,legacy,current
eusepus035l.pdf,legacy,current
eusgnc001l.pdf,legacy,current
eusgnc002l.pdf,legacy,current
eusgnc003l.pdf,legacy,current
eusgnc004l.pdf,legacy,current
eusgnc005l.pdf,legacy,current
eusgnc006l.pdf,legacy,current
eusgnc007l.pdf,legacy,current
eusgnc008l.pdf,legacy,current
eusgnc009l.pdf,legacy,current
eusgnc010l.pdf,legacy,current
eusgnc011l.pdf,legacy,current
eusgnc012l.pdf,legacy,current
eusgnc013l.pdf,legacy,current
eusgnc014l.pdf,legacy,current
eusgnc015l.pdf,legacy,current
eusgnc016l.pdf,legacy,current
eusgnc017l.pdf,legacy,current
eusgnem26l.pdf,legacy,current
eusgno101.pdf,current,legacy
eusgno103.pdf,current,legacy
eusgno104.pdf,current,legacy
eusgno105.pdf,current,legacy
eusgno106.pdf,current,legacy
eusgno301.pdf,current,legacy
eusgno302.pdf,current,legacy
eusgno303.pdf,current,legacy
eusgno304.pdf,current,legacy
eusgno305.pdf,current,legacy
eusgno306.pdf,current,legacy
eusgno309.pdf,current,legacy
eusgno310.pdf,current,legacy
eusldc10.pdf,legacy,current
eusldc11.pdf,legacy,current
eusmunc01.pdf,legacy,current
eusmunc02.pdf,legacy,current
eusmunc03.pdf,legacy,current
eusmunc04.pdf,legacy,current
eusmunc05.pdf,legacy,current
eusmunc06.pdf,legacy,current
eusmunc07.pdf,legacy,current
eusmunc08.pdf,legacy,current
eusmunc09.pdf,legacy,current
eusmunc10.pdf,legacy,current
eusmunc11.pdf,legacy,current
eusmunc12.pdf,legacy,current
eusmunc13.pdf,legacy,current
eusmunc14.pdf,legacy,current
eusmunc18.pdf,legacy,current
eusmunc20.pdf,legacy,current
eusmunc24.pdf,legacy,current
eusmws1.pdf,legacy,current
eusmws2.pdf,legacy,current
eusmws5.pdf,legacy,current
eusmws6.pdf,legacy,current
eusmws8.pdf,legacy,current
eusnco108w.pdf,archive,current
eusnco220.pdf,legacy,current
eusnco310.pdf,legacy,current
eusnco311.pdf,legacy,current
eusnco313.pdf,legacy,current
eusnco314.pdf,legacy,current
eusnco315.pdf,legacy,current
eusnco316.pdf,legacy,current
eusnco317.pdf,legacy,current
eusnco318.pdf,legacy,current
eusnco319.pdf,legacy,current
eusra115l.pdf,legacy,current
eusra341.pdf,current,legacy
eussam09l.pdf,legacy,current
eussam10l.pdf,legacy,current
eussam11l.pdf,legacy,current
eussam13l.pdf,legacy,current
eussm001l.pdf,legacy,current
eussm003l.pdf,legacy,current
eussm004l.pdf,legacy,current
eussm008l.pdf,legacy,current
eussm009l.pdf,legacy,current
eustpo01.pdf,legacy,current
eustpo06.pdf,legacy,current
eustpo07.pdf,legacy,current
eustpo15.pdf,legacy,current
eusunpm6.pdf,current,legacy
euswm24.pdf,legacy,current
euswm28.pdf,legacy,current
euswm30.pdf,legacy,current
euswm33.pdf,legacy,current
euswm34.pdf,legacy,current
euswm35.pdf,legacy,empty
euswm36.pdf,legacy,current
euswm39.pdf,legacy,current
euswm40.pdf,legacy,current
euswm41.pdf,legacy,current
euswm42.pdf,legacy,current
euswm43.pdf,legacy,current
euswm44.pdf,legacy,current
euswm45.pdf,legacy,current
euswm46.pdf,legacy,current
euswm47.pdf,legacy,current
euswm48.pdf,legacy,current
euswm49.pdf,legacy,current
euswm50.pdf,legacy,current
euswm51.pdf,legacy,current
euswm52.pdf,legacy,current
euswm53.pdf,legacy,current
euswm54.pdf,legacy,current
euswm55.pdf,legacy,current
euswm56.pdf,legacy,current
euswm57.pdf,legacy,current
euswm58.pdf,legacy,current
euswm59.pdf,legacy,current
euswm62.pdf,legacy,current
euswm63.pdf,legacy,current
euswm65.pdf,legacy,current
euswm67.pdf,legacy,current
euswm68.pdf,legacy,current
euswo01l.pdf,legacy,current
euswo02l.pdf,legacy,current
euswo04l.pdf,legacy,current
euswo05l.pdf,legacy,current
euswo07l.pdf,legacy,current
euswo09l.pdf,legacy,current
euswo10l.pdf,legacy,current
euswo11.pdf,legacy,current
euswo12l.pdf,legacy,current
euswo13l.pdf,legacy,current
euswo15l.pdf,legacy,current
euswo18l.pdf,legacy,current
euswo28l.pdf,legacy,current
euswo29l.pdf,legacy,current
euswo30l.pdf,legacy,current
euswo31l.pdf,legacy,current
euswo34l.pdf,legacy,current
euswo35l.pdf,legacy,current
euswo37l.pdf,legacy,current
euswo39.pdf,current,legacy
euswo40.pdf,current,legacy
euswo41.pdf,current,legacy
euswo42l.pdf,legacy,current
euswo43l.pdf,legacy,current
euswo44l.pdf,legacy,current
euswo46l.pdf,legacy,current
euswo47l.pdf,legacy,current
euswo49l.pdf,legacy,current
euswo50l.pdf,legacy,current
euswo51l.pdf,legacy,current
eusws02.pdf,legacy,current
euswt04l.pdf,legacy,current
euswt07l.pdf,legacy,current
fspamfpi01l.pdf,legacy,current
fspamfpi02l.pdf,legacy,current
fspamfpi03l.pdf,legacy,current
fspamfpi04l.pdf,legacy,current
fspamfpi05l.pdf,legacy,current
fspamfpi06l.pdf,legacy,current
fspamfpi07l.pdf,legacy,current
fspba02l.pdf,legacy,current
fspba03l.pdf,legacy,current
fspba04l.pdf,legacy,current
fspba05l.pdf,legacy,current
fspba06l.pdf,legacy,current
fspba07l.pdf,legacy,current
fspba08l.pdf,legacy,current
fspba09l.pdf,legacy,current
fspcc04l.pdf,legacy,current
fspcp01l.pdf,legacy,current
fspcp02l.pdf,legacy,current
fspcp03l.pdf,legacy,current
fspcp04l.pdf,legacy,current
fspcp05l.pdf,legacy,current
fspdc01l.pdf,legacy,current
fspdc02l.pdf,legacy,current
fspdc03l.pdf,legacy,current
fspdc05l.pdf,legacy,current
fspdc06l.pdf,legacy,current
fspdc07l.pdf,legacy,current
fspdc08l.pdf,legacy,current
fspfc01l.pdf,legacy,current
fspfc02l.pdf,legacy,current
fspfc03l.pdf,legacy,current
fspfc04l.pdf,legacy,current
fspfc05l.pdf,legacy,current
fspfc06l.pdf,legacy,current
fspfc07l.pdf,legacy,current
fspfc08l.pdf,legacy,current
fspfc09l.pdf,legacy,current
fspfc10l.pdf,legacy,current
fspfcc01l.pdf,legacy,current
fspfcc02l.pdf,legacy,current
fspfcc04l.pdf,legacy,current
fspfcs01l.pdf,legacy,current
fspfcs02l.pdf,legacy,current
fspfssp01l.pdf,legacy,current
fspfssp02l.pdf,legacy,current
fspfssp03l.pdf,legacy,current
fspgi01l.pdf,legacy,current
fspgi02l.pdf,legacy,current
fspgi03l.pdf,legacy,current
fspgi04l.pdf,legacy,current
fspgi05l.pdf,legacy,current
fspgi06l.pdf,legacy,current
fspgi07l.pdf,legacy,current
fspgi08l.pdf,legacy,current
fspgi09l.pdf,legacy,current
fspgi10l.pdf,legacy,current
fspgi11l.pdf,legacy,current
fspgi12l.pdf,legacy,current
fspgi13l.pdf,legacy,current
fspgi14l.pdf,legacy,current
fspgi15l.pdf,legacy,current
fspgi16l.pdf,legacy,current
fspgi17l.pdf,legacy,current
fspgi18l.pdf,legacy,current
fspgi19l.pdf,legacy,current
fspgi20l.pdf,legacy,current
fspgi21l.pdf,legacy,current
fspgi22l.pdf,legacy,current
fspgi23l.pdf,legacy,current
fspgi24l.pdf,legacy,current
fspgi25l.pdf,legacy,current
fspgi26l.pdf,legacy,current
fspifp01l.pdf,legacy,current
fspio01l.pdf,legacy,current
fspio02l.pdf,legacy,current
fspio03l.pdf,legacy,current
fspio04l.pdf,legacy,current
fspio05l.pdf,legacy,current
fspio06l.pdf,legacy,current
fspio07l.pdf,legacy,current
fspio08l.pdf,legacy,current
fspio09l.pdf,legacy,current
fspio10l.pdf,legacy,current
fspio11l.pdf,legacy,current
fspio12l.pdf,legacy,current
fspio13l.pdf,legacy,current
fspio14l.pdf,legacy,current
fspio15l.pdf,legacy,current
fsplpi01l.pdf,legacy,current
fsplpi02l.pdf,legacy,current
fsplpi03l.pdf,legacy,current
fsplpi04l.pdf,legacy,current
fsplpi05l.pdf,legacy,current
fsplpi06l.pdf,legacy,current
fsplpi07l.pdf,legacy,current
fsplpi08l.pdf,legacy,current
fsplpi09l.pdf,legacy,current
fsplpi10l.pdf,legacy,current
fsplpi11l.pdf,legacy,current
fsppfafp04l.pdf,legacy,current
fsppsa01l.pdf,legacy,current
fsppsa02l.pdf,legacy,current
fsppsa03l.pdf,legacy,current
fsppsa04l.pdf,legacy,current
fsppsa07l.pdf,legacy,current
fsppsa08l.pdf,legacy,current
fsppsa09l.pdf,legacy,current
fsppsa10l.pdf,legacy,current
fsppsa12l.pdf,legacy,current
fsppsa13l.pdf,legacy,current
fsppsa15l.pdf,legacy,current
fsppsa16l.pdf,legacy,current
fsppsa17l.pdf,legacy,current
fsppsa38l.pdf,legacy,current
fsppts02l.pdf,legacy,current
fsppts03l.pdf,legacy,current
fsprfsgf01l.pdf,legacy,current
fsptcs29l.pdf,legacy,current
fsptcs30l.pdf,legacy,current
fsptcs32l.pdf,legacy,current
fsptcs33l.pdf,legacy,current
fsptcs34l.pdf,legacy,current
fsptcs35l.pdf,legacy,current
fsptcs36l.pdf,legacy,current
imiaemei08l.pdf,legacy,current
imiag5.pdf,current,empty
imiag6.pdf,current,empty
imiag7.pdf,current,empty
imiag8.pdf,current,empty
imiag9.pdf,current,empty
imiarbbp05l.pdf,legacy,current
imiarbbp06l.pdf,legacy,current
imiarbbp14l.pdf,legacy,current
imiarc12l.pdf,legacy,current
imiarpo10l.pdf,legacy,current
imihvt16l.pdf,legacy,current
imimet01l.pdf,legacy,current
imimet02l.pdf,legacy,current
imimet03l.pdf,legacy,current
imimet04l.pdf,legacy,current
imimet05l.pdf,legacy,current
imimet06l.pdf,legacy,current
imimet07l.pdf,legacy,current
imimet08l.pdf,legacy,current
imimet09l.pdf,legacy,current
imimrhv01l.pdf,legacy,current
imimrhv02l.pdf,legacy,current
imimrhv03l.pdf,legacy,current
imimrhv04l.pdf,legacy,current
imimrhv06l.pdf,legacy,current
imimrhv07l.pdf,legacy,current
imimrhv08l.pdf,legacy,current
imimrhv11l.pdf,legacy,current
imimrhv12l.pdf,legacy,current
imimrhv13l.pdf,legacy,current
imimrhv14l.pdf,legacy,current
imimrhv15l.pdf,legacy,current
impdy101sv1l.pdf,legacy,current
impdy102kv1l.pdf,legacy,current
impdy103kv1l.pdf,legacy,current
impdy105kv1l.pdf,legacy,current
impdy106kv1l.pdf,legacy,current
impdy107kv1l.pdf,legacy,current
impdy108kv1l.pdf,legacy,current
impdy109kv1l.pdf,legacy,current
impdy110kv1l.pdf,legacy,current
impdy111kv1l.pdf,legacy,current
impdy112kv1l.pdf,legacy,current
impdy113kv1l.pdf,legacy,current
impdy114kv1l.pdf,legacy,current
impdy117kv1l.pdf,legacy,current
impdy127sv1l.pdf,legacy,current
impdy128kv1l.pdf,legacy,current
impdy129sv1l.pdf,legacy,current
impdy130kv1l.pdf,legacy,current
impdy131sv1l.pdf,legacy,current
impdy132kv1l.pdf,legacy,current
impdy135sv1l.pdf,legacy,current
impdy136kv1l.pdf,legacy,current
impdy139sv1l.pdf,legacy,current
impdy140kv1l.pdf,legacy,current
impft101kl.pdf,legacy,current
impft102kl.pdf,legacy,current
impft103kl.pdf,legacy,current
impft104kl.pdf,legacy,current
impft105kl.pdf,legacy,current
impft106kl.pdf,legacy,current
impft107kl.pdf,legacy,current
impft108sl.pdf,legacy,current
impft109kl.pdf,legacy,current
impft110sl.pdf,legacy,current
impft111kl.pdf,legacy,current
impft112sl.pdf,legacy,current
impft113kl.pdf,legacy,current
impft114kl.pdf,legacy,current
impft115kl.pdf,legacy,current
impft116kl.pdf,legacy,current
impft117kl.pdf,legacy,current
impft118kl.pdf,legacy,current
impft119kl.pdf,legacy,current
impft120kl.pdf,legacy,current
impft121kl.pdf,legacy,current
impft122kl.pdf,legacy,current
impft123kl.pdf,legacy,current
impft124kl.pdf,legacy,current
impft125kl.pdf,legacy,current
impft126kl.pdf,legacy,current
impft127kl.pdf,legacy,current
impft128kl.pdf,legacy,current
impft129kl.pdf,legacy,current
impft130kl.pdf,legacy,current
impft131kl.pdf,legacy,current
impft132kl.pdf,legacy,current
impft133kl.pdf,legacy,current
impft134kl.pdf,legacy,current
impft135kl.pdf,legacy,current
impft136kl.pdf,legacy,current
impft137kl.pdf,legacy,current
impft138kl.pdf,legacy,current
impft139kl.pdf,legacy,current
impft140kl.pdf,legacy,current
impft141kl.pdf,legacy,current
impft142kl.pdf,legacy,current
impft143kl.pdf,legacy,current
impft144kl.pdf,legacy,current
impft145kl.pdf,legacy,current
impft147kl.pdf,legacy,current
impft148kl.pdf,legacy,current
impft149kl.pdf,legacy,current
impft150kl.pdf,legacy,current
impft151kl.pdf,legacy,current
impft152kl.pdf,legacy,current
impft153kl.pdf,legacy,current
impft154kl.pdf,legacy,current
impft155kl.pdf,legacy,current
impft156kl.pdf,legacy,current
impft157kl.pdf,legacy,current
impft158kl.pdf,legacy,current
impft159kl.pdf,legacy,current
imphs101sv1l.pdf,legacy,current
imphs103kv1l.pdf,legacy,current
imphs104sv1l.pdf,legacy,current
imphs105kv1l.pdf,legacy,current
imphs201sv1l.pdf,legacy,current
imphs202kv1l.pdf,legacy,current
imphs203sv1l.pdf,legacy,current
imphs204kv1l.pdf,legacy,current
imphs302kv1l.pdf,legacy,current
imphs303sv1l.pdf,legacy,current
imphs304kv1l.pdf,legacy,current
imphs305sv1l.pdf,legacy,current
imphs306kv1l.pdf,legacy,current
imphs307sv1l.pdf,legacy,current
imphs308kv1l.pdf,legacy,current
impqi201sv1l.pdf,legacy,current
impqi202kv1l.pdf,legacy,current
impqi203kv1l.pdf,legacy,current
impqi204kv1l.pdf,legacy,current
impqi205sv1l.pdf,legacy,current
impqi206kv1l.pdf,legacy,current
impqi207kv1l.pdf,legacy,current
impqi208sv1l.pdf,legacy,current
impqi209kv1l.pdf,legacy,current
impqi210sv1l.pdf,legacy,current
impqi211kv1l.pdf,legacy,current
impqi212sv1l.pdf,legacy,current
impqi213kv1l.pdf,legacy,current
impqi214sv1l.pdf,legacy,current
impqi215kv1l.pdf,legacy,current
impqi217kv1l.pdf,legacy,current
impqi218sv1l.pdf,legacy,current
impqi219kv1l.pdf,legacy,current
impqi220sv1l.pdf,legacy,current
impqi221kv1l.pdf,legacy,current
impqi222sv1l.pdf,legacy,current
impqi223kv1.pdf,legacy,current
impqi224sv1l.pdf,legacy,current
impqi225kv1l.pdf,legacy,current
impqi226kv1l.pdf,legacy,current
impqi227sv1l.pdf,legacy,current
impqi228kv1l.pdf,legacy,current
impqi229sv1l.pdf,legacy,current
impqi230kv1l.pdf,legacy,current
impqi231sv1k.pdf,legacy,current
impqi232kv1k.pdf,legacy,current
impqi233sv1l.pdf,legacy,current
impqi234kv1l.pdf,legacy,current
impqi235kv1l.pdf,legacy,current
impqi236sv1l.pdf,legacy,current
impqi237kv1l.pdf,legacy,current
impqi239kv1l.pdf,legacy,current
impqi240l.pdf,legacy,current
impqi240sv1l.pdf,legacy,current
impqi241kv1l.pdf,legacy,current
impqi242sv1l.pdf,legacy,current
impqi243kv1l.pdf,legacy,current
impqi244sv1l.pdf,legacy,current
impqi245kv1l.pdf,legacy,current
impqi246sv1l.pdf,legacy,current
impqi247kv1l.pdf,legacy,current
impqi248sv1l.pdf,legacy,current
impqi249kv1l.pdf,legacy,current
impqi250kv1l.pdf,legacy,current
impqi251kv1l.pdf,legacy,current
impqi252kv1l.pdf,legacy,current
impqi253kv1l.pdf,legacy,current
impqi254kv1l.pdf,legacy,current
impqi255kv1l.pdf,legacy,current
impqi256kv1l.pdf,legacy,current
impqi257kv1l.pdf,legacy,current
impqi258kv1l.pdf,legacy,current
impqi259kv1l.pdf,legacy,current
impqi260sv1l.pdf,legacy,current
impqi261kv1l.pdf,legacy,current
impqi262kv1l.pdf,legacy,current
impqi263sv1l.pdf,legacy,current
impqi264kv1l.pdf,legacy,current
impqi265kv1l.pdf,legacy,current
impqi266sv2l.pdf,legacy,current
impqi267kv1l.pdf,legacy,current
impqi268kv1l.pdf,legacy,current
impqi269sv2l.pdf,legacy,current
impqi270kv1l.pdf,legacy,current
impqi271kv1l.pdf,legacy,current
impqi272sv1l.pdf,legacy,current
impqi273kv1l.pdf,legacy,current
impqi274sv1l.pdf,legacy,current
impqi275kv2l.pdf,legacy,current
impqi276kv1l.pdf,legacy,current
impqi277kv1l.pdf,legacy,current
impqi278kv1l.pdf,legacy,current
impqi279sv1l.pdf,legacy,current
impqi280kv1l.pdf,legacy,current
impqi281sv1kl.pdf,legacy,current
impqi282kv2l.pdf,legacy,current
impqi283kv1l.pdf,legacy,current
impqi284sv1l.pdf,legacy,current
impqi285kv1l.pdf,legacy,current
impqi286kv1l.pdf,legacy,current
impqi287sv1l.pdf,legacy,current
impqi288kv1l.pdf,legacy,current
impqi289sv1l.pdf,legacy,current
impqi290kv1l.pdf,legacy,current
impqi291sv1l.pdf,legacy,current
impqi292kv1l.pdf,legacy,current
impqi293sv1l.pdf,legacy,current
impqi294kv1l.pdf,legacy,current
impqi295sv1l.pdf,legacy,current
impqi296kv1l.pdf,legacy,current
impqi297kv1l.pdf,legacy,current
impqi298kv1l.pdf,legacy,current
impqi299kv1l.pdf,legacy,current
impqi300kv1l.pdf,legacy,current
impqi301kv1l.pdf,legacy,current
impqi302kv1l.pdf,legacy,current
impqi303sv2l.pdf,legacy,current
impqi304kv1l.pdf,legacy,current
impqi305sv1l.pdf,legacy,current
impqi306kv2l.pdf,legacy,current
impqi307sv1l.pdf,legacy,current
impqi308kv1l.pdf,legacy,current
impqi309sv2l.pdf,legacy,current
impqi310sv1l.pdf,legacy,current
impqi311sv1l.pdf,legacy,current
impqi312kv1l.pdf,legacy,current
impqi313sv1l.pdf,legacy,current
impqi314kv1l.pdf,legacy,current
impqi315sv1l.pdf,legacy,current
impqi316kv1l.pdf,legacy,current
impqi317kv1l.pdf,legacy,current
impqi318sv2l.pdf,legacy,current
impqi319kv1l.pdf,legacy,current
impqi320sv1l.pdf,legacy,current
impqi321kv1l.pdf,legacy,current
lanagc1l.pdf,legacy,current
lanagc2l.pdf,legacy,current
lanagc3l.pdf,legacy,current
lanagc4l.pdf,legacy,current
lanagc5l.pdf,legacy,current
lanagc6l.pdf,legacy,current
lanagc7l.pdf,legacy,current
lanagc8l.pdf,legacy,current
lanagc9l.pdf,legacy,current
lanaux6.pdf,legacy,current
lanaux7.pdf,legacy,current
lancs18.pdf,legacy,current
lancs20.pdf,legacy,current
lancs25l.pdf,legacy,current
lancs26l.pdf,legacy,current
lancs31l.pdf,legacy,current
lancs35l.pdf,legacy,current
lancs45l.pdf,legacy,current
lancs57l.pdf,legacy,current
lancs61l.pdf,legacy,current
lancs62l.pdf,legacy,current
lancs63l.pdf,legacy,current
lancs64l.pdf,legacy,current
lancs65l.pdf,legacy,current
lancs66l.pdf,legacy,current
lancs67l.pdf,legacy,current
lancs6l.pdf,legacy,current
lancs78l.pdf,legacy,current
lancs79l.pdf,legacy,current
lancs7l.pdf,legacy,current
lancs8l.pdf,legacy,current
lancu48l.pdf,legacy,current
lancu49l.pdf,legacy,current
lancu50l.pdf,legacy,current
lanenc2l.pdf,legacy,current
laneq101l.pdf,legacy,current
laneq102l.pdf,legacy,current
laneq103l.pdf,legacy,current
laneq104l.pdf,legacy,current
laneq105l.pdf,legacy,current
laneq106l.pdf,legacy,current
laneq107l.pdf,legacy,current
laneq108l.pdf,legacy,current
laneq109l.pdf,legacy,current
laneq110l.pdf,legacy,current
laneq111l.pdf,legacy,current
laneq112l.pdf,legacy,current
laneq113l.pdf,legacy,current
laneq114l.pdf,legacy,current
laneq201l.pdf,legacy,current
laneq202l.pdf,legacy,current
laneq203l.pdf,legacy,current
laneq204l.pdf,legacy,current
laneq205l.pdf,legacy,current
laneq206l.pdf,legacy,current
laneq207l.pdf,legacy,current
laneq208l.pdf,legacy,current
laneq209l.pdf,legacy,current
laneq210l.pdf,legacy,current
laneq211l.pdf,legacy,current
laneq212l.pdf,legacy,current
laneq213l.pdf,legacy,current
laneq214l.pdf,legacy,current
laneq215l.pdf,legacy,current
laneq216l.pdf,legacy,current
laneq217l.pdf,legacy,current
laneq218l.pdf,legacy,current
laneq221l.pdf,legacy,current
laneq222l.pdf,legacy,current
laneq223l.pdf,legacy,current
laneq224l.pdf,legacy,current
laneq225l.pdf,legacy,current
laneq226l.pdf,legacy,current
laneq227l.pdf,legacy,current
laneq228l.pdf,legacy,current
laneq229l.pdf,legacy,current
laneq230l.pdf,legacy,current
laneq231l.pdf,legacy,current
laneq232l.pdf,legacy,current
laneq233l.pdf,legacy,current
laneq234l.pdf,legacy,current
laneq235l.pdf,legacy,current
laneq236l.pdf,legacy,current
laneq237l.pdf,legacy,current
laneq238l.pdf,legacy,current
laneq239l.pdf,legacy,current
laneq240l.pdf,legacy,current
laneq241l.pdf,legacy,current
laneq242l.pdf,legacy,current
laneq243l.pdf,legacy,current
laneq301l.pdf,legacy,current
laneq302l.pdf,legacy,current
laneq303l.pdf,legacy,current
laneq304l.pdf,legacy,current
laneq305l.pdf,legacy,current
laneq306l.pdf,legacy,current
laneq307l.pdf,legacy,current
laneq308l.pdf,legacy,current
laneq309l.pdf,legacy,current
laneq310l.pdf,legacy,current
laneq311l.pdf,legacy,current
laneq312l.pdf,legacy,current
laneq313l.pdf,legacy,current
laneq314l.pdf,legacy,current
laneq315l.pdf,legacy,current
laneq316l.pdf,legacy,current
laneq317l.pdf,legacy,current
laneq318l.pdf,legacy,current
laneq319l.pdf,legacy,current
laneq320l.pdf,legacy,current
laneq321l.pdf,legacy,current
laneq322l.pdf,legacy,current
laneq323l.pdf,legacy,current
laneq324l.pdf,legacy,current
laneq325l.pdf,legacy,current
laneq326l.pdf,legacy,current
laneq327l.pdf,legacy,current
laneq328l.pdf,legacy,current
laneq329l.pdf,legacy,current
laneq331l.pdf,legacy,current
laneq332l.pdf,legacy,current
laneq333l.pdf,legacy,current
laneq334l.pdf,legacy,current
laneq336l.pdf,legacy,current
laneq337l.pdf,legacy,current
laneq338l.pdf,legacy,current
laneq339l.pdf,legacy,current
laneq340l.pdf,legacy,current
laneq341l.pdf,legacy,current
laneq342l.pdf,legacy,current
laneq343l.pdf,legacy,current
laneq345l.pdf,legacy,current
laneq346l.pdf,legacy,current
laneq347l.pdf,legacy,current
laneq401l.pdf,legacy,current
laneq402l.pdf,legacy,current
laneq403l.pdf,legacy,current
laneq404l.pdf,legacy,current
laneq405l.pdf,legacy,current
laneq406l.pdf,legacy,current
laneq407l.pdf,legacy,current
laneq408l.pdf,legacy,current
laneq409l.pdf,legacy,current
laneq410l.pdf,legacy,current
laneq411l.pdf,legacy,current
laneq417l.pdf,legacy,current
laneq419l.pdf,legacy,current
laneq420l.pdf,legacy,current
laneq421l.pdf,legacy,current
laneq422l.pdf,legacy,current
laneq423l.pdf,legacy,current
laneq501l.pdf,legacy,current
laneq502l.pdf,legacy,current
laneq503l.pdf,legacy,current
laneq504l.pdf,legacy,current
laneq505l.pdf,legacy,current
laneq506l.pdf,legacy,current
lanfe10l.pdf,legacy,current
lanfe11l.pdf,legacy,current
lanfe12l.pdf,legacy,current
lanfe13l.pdf,legacy,current
lanfe14l.pdf,legacy,current
lanfe15l.pdf,legacy,current
lanfe16l.pdf,legacy,current
lanfe17l.pdf,legacy,current
lanfe18l.pdf,legacy,current
lanfe19l.pdf,legacy,current
lanfe1l.pdf,legacy,current
lanfe20l.pdf,legacy,current
lanfe21l.pdf,legacy,current
lanfe22l.pdf,legacy,current
lanfe2l.pdf,legacy,current
lanfe3l.pdf,legacy,current
lanfe4l.pdf,legacy,current
lanfe5l.pdf,legacy,current
lanfe6l.pdf,legacy,current
lanfe7l.pdf,legacy,current
lanfe8l.pdf,legacy,current
lanfe9l.pdf,legacy,current
lanfim10l.pdf,legacy,current
lanfim11l.pdf,legacy,current
lanfim12l.pdf,legacy,current
lanfim13l.pdf,legacy,current
lanfim14l.pdf,legacy,current
lanfim15l.pdf,legacy,current
lanfim16l.pdf,legacy,current
lanfim17l.pdf,legacy,current
lanfim18l.pdf,legacy,current
lanfim19l.pdf,legacy,current
lanfim1l.pdf,legacy,current
lanfim20l.pdf,legacy,current
lanfim21l.pdf,legacy,current
lanfim22l.pdf,legacy,current
lanfim23l.pdf,legacy,current
lanfim24l.pdf,legacy,current
lanfim25l.pdf,legacy,current
lanfim26l.pdf,legacy,current
lanfim27l.pdf,legacy,current
lanfim28l.pdf,legacy,current
lanfim29l.pdf,legacy,current
lanfim2l.pdf,legacy,current
lanfim30l.pdf,legacy,current
lanfim31l.pdf,legacy,current
lanfim3l.pdf,legacy,current
lanfim4l.pdf,legacy,current
lanfim5l.pdf,legacy,current
lanfim6l.pdf,legacy,current
lanfim7l.pdf,legacy,current
lanfim8l.pdf,legacy,current
lanfim9l.pdf,legacy,current
langa10v1l.pdf,legacy,current
langa11v1l.pdf,legacy,current
langa12v1l.pdf,legacy,current
langa13.pdf,current,legacy
langa14v1l.pdf,legacy,current
langa15v1l.pdf,legacy,current
langa16l.pdf,legacy,current
langa16v1l.pdf,legacy,current
langa17l.pdf,legacy,current
langa17v1l.pdf,legacy,current
langa18l.pdf,legacy,current
langa18v1.pdf,legacy,current
langa19v1l.pdf,legacy,current
langa1v1l.pdf,legacy,current
langa20v1l.pdf,legacy,current
langa21v1l.pdf,legacy,current
langa22v1l.pdf,legacy,current
langa23v1l.pdf,legacy,current
langa24l.pdf,legacy,current
langa33l.pdf,legacy,current
langa35v1.pdf,legacy,current
langa36v1l.pdf,legacy,current
langa37v1l.pdf,legacy,current
langa38v1.pdf,legacy,current
langa39v1.pdf,legacy,current
langa3v1l.pdf,legacy,current
langa4v1l.pdf,legacy,current
langa5v1l.pdf,legacy,current
langa6v1.pdf,legacy,current
langa7v1.pdf,legacy,current
langa8v1.pdf,legacy,current
langa9v1.pdf,legacy,current
lanh1.pdf,legacy,current
lanh10.pdf,legacy,current
lanh11.pdf,legacy,current
lanh12.pdf,legacy,current
lanh14.pdf,legacy,current
lanh15.pdf,legacy,current
lanh16.pdf,legacy,current
lanh17.pdf,legacy,current
lanh19.pdf,legacy,current
lanh21.pdf,legacy,current
lanh22.pdf,legacy,current
lanh23.pdf,legacy,current
lanh28.pdf,legacy,current
lanh29.pdf,legacy,current
lanh3.pdf,legacy,current
lanh30.pdf,legacy,current
lanh31.pdf,legacy,current
lanh32.pdf,legacy,current
lanh33.pdf,legacy,current
lanh34.pdf,legacy,current
lanh35.pdf,legacy,current
lanh36.pdf,legacy,current
lanh37.pdf,legacy,current
lanh39.pdf,legacy,current
lanh49.pdf,legacy,current
lanh4v2.pdf,legacy,current
lanh5.pdf,legacy,current
lanh50.pdf,legacy,current
lanh51.pdf,legacy,current
lanh52.pdf,legacy,current
lanh53.pdf,legacy,empty
lanh54.pdf,legacy,current
lanh55.pdf,legacy,current
lanh56.pdf,legacy,current
lanh57.pdf,legacy,current
lanh58.pdf,legacy,current
lanh59.pdf,legacy,current
lanh6.pdf,legacy,current
lanh62.pdf,legacy,current
lanh63.pdf,legacy,current
lanh7.pdf,legacy,current
lanh8.pdf,legacy,current
lanh9.pdf,legacy,current
lanleo10l.pdf,legacy,current
lanleo11l.pdf,legacy,current
lanleo12l.pdf,legacy,current
lanleo13l.pdf,legacy,current
lanleo14l.pdf,legacy,current
lanleo15l.pdf,legacy,current
lanleo16l.pdf,legacy,current
lanleo17l.pdf,legacy,current
lanleo18l.pdf,legacy,current
lanleo19l.pdf,legacy,current
lanleo1l.pdf,legacy,current
lanleo20l.pdf,legacy,current
lanleo21l.pdf,legacy,current
lanleo22l.pdf,legacy,current
lanleo23l.pdf,legacy,current
lanleo24l.pdf,legacy,current
lanleo25l.pdf,legacy,current
lanleo26l.pdf,legacy,current
lanleo27l.pdf,legacy,current
lanleo28l.pdf,legacy,current
lanleo29l.pdf,legacy,current
lanleo2l.pdf,legacy,current
lanleo30l.pdf,legacy,current
lanleo31l.pdf,legacy,current
lanleo3l.pdf,legacy,current
lanleo4l.pdf,legacy,current
lanleo5l.pdf,legacy,current
lanleo6l.pdf,legacy,current
lanleo7l.pdf,legacy,current
lanleo8l.pdf,legacy,current
lanleo9l.pdf,legacy,current
lanlp10l.pdf,legacy,current
lanlp11l.pdf,legacy,current
lanlp12l.pdf,legacy,current
lanlp13l.pdf,legacy,current
lanlp14l.pdf,legacy,current
lanlp15l.pdf,legacy,current
lanlp16l.pdf,legacy,current
lanlp17l.pdf,legacy,current
lanlp18l.pdf,legacy,current
lanlp19l.pdf,legacy,current
lanlp1l.pdf,legacy,current
lanlp20l.pdf,legacy,current
lanlp21l.pdf,legacy,current
lanlp22l.pdf,legacy,current
lanlp23l.pdf,legacy,current
lanlp24l.pdf,legacy,current
lanlp25l.pdf,legacy,current
lanlp26l.pdf,legacy,current
lanlp27l.pdf,legacy,current
lanlp28l.pdf,legacy,current
lanlp29l.pdf,legacy,current
lanlp2l.pdf,legacy,current
lanlp30l.pdf,legacy,current
lanlp31l.pdf,legacy,current
lanlp32l.pdf,legacy,current
lanlp33l.pdf,legacy,current
lanlp34l.pdf,legacy,current
lanlp35l.pdf,legacy,current
lanlp36l.pdf,legacy,current
lanlp37l.pdf,legacy,current
lanlp38l.pdf,legacy,current
lanlp39l.pdf,legacy,current
lanlp3l.pdf,legacy,current
lanlp40l.pdf,legacy,current
lanlp41l.pdf,legacy,current
lanlp42l.pdf,legacy,current
lanlp4l.pdf,legacy,current
lanlp5l.pdf,legacy,current
lanlp6l.pdf,legacy,current
lanlp7l.pdf,legacy,current
lanlp8l.pdf,legacy,current
lanlp9l.pdf,legacy,current
lanrvn27.pdf,legacy,current
lanrvn28.pdf,legacy,current
lanrvn29.pdf,legacy,current
lanrvn30.pdf,legacy,current
lanrvn31.pdf,legacy,current
lantw10l.pdf,legacy,current
lantw11l.pdf,legacy,current
lantw12l.pdf,legacy,current
lantw13l.pdf,legacy,current
lantw14l.pdf,legacy,current
lantw15l.pdf,legacy,current
lantw16l.pdf,legacy,current
lantw17l.pdf,legacy,current
lantw18l.pdf,legacy,current
lantw19l.pdf,legacy,current
lantw1l.pdf,legacy,current
lantw20l.pdf,legacy,current
lantw21l.pdf,legacy,current
lantw22l.pdf,legacy,current
lantw23l.pdf,legacy,current
lantw24l.pdf,legacy,current
lantw25l.pdf,legacy,current
lantw26l.pdf,legacy,current
lantw27l.pdf,legacy,current
lantw28l.pdf,legacy,current
lantw29l.pdf,legacy,current
lantw2l.pdf,legacy,current
lantw30l.pdf,legacy,current
lantw31l.pdf,legacy,current
lantw32l.pdf,legacy,current
lantw33l.pdf,legacy,current
lantw34l.pdf,legacy,current
lantw35l.pdf,legacy,current
lantw36l.pdf,legacy,current
lantw37l.pdf,legacy,current
lantw38l.pdf,legacy,current
lantw39l.pdf,legacy,current
lantw3l.pdf,legacy,current
lantw40l.pdf,legacy,current
lantw41l.pdf,legacy,current
lantw42l.pdf,legacy,current
lantw43l.pdf,legacy,current
lantw44l.pdf,legacy,current
lantw45l.pdf,legacy,current
lantw46l.pdf,legacy,current
lantw47l.pdf,legacy,current
lantw48l.pdf,legacy,current
lantw49l.pdf,legacy,current
lantw4l.pdf,legacy,current
lantw50l.pdf,legacy,current
lantw51l.pdf,legacy,current
lantw52l.pdf,legacy,current
lantw53l.pdf,legacy,current
lantw54l.pdf,legacy,current
lantw55l.pdf,legacy,current
lantw56l.pdf,legacy,current
lantw57l.pdf,legacy,current
lantw58l.pdf,legacy,current
lantw59l.pdf,legacy,current
lantw5l.pdf,legacy,current
lantw60l.pdf,legacy,current
lantw61l.pdf,legacy,current
lantw62l.pdf,legacy,current
lantw63l.pdf,legacy,current
lantw64l.pdf,legacy,current
lantw65l.pdf,legacy,current
lantw66l.pdf,legacy,current
lantw67l.pdf,legacy,current
lantw68l.pdf,legacy,current
lantw69l.pdf,legacy,current
lantw6l.pdf,legacy,current
lantw70l.pdf,legacy,current
lantw71l.pdf,legacy,current
lantw72l.pdf,legacy,current
lantw73l.pdf,legacy,current
lantw74l.pdf,legacy,current
lantw75l.pdf,legacy,current
lantw7l.pdf,legacy,current
lantw8l.pdf,legacy,current
lantw9l.pdf,legacy,current
lsi cm04.pdf,current,empty
lsi cm09.pdf,current,empty
manoeuvre the tanker in restricted spaces legacy.pdf,legacy,current
mpqmg12.pdf,current,empty
mpqmg24.pdf,current,empty
mpqmg25.pdf,current,empty
mpqmg26.pdf,current,empty
mpqmg34.pdf,current,empty
mpqmg48.pdf,current,empty
mpqmg54.pdf,current,empty
mpqpl386.pdf,current,empty
mpqpl388.pdf,current,empty
mpqpl389.pdf,current,empty
mpqpl390.pdf,current,empty
mpqpl391.pdf,current,empty
mpqpl392.pdf,current,empty
mpqpl393.pdf,current,empty
mpqpl394.pdf,current,empty
mpqpl397.pdf,current,empty
mpqpl399.pdf,current,empty
mpqvg18.pdf,current,empty
mpqvg19.pdf,current,empty
mpqvg20.pdf,current,empty
msae21l.pdf,legacy,current
msae22l.pdf,legacy,current
msae23l.pdf,legacy,current
msae24l.pdf,legacy,current
obtain information on the collection and delivery of liquids and powders legacy.pdf,legacy,current
operate and monitor the tanker systems legacy.pdf,legacy,current
plan the route and timings for the collection or delivery of multidrop loads legacy.pdf,legacy,current
ppl 1pr28l.pdf,legacy,current
ppl 2gen9l.pdf,legacy,current
ppl 2pr19l.pdf,legacy,current
ppl1bs1l.pdf,legacy,current
ppl1bs2l.pdf,legacy,current
ppl1fc1l.pdf,legacy,current
ppl1foh10l.pdf,legacy,current
ppl1foh1l.pdf,legacy,current
ppl1foh2l.pdf,legacy,current
ppl1foh3l.pdf,legacy,current
ppl1foh4l.pdf,legacy,current
ppl1foh5l.pdf,legacy,current
ppl1foh6l.pdf,legacy,current
ppl1foh7l.pdf,legacy,current
ppl1foh8l.pdf,legacy,current
ppl1foh9l.pdf,legacy,current
ppl1fp1l.pdf,legacy,current
ppl1fp2l.pdf,legacy,current
ppl1fpc1l.pdf,legacy,current
ppl1fpc2l.pdf,legacy,current
ppl1fpc3l.pdf,legacy,current
ppl1fpc4l.pdf,legacy,current
ppl1fpc5l.pdf,legacy,current
ppl1fpc6l.pdf,legacy,current
ppl1fpc7l.pdf,legacy,current
ppl1fpc8l.pdf,legacy,current
ppl1fpc9l.pdf,legacy,current
ppl1fs1l.pdf,legacy,current
ppl1fs2l.pdf,legacy,current
ppl1fs3l.pdf,legacy,current
ppl1fs409l.pdf,legacy,current
ppl1fs5l.pdf,legacy,current
ppl1fs6l.pdf,legacy,current
ppl1gen109l.pdf,legacy,current
ppl1gen3l.pdf,legacy,current
ppl1gen409l.pdf,legacy,current
ppl1gen5l.pdf,legacy,current
ppl1gen6l.pdf,legacy,current
ppl1gen7l.pdf,legacy,current
ppl1hk1l.pdf,legacy,current
ppl1hk2l.pdf,legacy,current
ppl1hk3l.pdf,legacy,current
ppl1hk4l.pdf,legacy,current
ppl1pc1l.pdf,legacy,current
ppl1pr10l.pdf,legacy,current
ppl1pr1l.pdf,legacy,current
ppl1pr23l.pdf,legacy,current
ppl1pr26l.pdf,legacy,current
ppl2bs6l.pdf,legacy,current
ppl2bs8l.pdf,legacy,current
ppl2fc1l.pdf,legacy,current
ppl2fc2l.pdf,legacy,current
ppl2fc3l.pdf,legacy,current
ppl2fc4l.pdf,legacy,current
ppl2fc5l.pdf,legacy,current
ppl2fc6l.pdf,legacy,current
ppl2fc7l.pdf,legacy,current
ppl2foh10l.pdf,legacy,current
ppl2foh11l.pdf,legacy,current
ppl2foh1l.pdf,legacy,current
ppl2foh2l.pdf,legacy,current
ppl2foh3l.pdf,legacy,current
ppl2foh4l.pdf,legacy,current
ppl2foh5l.pdf,legacy,current
ppl2foh6l.pdf,legacy,current
ppl2foh7l.pdf,legacy,current
ppl2foh8l.pdf,legacy,current
ppl2foh9l.pdf,legacy,current
ppl2fp1l.pdf,legacy,current
ppl2fp2l.pdf,legacy,current
ppl2fp3l.pdf,legacy,current
ppl2fp4l.pdf,legacy,current
ppl2fp5l.pdf,legacy,current
ppl2fp6l.pdf,legacy,current
ppl2fp7l.pdf,legacy,current
ppl2fp8l.pdf,legacy,current
ppl2fp9l.pdf,legacy,current
ppl2fpc10l.pdf,legacy,current
ppl2fpc11l.pdf,legacy,current
ppl2fpc12l.pdf,legacy,current
ppl2fpc14l.pdf,legacy,current
ppl2fpc15l.pdf,legacy,current
ppl2fpc16l.pdf,legacy,current
ppl2fpc17l.pdf,legacy,current
ppl2fpc18l.pdf,legacy,current
ppl2fpc1l.pdf,legacy,current
ppl2fpc2l.pdf,legacy,current
ppl2fpc4l.pdf,legacy,current
ppl2fpc5l.pdf,legacy,current
ppl2fpc6l.pdf,legacy,current
ppl2fpc7l.pdf,legacy,current
ppl2fpc8l.pdf,legacy,current
ppl2fpc9l.pdf,legacy,current
ppl2fs1l.pdf,legacy,current
ppl2fs2l.pdf,legacy,current
ppl2fs3l.pdf,legacy,current
ppl2fs4l.pdf,legacy,current
ppl2fs509l.pdf,legacy,current
ppl2gen110l.pdf,legacy,current
ppl2gen2l.pdf,legacy,current
ppl2gen309l.pdf,legacy,current
ppl2gen5l.pdf,legacy,current
ppl2gen6l.pdf,legacy,current
ppl2gen7l.pdf,legacy,current
ppl2gen8l.pdf,legacy,current
ppl2hk1l.pdf,legacy,current
ppl2hk2l.pdf,legacy,current
ppl2hk3l.pdf,legacy,current
ppl2hk4l.pdf,legacy,current
ppl2hk5l.pdf,legacy,current
ppl2hk6l.pdf,legacy,current
ppl2hk7l.pdf,legacy,current
ppl2pc1l.pdf,legacy,current
ppl2pc2l.pdf,legacy,current
ppl2pr11l.pdf,legacy,current
ppl2pr12l.pdf,legacy,current
ppl2pr13l.pdf,legacy,current
ppl2pr14l.pdf,legacy,current
ppl2pr15l.pdf,legacy,current
ppl2pr16l.pdf,legacy,current
ppl2pr17l.pdf,legacy,current
ppl2pr1l.pdf,legacy,current
ppl2pr21l.pdf,legacy,current
ppl2pr22l.pdf,legacy,current
ppl2pr24l.pdf,legacy,current
ppl2pr25l.pdf,legacy,current
ppl2pr27l.pdf,legacy,current
ppl2pr2l.pdf,legacy,current
ppl2pr3l.pdf,legacy,current
ppl2pr4l.pdf,legacy,current
ppl2pr5l.pdf,legacy,current
ppl2pr6l.pdf,legacy,current
ppl2pr7l.pdf,legacy,current
ppl2pr8l.pdf,legacy,current
ppl2pr9l.pdf,legacy,current
ppl3fc1l.pdf,legacy,current
ppl3fc2l.pdf,legacy,current
ppl3fc3l.pdf,legacy,current
ppl3fc4l.pdf,legacy,current
ppl3fc5l.pdf,legacy,current
ppl3fc6l.pdf,legacy,current
ppl3fp1l.pdf,legacy,current
ppl3fp2l.pdf,legacy,current
ppl3fp3l.pdf,legacy,current
ppl3fp4l.pdf,legacy,current
ppl3fp5l.pdf,legacy,current
ppl3fpc10l.pdf,legacy,current
ppl3fpc11l.pdf,legacy,current
ppl3fpc12l.pdf,legacy,current
ppl3fpc13l.pdf,legacy,current
ppl3fpc14l.pdf,legacy,current
ppl3fpc1l.pdf,legacy,current
ppl3fpc2l.pdf,legacy,current
ppl3fpc3l.pdf,legacy,current
ppl3fpc4l.pdf,legacy,current
ppl3fpc5l.pdf,legacy,current
ppl3fpc6l.pdf,legacy,current
ppl3fpc7l.pdf,legacy,current
ppl3fpc8l.pdf,legacy,current
ppl3fpc9l.pdf,legacy,current
pplhsl12l.pdf,legacy,current
pplhsl13l.pdf,legacy,current
pplhsl14l.pdf,legacy,current
pplhsl15l.pdf,legacy,current
pplhsl16l.pdf,legacy,current
pplhsl17l.pdf,legacy,current
pplhsl18l.pdf,legacy,current
pplhsl1l.pdf,legacy,current
pplhsl20l.pdf,legacy,current
pplhsl21l.pdf,legacy,current
pplhsl22l.pdf,legacy,current
pplhsl23l.pdf,legacy,current
pplhsl24l.pdf,legacy,current
pplhsl25l.pdf,legacy,current
pplhsl26l.pdf,legacy,current
pplhsl28l.pdf,legacy,current
pplhsl29l.pdf,legacy,current
pplhsl2l.pdf,legacy,current
pplhsl30l.pdf,legacy,current
pplhsl31l.pdf,legacy,current
pplhsl3l.pdf,legacy,current
pplhsl4l.pdf,legacy,current
pplhsl5l.pdf,legacy,current
pplhsl6l.pdf,legacy,current
pplhsl7l.pdf,legacy,current
pplhsl8l.pdf,legacy,current
pplhsl9l.pdf,legacy,current
pplpcvd01l.pdf,legacy,current
pplpcvd02l.pdf,legacy,current
pplpcvd03l.pdf,legacy,current
pplpcvd04l.pdf,legacy,current
pplpcvd05l.pdf,legacy,current
pplpcvd06l.pdf,legacy,current
pplpcvd08l.pdf,legacy,current
pplpcvd09l.pdf,legacy,current
pplpcvd11l.pdf,legacy,current
pplpcvd12l.pdf,legacy,current
pplpcvd13l.pdf,legacy,current
pplpcvd14l.pdf,legacy,current
pplpcvd15l.pdf,legacy,current
pplpcvd16l.pdf,legacy,current
pplpcvd17l.pdf,legacy,current
pplpcvd18l.pdf,legacy,current
pplrep01l.pdf,legacy,current
pplrep02l.pdf,legacy,current
pplrep03l.pdf,legacy,current
pplrep04l.pdf,legacy,current
pplrep05l.pdf,legacy,current
pplrep06l.pdf,legacy,current
pplrep07l.pdf,legacy,current
pplrep08l.pdf,legacy,current
pplrep09l.pdf,legacy,current
pplrep10l.pdf,legacy,current
pplrep11l.pdf,legacy,current
pplrep12l.pdf,legacy,current
pplrep13l.pdf,legacy,current
pplrep14l.pdf,legacy,current
pplrep15l.pdf,legacy,current
pplrep16l.pdf,legacy,current
pplrep17l.pdf,legacy,current
pplrep18l.pdf,legacy,current
pplrep19l.pdf,legacy,current
pplrep20l.pdf,legacy,current
pplrep21l.pdf,legacy,current
pplrep22l.pdf,legacy,current
pplrep23l.pdf,legacy,current
pplrep24l.pdf,legacy,current
pplrep25l.pdf,legacy,current
pplrep26l.pdf,legacy,current
pplrep27l.pdf,legacy,current
pplrep28l.pdf,legacy,current
pplrep29l.pdf,legacy,current
pplrep30l.pdf,legacy,current
pplrep31l.pdf,legacy,current
pplrep32l.pdf,legacy,current
pplrep33l.pdf,legacy,current
pplrep34l.pdf,legacy,current
pplrep35l.pdf,legacy,current
prepare the tanker for driving legacy.pdf,legacy,current
proawo01l.pdf,legacy,current
proawo02l.pdf,legacy,current
proawo03l.pdf,legacy,current
proawo04l.pdf,legacy,current
proawo05l.pdf,legacy,current
proawo07l.pdf,legacy,current
proawo08l.pdf,legacy,current
proawo09l.pdf,legacy,current
proawo10l.pdf,legacy,current
proawo11l.pdf,legacy,current
proawo13l.pdf,legacy,current
proawo14l.pdf,legacy,current
proawo21l.pdf,legacy,current
proawo22l.pdf,legacy,current
proawo29l.pdf,legacy,current
proawo30l.pdf,legacy,current
proew04l.pdf,legacy,current
proew05l.pdf,legacy,current
proew06l.pdf,legacy,current
proew07l.pdf,legacy,current
proew08l.pdf,legacy,current
proew09l.pdf,legacy,current
proew11l.pdf,legacy,current
proff11l.pdf,legacy,current
proff12l.pdf,legacy,current
proffi105l.pdf,legacy,current
proffi204l.pdf,legacy,current
proffi206l.pdf,legacy,current
proffi207l.pdf,legacy,current
proffi219l.pdf,legacy,current
proffi220l.pdf,legacy,current
proffi221l.pdf,legacy,current
proffi236l.pdf,legacy,current
proffi239l.pdf,legacy,current
proffi248l.pdf,legacy,current
proffi303l.pdf,legacy,current
proffi305l.pdf,legacy,current
proffi319l.pdf,legacy,current
proffi370l.pdf,legacy,current
proffi373l.pdf,legacy,current
profm02l.pdf,legacy,current
profm03l.pdf,legacy,current
profsb01l.pdf,legacy,current
profsb02l.pdf,legacy,current
profsb03l.pdf,legacy,current
profsb04l.pdf,legacy,current
profsb05l.pdf,legacy,current
profsb06l.pdf,legacy,current
profsb07l.pdf,legacy,current
profsb08l.pdf,legacy,current
profsb09l.pdf,legacy,current
profsb10l.pdf,legacy,current
profsb11l.pdf,legacy,current
profsb12l.pdf,legacy,current
profsb13l.pdf,legacy,current
progm10.pdf,current,empty
propa11.pdf,current,empty
propbpo8.pdf,current,empty
propm4l.pdf,legacy,current
protect the tanker and the load legacy.pdf,legacy,current
prousf10l.pdf,legacy,current
provide help customers who need to return goods as part of multi drop activities legacy.pdf,legacy,current
prowpf01l.pdf,legacy,current
prowpf02l.pdf,legacy,current
prowpf03l.pdf,legacy,current
prowpf04l.pdf,legacy,current
prowpf05l.pdf,legacy,current
prowpf10l.pdf,legacy,current
prowpf12l.pdf,legacy,current
prowpf13l.pdf,legacy,current
prowpf14l.pdf,legacy,current
prowpf15l.pdf,legacy,current
prowpf16l.pdf,legacy,current
prowpf17l.pdf,legacy,current
prowpf19l.pdf,legacy,current
prowpf20l.pdf,legacy,current
prowpf26l.pdf,legacy,current
prowpm02l.pdf,legacy,current
prowpm04l.pdf,legacy,current
prowpm06l.pdf,legacy,current
prowpm08l.pdf,legacy,current
prowpm11l.pdf,legacy,current
prowpm15l.pdf,legacy,current
prowpm19l.pdf,legacy,current
prowpm23l.pdf,legacy,current
prowpm32l.pdf,legacy,current
prowtm02l.pdf,legacy,current
prowtm03l.pdf,legacy,current
prowtm04l.pdf,legacy,current
prowtm05l.pdf,legacy,current
prowtm06l.pdf,legacy,current
prowtm07l.pdf,legacy,current
prowtm08l.pdf,legacy,current
prowtm09l.pdf,legacy,current
prowtm10l.pdf,legacy,current
prowtm11l.pdf,legacy,current
prowtm12l.pdf,legacy,current
prowtm14l.pdf,legacy,current
psa1 receive and process new member records.pdf,legacy,current
psa10 process pension assets on divorce.pdf,legacy,current
psa11 process pension scheme complaints and disputes.pdf,legacy,current
psa12 provide information on request from a pension scheme member or members representative.pdf,legacy,current
psa13 maintain pension scheme records using updating processes.pdf,legacy,current
psa14 provide pension scheme information to relevant bodies.pdf,legacy,current
psa2 process pension scheme individual transfers in.pdf,legacy,current
psa3 process pension scheme contributions and transactions.pdf,legacy,current
psa4 process applications for pension scheme additional contributions.pdf,legacy,current
psa5 process pension scheme early leavers notifications.pdf,legacy,current
psa6 process applications for pension scheme transfers out.pdf,legacy,current
psa7 quote on defined benefit and defined contribution pension scheme retirement benefits.pdf,legacy,current
psa8 process defined benefit and defined contribution pension scheme retirement benefits.pdf,legacy,current
psa9 process pension scheme death benefits.pdf,legacy,current
scdhsc3115.pdf,current,empty
semae3350.pdf,current,empty
semae3351.pdf,current,empty
semae3352.pdf,current,empty
semae3353.pdf,current,empty
semae3354.pdf,current,empty
semae3356.pdf,current,empty
semae3357.pdf,current,empty
semae3358.pdf,current,empty
semae3359.pdf,current,empty
semae3360.pdf,current,empty
semae3361.pdf,current,empty
semeng303.pdf,current,empty
semms08.pdf,current,empty
semms10.pdf,current,empty
semms11.pdf,current,empty
semms12.pdf,current,empty
sfhab3l.pdf,legacy,current
sfhad4l.pdf,legacy,current
sfhag3l.pdf,legacy,current
sfhah9l.pdf,legacy,current
sfhaj1l.pdf,legacy,current
sfhaj2l.pdf,legacy,current
sfhchs105.pdf,current,empty
sfhpharm01l.pdf,legacy,current
sfhpharm02l.pdf,legacy,current
sfhpharm03l.pdf,legacy,current
sfhpharm04l.pdf,legacy,current
sfhpharm05l.pdf,legacy,current
sfhpharm07l.pdf,legacy,current
sfhpharm08l.pdf,legacy,current
sfhpharm09l.pdf,legacy,current
sfhpharm10l.pdf,legacy,current
sfhpharm11l.pdf,legacy,current
sfhpharm12l.pdf,legacy,current
sfhpharm13l.pdf,legacy,current
sfhpharm14l.pdf,legacy,current
sfhpharm15l.pdf,legacy,current
sfhpharm16l.pdf,legacy,current
sfhpharm17l.pdf,legacy,current
sfhpharm18l.pdf,legacy,current
sfhpharm19l.pdf,legacy,current
sfhpharm20l.pdf,legacy,current
sfhpharm21l.pdf,legacy,current
sfhpharm22l.pdf,legacy,current
sfhpharm23l.pdf,legacy,current
sfhpharm24l.pdf,legacy,current
sfhpharm25l.pdf,legacy,current
sfhpharm26l.pdf,legacy,current
sfhpharm27l.pdf,legacy,current
sfhpharm28l.pdf,legacy,current
sfhpharm29l.pdf,legacy,current
sfhpharm30l.pdf,legacy,current
sfhpharm31l.pdf,legacy,current
sfhpharm32l.pdf,legacy,current
sfj6.13.8.pdf,current,empty
sfjccae1l.pdf,legacy,current
sfjccck4l.pdf,legacy,current
sfjccck5l.pdf,legacy,current
sfjccde4.1l.pdf,legacy,current
sfjccfb1l.pdf,legacy,current
sfjccfb2l.pdf,legacy,current
sfjccfc1l.pdf,legacy,current
sfjccfd1l.pdf,legacy,current
sfjccfd2l.pdf,legacy,current
sfjccfe2l.pdf,legacy,current
sfjccfe3l.pdf,legacy,current
sfjccff1l.pdf,legacy,current
sfjccff2l.pdf,legacy,current
sfjccff4l.pdf,legacy,current
sfjccfg1l.pdf,legacy,current
sfjccfg3l.pdf,legacy,current
sfjccfg4l.pdf,legacy,current
sfjccfg7l.pdf,legacy,current
sfjccfh1l.pdf,legacy,current
sfjccfh2l.pdf,legacy,current
sfjccfi2l.pdf,legacy,current
sfjccga3l.pdf,legacy,current
sfjccgc5l.pdf,legacy,current
sfjccgc6l.pdf,legacy,current
sfjccgc8l.pdf,legacy,current
sfjccgd2l.pdf,legacy,current
sfjcchf16l.pdf,legacy,current
sfjccza3l.pdf,legacy,current
sfjcczb3l.pdf,legacy,current
sfjcczh2l.pdf,legacy,current
sfjcczj1l.pdf,legacy,current
sfjcczj2l.pdf,legacy,current
sfjcczj3l.pdf,legacy,current
sfjcczj4l.pdf,legacy,current
sfjgm1l.pdf,legacy,current
sfjgm2l.pdf,legacy,current
sfjhf14l.pdf,legacy,current
sfjhf18l.pdf,legacy,current
sfjhf19l.pdf,legacy,current
sfjhf23l.pdf,legacy,current
sfjhg1l.pdf,legacy,current
sfjhg4l.pdf,legacy,current
sfjhi1l.pdf,legacy,current
sfjrm4.pdf,current,legacy
sfl11l.pdf,legacy,current
sfl12l.pdf,legacy,current
sfl132l.pdf,legacy,current
sfl153l.pdf,legacy,current
sfl15l.pdf,legacy,current
sfl218.pdf,current,empty
sfl21l.pdf,legacy,current
sfl224l.pdf,legacy,current
sfl230l.pdf,legacy,current
sfl231l.pdf,legacy,current
sfl45l.pdf,legacy,current
sfl46l.pdf,legacy,current
sfl47l.pdf,legacy,current
sfl48l.pdf,legacy,current
sfl49l.pdf,legacy,current
sfl52l.pdf,legacy,current
sfl53l.pdf,legacy,current
sfl54l.pdf,legacy,current
sflbw1l.pdf,legacy,current
sflbw2l.pdf,legacy,current
sflbw3l.pdf,legacy,current
sflbw4l.pdf,legacy,current
sflbw5l.pdf,legacy,current
sflbw6l.pdf,legacy,current
sflcdg12l.pdf,legacy,current
sfldgv10l.pdf,legacy,current
sfldgv1l.pdf,legacy,current
sfldgv2l.pdf,legacy,current
sfldgv3l.pdf,legacy,current
sfldgv4l.pdf,legacy,current
sfldgv5l.pdf,legacy,current
sfldgv6l.pdf,legacy,current
sfldgv7l.pdf,legacy,current
sfldgv8l.pdf,legacy,current
sfldgv9l.pdf,legacy,current
sflgdp1l.pdf,legacy,current
sflgdp2l.pdf,legacy,current
sflgdp3l.pdf,legacy,current
sflgdp4l.pdf,legacy,current
sflgdp5l.pdf,legacy,current
sflgdp6 l.pdf,legacy,current
sflgdp7l.pdf,legacy,current
sflgdp8l.pdf,legacy,current
sflgdp9l.pdf,legacy,current
sflitlo3l.pdf,legacy,current
sflitlo58l.pdf,legacy,current
sflitlo59l.pdf,legacy,current
sflitlo60l.pdf,legacy,current
sflitlo61l.pdf,legacy,current
sflitlo62l.pdf,legacy,current
sflitlo63l.pdf,legacy,current
sflitlo64l.pdf,legacy,current
sflitlo65l.pdf,legacy,current
sflitlo66l.pdf,legacy,current
sflitlo67l.pdf,legacy,current
sflitlo68l.pdf,legacy,current
sflitlo69l.pdf,legacy,current
sflitlo7.pdf,legacy,current
sflitlo70l.pdf,legacy,current
sflitlo72l.pdf,legacy,current
sfllo11l.pdf,legacy,current
sfllo12l.pdf,legacy,current
sfllo15l.pdf,legacy,current
sfllo35l.pdf,legacy,current
sfllo36l.pdf,legacy,current
sfllo37l.pdf,legacy,current
sfllo38l.pdf,legacy,current
sfllo39l.pdf,legacy,current
sfllo40l.pdf,legacy,current
sfllo41l.pdf,legacy,current
sflms140l.pdf,legacy,current
sflms141l.pdf,legacy,current
sflms142l.pdf,legacy,current
sflms143l.pdf,legacy,current
sflms144l.pdf,legacy,current
sflms145l.pdf,legacy,current
sflms146l.pdf,legacy,current
sflms147l.pdf,legacy,current
sflms148l.pdf,legacy,current
sflms149l.pdf,legacy,current
sflms150l.pdf,legacy,current
sflms151l.pdf,legacy,current
sflolc1l.pdf,legacy,current
sflolc2l.pdf,legacy,current
sflolc3l.pdf,legacy,current
sflolc4l.pdf,legacy,current
sflolc5l.pdf,legacy,current
sflolc6l.pdf,legacy,current
sflolc7l.pdf,legacy,current
sflolc8l.pdf,legacy,current
sflscm100l.pdf,legacy,current
sflscm101l.pdf,legacy,current
sflscm102l.pdf,legacy,current
sflscm103l.pdf,legacy,current
sflscm104l.pdf,legacy,current
sflscm105l.pdf,legacy,current
sflscm106l.pdf,legacy,current
sflscm107l.pdf,legacy,current
sflscm108l.pdf,legacy,current
sflscm109l.pdf,legacy,current
sflscm110l.pdf,legacy,current
sflscm111l.pdf,legacy,current
sflscm112l.pdf,legacy,current
sflscm113l.pdf,legacy,current
sflscm114l.pdf,legacy,current
sflscm115l.pdf,legacy,current
sflscm116l.pdf,legacy,current
sflscm117l.pdf,legacy,current
sflscm118l.pdf,legacy,current
sflscm119l.pdf,legacy,current
sflscm120l.pdf,legacy,current
sflscm121l.pdf,legacy,current
sflscm122l.pdf,legacy,current
sflscm123l.pdf,legacy,current
sflscm124l.pdf,legacy,current
sflscm125l.pdf,legacy,current
sflscm126l.pdf,legacy,current
sflscm127l.pdf,legacy,current
sflscm128l.pdf,legacy,current
sflscm129l.pdf,legacy,current
sflscm130l.pdf,legacy,current
sflscm131l.pdf,legacy,current
sflscm132l.pdf,legacy,current
sflscm133l.pdf,legacy,current
sflscm134l.pdf,legacy,current
sflscm76l.pdf,legacy,current
sflscm77l.pdf,legacy,current
sflscm78l.pdf,legacy,current
sflscm79l.pdf,legacy,current
sflscm80l.pdf,legacy,current
sflscm81l.pdf,legacy,current
sflscm82l.pdf,legacy,current
sflscm83l.pdf,legacy,current
sflscm84l.pdf,legacy,current
sflscm85l.pdf,legacy,current
sflscm86l.pdf,legacy,current
sflscm87l.pdf,legacy,current
sflscm88l.pdf,legacy,current
sflscm89l.pdf,legacy,current
sflscm90l.pdf,legacy,current
sflscm91l.pdf,legacy,current
sflscm92l.pdf,legacy,current
sflscm93l.pdf,legacy,current
sflscm94l.pdf,legacy,current
sflscm95l.pdf,legacy,current
sflscm96l.pdf,legacy,current
sflscm97l.pdf,legacy,current
sflscm98l.pdf,legacy,current
sflscm99l.pdf,legacy,current
sflto11l.pdf,legacy,current
sflto12l.pdf,legacy,current
sflto15l.pdf,legacy,current
sflto46l.pdf,legacy,current
sflto47l.pdf,legacy,current
sflto48l.pdf,legacy,current
sflto49l.pdf,legacy,current
sflto52l.pdf,legacy,current
sflto53l.pdf,legacy,current
sflto54l.pdf,legacy,current
sflws16l.pdf,legacy,current
sflws17l.pdf,legacy,current
sflws18l.pdf,legacy,current
sflws19l.pdf,legacy,current
sflws20l.pdf,legacy,current
sflws21l.pdf,legacy,current
sflws22l.pdf,legacy,current
sflws23l.pdf,legacy,current
sflws24l.pdf,legacy,current
sflws25l.pdf,legacy,current
sflws26l.pdf,legacy,current
sflws27l.pdf,legacy,current
sflws28l.pdf,legacy,current
sflws29l.pdf,legacy,current
sflws30l.pdf,legacy,current
sflws31l.pdf,legacy,current
sflws32l.pdf,legacy,current
sflws33l.pdf,legacy,current
sflws34l.pdf,legacy,current
sfs14.pdf,legacy,current
sfs15.pdf,current,legacy
sfs16.pdf,legacy,current
sfs17.pdf,legacy,current
sfs4.pdf,legacy,current
sfs5.pdf,legacy,current
sfs6.pdf,legacy,current
sfsctv10l.pdf,legacy,current
sfsctv11l.pdf,legacy,current
sfsctv12l.pdf,legacy,current
sfsctv13l.pdf,legacy,current
sfsctv1l.pdf,legacy,current
sfsctv2l.pdf,legacy,current
sfsctv5l.pdf,legacy,current
sfsctv6l.pdf,legacy,current
sfsctv7l.pdf,legacy,current
sfsctv8l.pdf,legacy,current
sfsctv9l.pdf,legacy,current
sfsinv10l.pdf,legacy,current
sfsinv11l.pdf,legacy,current
sfsinv12l.pdf,legacy,current
sfsinv2l.pdf,legacy,current
sfsinv3l.pdf,legacy,current
sfsinv4l.pdf,legacy,current
sfsinv5l.pdf,legacy,current
sfsinv6l.pdf,legacy,current
sfsinv7l.pdf,legacy,current
sfsinv8l.pdf,legacy,current
sfskr50l.pdf,legacy,current
sfskr51l.pdf,legacy,current
sfskr52l.pdf,legacy,current
sfskr53l.pdf,legacy,current
sfskr54l.pdf,legacy,current
sfsmfp1l.pdf,legacy,current
sfsmfp2l.pdf,legacy,current
sfsmfp3l.pdf,legacy,current
sfsmfp4l.pdf,legacy,current
sfsmfp5l.pdf,legacy,current
sfsmfp6l.pdf,legacy,current
sfsmfp7l.pdf,legacy,current
sfsslp10l.pdf,legacy,current
sfsslp11l.pdf,legacy,current
sfsslp12l.pdf,legacy,current
sfsslp13l.pdf,legacy,current
sfsslp15l.pdf,legacy,current
sfsslp16l.pdf,legacy,current
sfsslp17l.pdf,legacy,current
sfsslp22l.pdf,legacy,current
sfsslp27l.pdf,legacy,current
sfsslp4l.pdf,legacy,current
sfsslp6l.pdf,legacy,current
sfsslp7l.pdf,legacy,current
sfsslp8l.pdf,legacy,current
sfsslp9l.pdf,legacy,current
skaa214l.pdf,legacy,current
skabt27l.pdf,legacy,current
skabt28l.pdf,legacy,current
skabt29l.pdf,legacy,current
skabt30l.pdf,legacy,current
skabt31l.pdf,legacy,current
skabt32l.pdf,legacy,current
skabt33l.pdf,legacy,current
skabt34l.pdf,legacy,current
skabt35l.pdf,legacy,current
skac19l.pdf,legacy,current
skac25l.pdf,legacy,current
skad210l.pdf,legacy,current
sksanim13.pdf,legacy,current
sksanim5.pdf,legacy,current
sksanim8.pdf,legacy,current
sksfdt1.pdf,current,empty
sksg18.pdf,legacy,current
sksg8l.pdf,legacy,current
sksgc1.pdf,legacy,current
sksgc2.pdf,legacy,current
sksgi1.pdf,legacy,current
sksgi2.pdf,legacy,current
sksgi3.pdf,legacy,current
sksgr1.pdf,legacy,current
sksgr2.pdf,legacy,current
sksgr3.pdf,legacy,current
sksgw1.pdf,legacy,current
sksgw2.pdf,legacy,current
sksgw3.pdf,legacy,current
sksgw5.pdf,legacy,current
sksgw6.pdf,legacy,current
skshm1.pdf,current,empty
skshm10.pdf,current,empty
skshm11.pdf,current,empty
skshm12.pdf,current,empty
skshm13.pdf,current,empty
skshm2.pdf,current,empty
skshm3.pdf,current,empty
skshm4.pdf,current,empty
skshm5.pdf,current,empty
skshm6.pdf,current,empty
skshm7.pdf,current,empty
skshm8.pdf,current,empty
skshm9.pdf,current,empty
skslf1.pdf,legacy,current
skspp01.pdf,legacy,current
skspp02.pdf,legacy,current
skspp03.pdf,legacy,current
skspp04.pdf,legacy,current
skspp05.pdf,legacy,current
skspp06.pdf,legacy,current
skspp07.pdf,legacy,current
skspp08.pdf,legacy,current
skspp09.pdf,legacy,current
skspp12.pdf,legacy,current
skspp13.pdf,legacy,current
skspp15.pdf,legacy,current
skspp16.pdf,legacy,current
skspp17.pdf,legacy,current
skspp18.pdf,legacy,current
skspp19.pdf,legacy,current
skspp21.pdf,legacy,current
skspp22.pdf,legacy,current
skspp25.pdf,legacy,current
sksrc10v1l.pdf,legacy,current
sksrc11v1l.pdf,legacy,current
sksrc12v1l.pdf,legacy,current
sksrc13v1l.pdf,legacy,current
sksrc14v1l.pdf,legacy,current
sksrc15v1l.pdf,legacy,current
sksrc16v1l.pdf,legacy,current
sksrc17v1l.pdf,legacy,current
sksrc18v1l.pdf,legacy,current
sksrc19v1l.pdf,legacy,current
sksrc1v1l.pdf,legacy,current
sksrc21v1l.pdf,legacy,current
sksrc22v1l.pdf,legacy,current
sksrc23v1l.pdf,legacy,current
sksrc24v1l.pdf,legacy,current
sksrc25v1l.pdf,legacy,current
sksrc27v1l.pdf,legacy,current
sksrc28v1l.pdf,legacy,current
sksrc29v1l.pdf,legacy,current
sksrc30v1l.pdf,legacy,current
sksrc31v1l.pdf,legacy,current
sksrc3v1l.pdf,legacy,current
sksrc4v1l.pdf,legacy,current
sksrc5v1l.pdf,legacy,current
sksrc6v1l.pdf,legacy,current
sksrc7v1l.pdf,legacy,current
sksrc8v1l.pdf,legacy,current
sksrc9v1l.pdf,legacy,current
skss14.pdf,legacy,current
skss15.pdf,legacy,current
ssra001l.pdf,legacy,current
ssra002l.pdf,legacy,current
ssra003l.pdf,legacy,current
ssra004l.pdf,legacy,current
ssra005l.pdf,legacy,current
ssra006l.pdf,legacy,current
ssra401l.pdf,legacy,current
ssra402l.pdf,legacy,current
ssra403l.pdf,legacy,current
ssra404l.pdf,legacy,current
ssra405l.pdf,legacy,current
ssra406l.pdf,legacy,current
ssrb001l.pdf,legacy,current
ssrb002l.pdf,legacy,current
ssrb003l.pdf,legacy,current
ssrb005l.pdf,legacy,current
ssrb006l.pdf,legacy,current
ssrb101l.pdf,legacy,current
ssrb102l.pdf,legacy,current
ssrb103l.pdf,legacy,current
ssrb104l.pdf,legacy,current
ssrb105l.pdf,legacy,current
ssrb201l.pdf,legacy,current
ssrb202l.pdf,legacy,current
ssrb203l.pdf,legacy,current
ssrb204l.pdf,legacy,current
ssrb205l.pdf,legacy,current
ssrb206l.pdf,legacy,current
ssrb207l.pdf,legacy,current
ssrb208l.pdf,legacy,current
ssrb209l.pdf,legacy,current
ssrb210l.pdf,legacy,current
ssrb212l.pdf,legacy,current
ssrb220l.pdf,legacy,current
ssrb221l.pdf,legacy,current
ssrb224l.pdf,legacy,current
ssrb225l.pdf,legacy,current
ssrb226l.pdf,legacy,current
ssrb227l.pdf,legacy,current
ssrb228l.pdf,legacy,current
ssrb235l.pdf,legacy,current
ssrb238l.pdf,legacy,current
ssrb239l.pdf,legacy,current
ssrb240l.pdf,legacy,current
ssrb243l.pdf,legacy,current
ssrb244l.pdf,legacy,current
ssrb245l.pdf,legacy,current
ssrb246l.pdf,legacy,current
ssrb247l.pdf,legacy,current
ssrb248l.pdf,legacy,current
ssrb301l.pdf,legacy,current
ssrb302l.pdf,legacy,current
ssrb303l.pdf,legacy,current
ssrb304l.pdf,legacy,current
ssrb305l.pdf,legacy,current
ssrb306l.pdf,legacy,current
ssrb307l.pdf,legacy,current
ssrb308l.pdf,legacy,current
ssrb401l.pdf,legacy,current
ssrb402l.pdf,legacy,current
ssrb403l.pdf,legacy,current
ssrb404l.pdf,legacy,current
ssrb405l.pdf,legacy,current
ssrb406l.pdf,legacy,current
ssrb407l.pdf,legacy,current
ssrb408l.pdf,legacy,current
ssrb409l.pdf,legacy,current
ssrb410l.pdf,legacy,current
ssrb411l.pdf,legacy,current
ssrb412l.pdf,legacy,current
ssrb413l.pdf,legacy,current
ssrb414l.pdf,legacy,current
ssrb415l.pdf,legacy,current
ssrb416l.pdf,legacy,current
ssrc001l.pdf,legacy,current
ssrc002l.pdf,legacy,current
ssrc003l.pdf,legacy,current
ssrc101l.pdf,legacy,current
ssrc201l.pdf,legacy,current
ssrc202l.pdf,legacy,current
ssrc203l.pdf,legacy,current
ssrc204l.pdf,legacy,current
ssrc205l.pdf,legacy,current
ssrc206l.pdf,legacy,current
ssrc207l.pdf,legacy,current
ssrc208l.pdf,legacy,current
ssrc209l.pdf,legacy,current
ssrc213l.pdf,legacy,current
ssrc214l.pdf,legacy,current
ssrc215l.pdf,legacy,current
ssrc216l.pdf,legacy,current
ssrc217l.pdf,legacy,current
ssrc218l.pdf,legacy,current
ssrc220l.pdf,legacy,current
ssrc221l.pdf,legacy,current
ssrc222l.pdf,legacy,current
ssrc223l.pdf,legacy,current
ssrc230l.pdf,legacy,current
ssrc231l.pdf,legacy,current
ssrc232l.pdf,legacy,current
ssrc233l.pdf,legacy,current
ssrc234l.pdf,legacy,current
ssrc235l.pdf,legacy,current
ssrc236l.pdf,legacy,current
ssrc237l.pdf,legacy,current
ssrc238l.pdf,legacy,current
ssrc239l.pdf,legacy,current
ssrc240l.pdf,legacy,current
ssrc241l.pdf,legacy,current
ssrc242l.pdf,legacy,current
ssrc243l.pdf,legacy,current
ssrc244l.pdf,legacy,current
ssrc250l.pdf,legacy,current
ssrc251l.pdf,legacy,current
ssrc252l.pdf,legacy,current
ssrc253l.pdf,legacy,current
ssrc254l.pdf,legacy,current
ssrc260l.pdf,legacy,current
ssrc262l.pdf,legacy,current
ssrc263l.pdf,legacy,current
ssrc264l.pdf,legacy,current
ssrc266l.pdf,legacy,current
ssrc267l.pdf,legacy,current
ssrc268l.pdf,legacy,current
ssrc269l.pdf,legacy,current
ssrc270l.pdf,legacy,current
ssrc271l.pdf,legacy,current
ssrc272l.pdf,legacy,current
ssrc273l.pdf,legacy,current
ssrc274l.pdf,legacy,current
ssrc275l.pdf,legacy,current
ssrc276l.pdf,legacy,current
ssrc277l.pdf,legacy,current
ssrc278l.pdf,legacy,current
ssrc279l.pdf,legacy,current
ssrc280l.pdf,legacy,current
ssrc301l.pdf,legacy,current
ssrc302l.pdf,legacy,current
ssrc303l.pdf,legacy,current
ssrc306l.pdf,legacy,current
ssrc307l.pdf,legacy,current
ssrc308l.pdf,legacy,current
ssrc309l.pdf,legacy,current
ssrc310l.pdf,legacy,current
ssrc311l.pdf,legacy,current
ssrc312l.pdf,legacy,current
ssrc313l.pdf,legacy,current
ssrc314l.pdf,legacy,current
ssrc315l.pdf,legacy,current
ssrc316l.pdf,legacy,current
ssrc330l.pdf,legacy,current
ssrc331l.pdf,legacy,current
ssrc332l.pdf,legacy,current
ssrc333l.pdf,legacy,current
ssrc334l.pdf,legacy,current
ssrc335l.pdf,legacy,current
ssrc336l.pdf,legacy,current
ssrc337l.pdf,legacy,current
ssrc338l.pdf,legacy,current
ssrc339l.pdf,legacy,current
ssrc340l.pdf,legacy,current
ssrc341l.pdf,legacy,current
ssrc342l.pdf,legacy,current
ssrc355l.pdf,legacy,current
ssrc356l.pdf,legacy,current
ssrc401l.pdf,legacy,current
ssrc402l.pdf,legacy,current
ssrc403l.pdf,legacy,current
ssrc411l.pdf,legacy,current
ssrc412l.pdf,legacy,current
ssrd001l.pdf,legacy,current
ssrd002l.pdf,legacy,current
ssrd003l.pdf,legacy,current
ssrd004l.pdf,legacy,current
ssrd005l.pdf,legacy,current
ssre001l.pdf,legacy,current
ssre002l.pdf,legacy,current
ssre003l.pdf,legacy,current
ssre004l.pdf,legacy,current
ssre005l.pdf,legacy,current
ssre101l.pdf,legacy,current
ssre102l.pdf,legacy,current
ssre103l.pdf,legacy,current
ssre104l.pdf,legacy,current
ssre105l.pdf,legacy,current
ssre106l.pdf,legacy,current
ssre107l.pdf,legacy,current
ssre108l.pdf,legacy,current
ssre109l.pdf,legacy,current
ssre205l.pdf,legacy,current
ssre206l.pdf,legacy,current
ssre207l.pdf,legacy,current
ssre208l.pdf,legacy,current
ssre209l.pdf,legacy,current
ssre210l.pdf,legacy,current
ssre211l.pdf,legacy,current
ssre212l.pdf,legacy,current
ssre301l.pdf,legacy,current
ssre302l.pdf,legacy,current
ssre303l.pdf,legacy,current
ssre305l.pdf,legacy,current
ssre306l.pdf,legacy,current
ssre307l.pdf,legacy,current
ssre308l.pdf,legacy,current
ssre309l.pdf,legacy,current
ssre314l.pdf,legacy,current
ssre315l.pdf,legacy,current
ssre335l.pdf,legacy,current
ssre336l.pdf,legacy,current
ssre337l.pdf,legacy,current
ssre338l.pdf,legacy,current
ssre401l.pdf,legacy,current
ssre402l.pdf,legacy,current
ssre403l.pdf,legacy,current
ssre433l.pdf,legacy,current
ssre434l.pdf,legacy,current
ssrf001l.pdf,legacy,current
ssrf002l.pdf,legacy,current
ssrf003l.pdf,legacy,current
ssrf004l.pdf,legacy,current
ssrg001l.pdf,legacy,current
ssrg002l.pdf,legacy,current
ssrg003l.pdf,legacy,current
ssrmcr01l.pdf,legacy,current
ssrmcr02l.pdf,legacy,current
ssrmcr03l.pdf,legacy,current
ssrmcr04l.pdf,legacy,current
ssrmcr05l.pdf,legacy,current
ssrmcr06l.pdf,legacy,current
ssrmcr07l.pdf,legacy,current
ssrmcr08l.pdf,legacy,current
ssrmcr09l.pdf,legacy,current
ssrmcr10l.pdf,legacy,current
ssrmcr11l.pdf,legacy,current
ssrmcr12l.pdf,legacy,current
ssrmcr13l.pdf,legacy,current
ssrmcr14l.pdf,legacy,current
sumbse01l.pdf,legacy,current
sumbse02l.pdf,legacy,current
sumbse03l.pdf,legacy,current
sumees10l.pdf,legacy,current
sumees11l.pdf,legacy,current
sumees12l.pdf,legacy,current
sumees13l.pdf,legacy,current
sumees14l.pdf,legacy,current
sumees15l.pdf,legacy,current
sumees16l.pdf,legacy,current
sumees17l.pdf,legacy,current
sumees18l.pdf,legacy,current
sumees19l.pdf,legacy,current
sumees20l.pdf,legacy,current
sumees21l.pdf,legacy,current
sumees22l.pdf,legacy,current
sumees23l.pdf,legacy,current
sumees24l.pdf,legacy,current
sumees25l.pdf,legacy,current
sumees26l.pdf,legacy,current
sumees27l.pdf,legacy,current
sumees28l.pdf,legacy,current
sumees29l.pdf,legacy,current
sumees2l.pdf,legacy,current
sumees30l.pdf,legacy,current
sumees31l.pdf,legacy,current
sumees3l.pdf,legacy,current
sumees7l.pdf,legacy,current
sumees8l.pdf,legacy,current
sumees9l.pdf,legacy,current
sumeid01l.pdf,legacy,current
sumeid02l.pdf,legacy,current
sumeid04l.pdf,legacy,current
sumeid05l.pdf,legacy,current
sumeid06l.pdf,legacy,current
sumet04l.pdf,legacy,current
sumet05l.pdf,legacy,current
sumet06l.pdf,legacy,current
sumet07l.pdf,legacy,current
sumet08l.pdf,legacy,current
sumet09l.pdf,legacy,current
sumetpm201l.pdf,legacy,current
sumetpm202l.pdf,legacy,current
sumetpm203l.pdf,legacy,current
sumetpm204l.pdf,legacy,current
sumetpm205l.pdf,legacy,current
sumetpm206l.pdf,legacy,current
sumets10l`.pdf,legacy,current
sumets11l.pdf,legacy,current
sumets12l.pdf,legacy,current
sumets13l.pdf,legacy,current
sumets14l.pdf,legacy,current
sumets15l.pdf,legacy,current
sumets16l.pdf,legacy,current
sumets17l.pdf,legacy,current
sumets18l.pdf,legacy,current
sumets19l.pdf,legacy,current
sumets20l.pdf,legacy,current
sumets21l.pdf,legacy,current
sumets22l.pdf,legacy,current
sumets23l.pdf,legacy,current
sumets24l.pdf,legacy,current
sumets25l.pdf,legacy,current
sumets26l.pdf,legacy,current
sumets27l.pdf,legacy,current
sumets28l.pdf,legacy,current
sumets29l.pdf,legacy,current
sumets2l.pdf,legacy,current
sumets30l.pdf,legacy,current
sumets31l.pdf,legacy,current
sumets32l.pdf,legacy,current
sumets33l.pdf,legacy,current
sumets9l.pdf,legacy,current
sumhv06l.pdf,legacy,current
sumhv09l.pdf,legacy,current
summes10l.pdf,legacy,current
summes11l.pdf,legacy,current
summes12l.pdf,legacy,current
summes13l.pdf,legacy,current
summes14l.pdf,legacy,current
summes15l.pdf,legacy,current
summes16l.pdf,legacy,current
summes17l.pdf,legacy,current
summes18l.pdf,legacy,current
summes19l.pdf,legacy,current
summes1l.pdf,legacy,current
summes20l.pdf,legacy,current
summes21l.pdf,legacy,current
summes22l.pdf,legacy,current
summes23l.pdf,legacy,current
summes24l.pdf,legacy,current
summes25l.pdf,legacy,current
summes27l.pdf,legacy,current
summes28l.pdf,legacy,current
summes29l.pdf,legacy,current
summes2l.pdf,legacy,current
summes30l.pdf,legacy,current
summes31l.pdf,legacy,current
summes32l.pdf,legacy,current
summes33l.pdf,legacy,current
summes4l.pdf,legacy,current
summes5l.pdf,legacy,current
summes6l.pdf,legacy,current
summes7l.pdf,legacy,current
summes8l.pdf,legacy,current
summes9l.pdf,legacy,current
sumph04l.pdf,legacy,current
sumph05l.pdf,legacy,current
sumph06l.pdf,legacy,current
sumph07l.pdf,legacy,current
sumph08l.pdf,legacy,current
sumph09l.pdf,legacy,current
sumsst1l.pdf,legacy,current
sumsst2l.pdf,legacy,current
sumsst3l.pdf,legacy,current
sumsst4l.pdf,legacy,current
sumsst5l.pdf,legacy,current
sumsst6l.pdf,legacy,current
sumsst7l.pdf,legacy,current
sumsst8l.pdf,legacy,current
sumsste10l.pdf,legacy,current
sumsste11l.pdf,legacy,current
sumsste12l.pdf,legacy,current
sumsste1l.pdf,legacy,current
sumsste2l.pdf,legacy,current
sumsste3l.pdf,legacy,current
sumsste4l.pdf,legacy,current
sumsste5l.pdf,legacy,current
sumsste6l.pdf,legacy,current
sumsste7l.pdf,legacy,current
sumsste8l.pdf,legacy,current
sumsste9l.pdf,legacy,current
